Fecha,Hora,ACO,AJU,ATI,AZC,CAM,CCA,CES,MON,CHO,COY,CUA,CUT,FAC,HGM,IZT,LAG,LLA,LPR,MER,NEZ,PED,PLA,SAG,SFE,SJA,SUR,TAC,TAH,TAX,TEC,TLA,TLI,TPN,UAX,UIZ,VIF,XAL,
01-01-2014,1,9,,9,,5,,,0,2,3,4,2,6,,1,,,,1,2,,,3,2,2,2,,3,,,9,1,1,1,,7,2,
01-01-2014,2,9,,8,,6,,,3,2,1,4,2,4,,,,,,1,3,,,3,,2,3,,5,,,9,2,1,1,,5,2,
01-01-2014,3,9,,3,,3,,,1,2,1,4,4,2,,2,,,,1,3,,,3,1,2,2,,3,,,6,2,1,2,4,4,3,
01-01-2014,4,8,,1,,2,,,0,2,1,4,2,2,,3,,,,1,3,,,3,1,2,3,,3,,,2,2,2,2,4,5,3,
01-01-2014,5,6,,1,,2,,,1,2,1,4,2,3,,2,,,,1,2,,,3,1,2,4,,2,,,1,2,1,2,4,4,3,
01-01-2014,6,4,,1,,1,,,0,2,1,5,2,2,,2,,,,2,1,1,,3,1,2,3,,3,,,2,1,2,2,3,5,3,
01-01-2014,7,4,,0,,2,,,0,2,1,3,2,1,,2,,,,1,2,1,,3,2,2,2,,2,,,2,1,2,1,2,5,3,
01-01-2014,8,4,,2,,2,,,0,2,1,2,3,1,,1,,,,1,2,2,,3,1,3,2,,2,,,2,2,2,1,3,5,2,
01-01-2014,9,9,,5,,2,,,3,3,2,5,5,3,,3,,,,3,5,2,,5,3,4,3,,3,,,3,4,4,3,5,6,4,
01-01-2014,10,21,,10,,6,,,13,7,6,10,9,5,,6,,,,6,13,5,,11,7,9,5,,5,,,7,10,6,9,12,12,9,
01-01-2014,11,,,15,,21,,,29,18,11,18,19,12,,18,,,,20,26,16,,31,20,23,12,,18,,,22,25,11,21,27,32,27,
01-01-2014,12,,,35,,39,,,48,38,32,36,43,31,,38,,,,38,51,32,,46,40,39,31,,43,,,41,41,21,38,49,46,43,
01-01-2014,13,51,,56,,49,,,58,40,58,58,63,58,,65,,,,57,66,56,,58,64,57,65,,64,,,57,57,48,55,75,52,53,
01-01-2014,14,56,,55,,58,,,48,36,75,79,72,63,,77,,,,75,72,69,,62,75,69,82,,65,,,59,55,65,67,81,60,60,
01-01-2014,15,62,,56,,66,,,47,38,72,84,71,68,,67,,,,75,57,71,,65,81,69,77,,61,,,65,60,66,52,72,66,63,
01-01-2014,16,57,,58,,64,,,45,40,54,81,71,70,,57,,,,64,47,57,,57,78,55,56,,53,,,64,63,54,45,58,71,57,
01-01-2014,17,49,,59,,51,,,44,42,47,51,69,68,,44,,,,45,48,53,,36,72,38,48,,51,,,60,62,39,41,51,73,41,
01-01-2014,18,41,,49,,37,,,43,36,36,41,58,73,,33,,,,28,33,44,,30,41,33,39,,51,,,36,45,34,36,43,49,36,
01-01-2014,19,38,,27,,25,,,38,23,20,33,29,50,,23,,,,17,14,27,,24,32,18,24,,47,,,20,35,33,30,34,28,26,
01-01-2014,20,34,,22,,15,,,34,16,10,30,30,20,,16,,,,11,12,21,,18,27,5,12,,27,,,19,23,30,25,29,42,23,
01-01-2014,21,27,,15,,5,,,35,15,6,29,28,15,,10,,,,3,8,12,,15,25,4,10,,17,,,15,19,24,11,14,23,17,
01-01-2014,22,23,,11,,5,,,37,15,3,26,22,19,,1,,,,1,6,9,,13,21,3,3,,5,,,15,19,11,7,5,18,13,
01-01-2014,23,15,,11,,6,,,34,5,4,21,19,17,,1,,,,1,8,8,,18,7,2,3,,3,,,8,13,16,7,4,7,8,
01-01-2014,24,,,14,,4,,,26,15,5,18,,16,,4,,,,2,8,7,,11,13,2,2,,5,,,3,6,15,2,3,2,,
02-01-2014,1,,,15,,2,,,6,2,1,20,,12,,5,,,,2,2,10,,8,19,2,2,,6,,,2,10,11,4,3,2,,
02-01-2014,2,,,16,,1,,,5,3,1,20,1,12,,1,,,,1,1,7,,3,17,3,2,,10,,,1,4,14,6,3,2,,
02-01-2014,3,,,21,,3,,,3,2,1,27,1,17,,1,,,,1,2,13,,4,18,2,1,,3,,,4,9,14,9,6,1,,
02-01-2014,4,,,19,,6,,,6,2,1,18,1,15,,3,,,,3,3,18,,4,19,5,1,,7,,,4,9,16,6,6,2,,
02-01-2014,5,6,,16,,3,,,1,2,1,15,1,10,,1,,,,2,2,20,,4,20,4,4,,6,,,3,4,15,8,4,1,2,
02-01-2014,6,5,,3,,1,,,0,1,2,7,1,6,,1,,,,1,1,15,,4,11,2,2,,3,,,1,3,15,4,2,1,2,
02-01-2014,7,3,,0,,1,,,0,2,1,2,1,2,,1,,,,1,2,12,,2,2,2,1,,6,,,1,1,9,2,2,1,2,
02-01-2014,8,2,,1,,1,,,1,2,1,1,1,1,,1,,,,2,2,4,,2,3,2,1,,5,,,1,1,8,1,2,3,2,
02-01-2014,9,6,,2,,2,,,1,2,3,3,2,2,,2,,,,2,4,3,,4,6,4,4,,3,,,3,2,14,5,4,3,4,
02-01-2014,10,19,,10,,4,,,13,7,8,12,8,5,,7,,,,7,12,8,,8,10,10,11,,12,,,6,3,17,10,10,7,6,
02-01-2014,11,30,,19,,8,,,33,20,13,24,20,10,,14,,,,9,31,14,,15,24,15,19,,31,,,7,14,16,22,20,22,9,
02-01-2014,12,39,,22,,26,,,44,28,22,27,36,24,,20,,,,17,36,23,,33,26,26,26,,41,,,25,26,23,29,35,35,27,
02-01-2014,13,46,,36,,36,,,47,44,26,36,35,34,,30,,,,35,46,24,,39,28,42,33,,50,,,38,39,26,27,40,41,32,
02-01-2014,14,47,,40,,43,,,45,49,47,42,32,46,,47,,,,44,51,34,,43,42,45,42,,59,,,43,39,29,42,53,43,36,
02-01-2014,15,44,,28,,27,,,46,48,50,38,29,30,38,44,,,,38,48,48,,44,40,44,55,,64,,,25,31,41,47,52,36,31,
02-01-2014,16,36,,22,,19,,,37,47,23,36,26,19,20,23,,,,17,39,26,,26,31,28,33,,54,,,14,23,38,35,38,27,29,
02-01-2014,17,28,,19,,17,,,32,32,23,26,14,21,20,27,,,,19,23,23,,20,28,26,25,,,,,14,18,25,23,24,21,25,
02-01-2014,18,27,,12,,8,,,25,17,11,22,15,13,10,11,,,,12,12,10,,12,17,18,14,,,,,8,14,14,12,12,18,20,
02-01-2014,19,25,,9,,7,,,22,5,3,14,15,8,5,7,,,,5,6,6,,6,9,11,5,,8,,,8,12,8,7,7,16,18,
02-01-2014,20,25,,9,,9,,,15,6,5,16,8,12,6,4,,,,3,9,7,,12,12,10,3,,3,,,9,11,7,2,6,18,16,
02-01-2014,21,23,,7,,10,,,18,8,8,17,12,13,9,8,,,,6,8,10,,14,15,15,7,,6,,,9,9,10,6,9,15,19,
02-01-2014,22,18,,11,,10,,,17,7,6,17,11,14,8,8,,,,8,6,10,,8,14,14,7,,12,,,8,8,11,5,11,15,17,
02-01-2014,23,19,,12,,8,,,15,7,4,18,6,14,6,7,,,,9,8,10,,11,15,15,6,,10,,,7,9,12,6,12,13,17,
02-01-2014,24,20,,14,,9,,,17,8,6,18,5,16,7,10,,,,8,10,11,,10,15,15,7,,,,,7,13,11,,14,14,16,
03-01-2014,1,19,,14,,11,,,15,10,7,17,7,17,8,7,,,,6,13,12,,15,15,16,8,,9,,,12,16,12,,15,17,18,
03-01-2014,2,19,,14,,12,,,16,11,8,18,16,17,11,9,,,,8,17,13,,17,16,19,10,,9,,,13,17,12,,16,18,18,
03-01-2014,3,19,,16,,14,,,15,13,8,17,15,19,10,13,,,,9,17,12,,18,15,19,8,,13,,,15,18,13,,17,20,15,
03-01-2014,4,19,,16,,15,,,14,10,8,17,16,18,9,10,,,,10,17,16,,21,16,19,14,,13,,,18,20,12,,15,21,12,
03-01-2014,5,19,,14,,16,,,14,5,14,16,16,19,10,11,,,,10,17,16,,22,14,18,13,,13,,,18,19,15,,16,21,12,
03-01-2014,6,19,,10,,10,,,14,6,9,11,15,14,10,10,,,,8,15,15,,17,13,16,12,,13,,,,16,12,11,12,21,4,
03-01-2014,7,17,,8,,4,,,12,4,5,10,12,13,3,5,,,,2,10,7,,11,8,9,9,,8,,,11,14,9,6,4,18,3,
03-01-2014,8,16,,3,,3,,,8,2,1,6,6,5,1,2,,,,1,7,5,,11,4,8,3,,3,,,6,13,5,2,3,16,4,
03-01-2014,9,18,,4,,5,,,10,5,4,5,7,6,2,4,,,,3,7,6,,8,2,9,4,,6,,,4,10,4,3,6,16,5,
03-01-2014,10,19,,6,,7,,,15,11,7,4,13,11,8,9,,,,7,13,7,,9,4,9,10,,9,,,8,13,7,8,11,20,8,
03-01-2014,11,23,,12,,14,,,21,18,13,6,18,17,12,17,,,,14,20,11,,18,8,15,18,,19,,,14,16,9,15,19,24,15,
03-01-2014,12,30,,25,,22,,,30,25,20,10,25,22,20,25,,,,20,28,16,,28,16,25,23,,30,,,21,24,10,25,31,29,25,
03-01-2014,13,40,,36,,31,,,39,34,34,24,29,31,33,38,,,,32,42,25,,42,31,35,32,,40,,,30,30,19,36,44,41,36,
03-01-2014,14,54,,42,,43,,,47,41,55,41,38,49,44,53,,,,41,63,36,,52,42,46,48,,53,,,37,46,31,51,56,57,47,
03-01-2014,15,57,,40,,51,,,60,48,68,40,51,50,56,64,,,,49,77,43,,60,50,53,60,,64,,,38,56,29,56,74,69,56,
03-01-2014,16,59,,37,,37,,,72,46,50,31,56,25,33,47,,,,35,70,41,,58,32,44,56,,68,,,36,47,36,47,63,77,41,
03-01-2014,17,64,,34,,26,,,65,44,47,25,51,22,27,33,,,,24,37,43,,37,34,30,61,,53,,,29,38,33,46,38,63,25,
03-01-2014,18,37,,33,,10,,,52,37,52,37,48,12,9,36,,,,11,37,40,,26,42,19,43,,41,,,15,22,,36,52,50,15,
03-01-2014,19,35,,10,,2,,,30,31,18,12,16,14,2,6,,,,4,25,11,,15,7,4,5,,47,,,3,6,18,11,19,36,3,
03-01-2014,20,19,,17,,1,,,25,18,1,8,2,1,0,2,,,,3,12,1,,6,2,2,7,,33,,,1,1,16,3,2,21,2,
03-01-2014,21,10,,17,,1,,,24,8,0,2,1,1,0,1,,,,1,2,2,,10,8,2,2,,12,,,2,2,19,3,6,12,5,
03-01-2014,22,6,,11,,1,,,20,10,0,2,1,1,0,1,,,,1,4,8,,4,17,2,2,,13,,,1,0,19,2,5,2,10,
03-01-2014,23,8,,7,,1,,,20,2,1,10,1,3,0,1,,,,1,1,14,,9,15,2,2,,8,,,1,1,16,2,2,2,3,
03-01-2014,24,5,,13,,1,,,20,2,1,3,1,3,1,1,,,,1,1,14,,4,16,2,2,,12,,,1,1,16,1,2,2,2,
04-01-2014,1,5,,18,,2,,,1,2,1,12,1,2,1,1,,,,1,1,16,,2,18,2,2,,2,,,1,0,14,1,2,1,2,
04-01-2014,2,2,,13,,2,,,0,2,2,10,1,2,0,1,,,,1,1,17,,2,22,2,2,,10,,,1,0,15,1,2,1,2,
04-01-2014,3,2,,13,,2,,,0,2,1,14,0,4,0,1,,,,1,1,18,,2,20,2,1,,4,,,1,1,17,1,2,1,2,
04-01-2014,4,2,,6,,2,,,0,2,1,14,1,5,0,1,,,,1,1,16,,2,17,2,2,,5,,,1,1,20,2,2,1,2,
04-01-2014,5,2,,2,,1,,,0,2,1,10,0,1,0,1,,,,1,1,15,,2,19,2,2,,4,,,1,1,19,2,2,2,2,
04-01-2014,6,2,,1,,1,,,0,2,1,15,0,3,0,1,,,,1,1,16,,2,14,2,2,,6,,,2,1,13,2,2,2,2,
04-01-2014,7,2,,0,,2,,,0,2,1,8,0,1,0,1,,,,1,1,8,,2,10,2,2,,6,,,1,0,12,1,2,2,2,
04-01-2014,8,3,,0,,1,,,1,2,1,5,1,1,0,1,,,,2,2,5,,2,7,2,2,,3,,,1,1,13,1,2,2,2,
04-01-2014,9,6,,4,,3,,,2,3,3,13,2,2,2,5,,,,3,3,9,,3,9,3,5,,6,,,3,1,15,5,7,5,3,
04-01-2014,10,15,,15,,6,,,13,9,10,20,6,8,9,12,,,,8,8,13,,11,28,8,12,,15,,,13,7,14,14,13,10,11,
04-01-2014,11,34,,24,,19,,,38,23,25,29,21,25,24,25,,,,19,26,28,,29,31,23,26,,36,,,24,20,23,30,30,28,24,
04-01-2014,12,50,,34,,37,,,47,31,46,31,43,36,36,46,,,,41,54,46,,47,45,45,53,,56,,,33,36,41,52,51,46,44,
04-01-2014,13,52,,42,,48,,,49,39,61,35,51,53,54,61,,,,56,63,55,,49,46,51,67,,53,,,44,45,49,56,68,48,49,
04-01-2014,14,64,,50,,61,,,59,49,72,42,58,61,68,73,,,,64,73,62,,69,43,63,75,,60,,,55,49,60,64,81,56,54,
04-01-2014,15,73,,62,,65,,,66,56,76,54,63,65,74,77,,,,73,88,68,,80,54,71,81,,66,,,61,54,61,71,94,66,64,
04-01-2014,16,70,,55,,72,,,74,61,81,57,62,70,77,83,,,,63,91,74,,87,60,75,88,,74,,,68,57,61,75,99,72,73,
04-01-2014,17,71,,47,,67,,,79,52,78,47,48,64,76,77,,,,76,85,74,,80,52,76,85,,77,,,61,48,45,74,92,67,59,
04-01-2014,18,60,,35,,47,,,87,47,57,38,35,45,61,64,,,,58,74,39,,58,38,61,62,,77,,,37,43,33,49,75,44,44,
04-01-2014,19,30,,21,,12,,,53,35,20,27,23,23,25,31,,,,25,36,24,,20,20,31,29,,56,,,17,15,29,27,51,19,25,
04-01-2014,20,15,,6,,3,,,35,13,5,19,8,5,6,8,,,,12,29,16,,16,5,11,10,,22,,,5,7,19,17,23,13,23,
04-01-2014,21,17,,9,,2,,,37,9,1,8,2,2,2,2,,,,1,28,4,,14,13,5,2,,3,,,1,2,17,12,6,5,8,
04-01-2014,22,11,,2,,1,,,18,10,1,11,1,1,1,1,,,,1,4,2,,9,8,3,8,,13,,,1,1,13,7,4,2,3,
04-01-2014,23,10,,0,,1,,,2,2,1,20,1,1,0,1,,,,1,2,1,,3,6,2,3,,9,,,1,0,14,1,3,4,10,
04-01-2014,24,4,,1,,1,,,1,3,0,22,1,1,0,1,,,,1,2,5,,3,,2,2,,10,,,1,1,9,1,3,2,4,
05-01-2014,1,4,,0,,1,,,0,1,0,10,1,1,0,1,,,,1,2,13,,4,,2,2,,7,,,2,1,11,1,2,2,2,
05-01-2014,2,3,,0,,1,,,0,4,0,7,1,4,0,1,,,,1,2,17,,3,,2,2,,3,,,2,0,17,1,2,2,2,
05-01-2014,3,6,,2,,3,,,0,5,1,16,0,1,0,1,,,,1,2,20,,2,,2,2,,4,,,1,0,22,1,2,2,2,
05-01-2014,4,7,,3,,7,,,1,2,1,19,1,4,0,1,,,,1,1,21,,3,,2,2,,9,,,1,0,24,1,3,1,2,
05-01-2014,5,5,,2,,4,,,0,2,1,21,0,5,0,1,,,,1,1,17,,2,,2,2,,4,,,2,0,18,3,4,2,2,
05-01-2014,6,4,,1,,1,,,0,2,1,20,0,2,0,1,,,,1,2,10,,2,26,2,2,,10,,,1,0,13,5,3,2,2,
05-01-2014,7,2,,1,,1,,,0,2,1,28,1,1,1,1,,,,1,1,3,,2,14,2,2,,7,,,1,0,13,1,3,2,2,
05-01-2014,8,,,1,,2,,,1,2,1,12,1,1,1,1,,,,2,2,10,,2,11,3,2,,10,,,1,0,12,1,3,3,2,
05-01-2014,9,,,3,,4,,,4,4,4,18,1,5,5,3,,,,3,6,9,,4,15,4,5,,9,,,3,2,17,7,5,4,4,
05-01-2014,10,,,16,,14,,,22,11,17,38,9,13,9,12,,,,9,20,14,,12,38,14,17,,25,,,10,11,13,19,17,11,10,
05-01-2014,11,,,27,,20,,,44,30,25,40,25,30,24,32,,,,27,39,31,,33,41,28,38,,41,,,23,23,26,37,36,,31,
05-01-2014,12,54,,42,,45,,,59,41,53,54,50,51,46,54,,,,48,62,50,,59,57,51,61,,58,,,51,44,43,53,61,50,48,
05-01-2014,13,69,,65,,62,,,76,44,74,67,66,71,65,76,,,,69,79,70,,77,72,68,83,,62,,,68,70,57,69,84,71,63,
05-01-2014,14,75,,77,,76,,,71,47,90,56,75,85,82,90,,,,81,75,83,,82,90,83,94,,57,,,78,83,69,78,90,92,69,
05-01-2014,15,83,,89,,85,,,63,47,97,59,86,97,92,101,,,,95,76,88,,90,91,93,101,,59,,,87,92,74,72,86,104,80,
05-01-2014,16,93,,77,,91,,,65,49,99,70,71,106,98,105,,,,96,75,91,,106,72,99,95,,65,,,98,91,76,61,83,93,90,
05-01-2014,17,90,,64,,91,,,60,51,82,87,55,99,89,77,,,,95,66,76,,96,102,104,,,67,,,83,70,55,61,73,65,82,
05-01-2014,18,70,,47,,59,,,53,48,57,63,40,60,69,49,,,,87,55,59,,50,91,77,68,,64,,,51,46,39,49,66,57,47,
05-01-2014,19,34,,28,,27,,,46,33,38,36,24,30,30,36,,,,32,46,40,,27,42,31,37,,71,,,31,22,37,39,53,30,26,
05-01-2014,20,36,,,,14,,,43,17,21,27,10,14,28,26,,,,16,38,16,,19,22,22,21,,,,,6,9,33,33,37,22,30,
05-01-2014,21,29,,9,,5,,,42,8,10,23,6,7,8,19,,,,2,18,5,,16,14,15,16,,7,,,13,21,16,22,21,19,25,
05-01-2014,22,26,,9,,10,,,11,2,2,13,15,5,2,1,,,,4,18,2,,15,6,6,6,,17,,,16,3,7,9,,8,3,
05-01-2014,23,25,,11,,1,,,2,2,2,12,16,6,2,2,,,,1,14,2,,10,2,5,5,,6,,,2,4,4,8,,16,4,
05-01-2014,24,32,,15,,2,,,1,6,1,15,32,15,1,1,,,,2,11,1,,14,5,3,1,,12,,,,7,6,2,,22,6,
06-01-2014,1,34,,24,,9,,,0,14,1,20,37,29,9,1,,,,1,4,1,,17,6,2,2,,4,,,,24,9,1,,26,12,
06-01-2014,2,37,,27,,19,,,0,4,25,32,32,38,22,15,,,,14,11,21,,31,31,5,22,,3,,,,28,11,7,,35,29,
06-01-2014,3,36,,13,,21,,,1,14,32,33,24,28,28,23,,,,20,13,28,,30,30,12,33,,17,,,,33,12,25,,37,19,
06-01-2014,4,11,,14,,22,,,2,3,27,21,6,24,27,26,,,,19,9,20,,28,20,26,25,,25,,,,28,15,25,18,37,6,
06-01-2014,5,13,,12,,14,,,3,2,27,9,1,15,22,24,,,,14,11,13,,21,13,20,17,,18,,,,27,16,3,13,22,8,
06-01-2014,6,11,,3,,5,,,0,1,18,8,1,11,11,14,,,,5,10,7,,18,5,3,8,,15,,,2,21,13,1,6,12,6,
06-01-2014,7,8,,0,,1,,,0,2,3,8,1,2,1,3,,,,1,9,2,,3,0,2,2,,8,,,1,7,8,1,2,5,2,
06-01-2014,8,6,,2,,2,,,0,2,3,8,1,1,1,1,,,,2,7,2,,2,0,2,2,,2,,,2,1,6,1,3,2,2,
06-01-2014,9,7,,8,,3,,,1,4,5,12,3,6,3,4,,,,3,8,7,,4,14,4,6,,6,,,4,3,6,4,7,6,3,
06-01-2014,10,26,,25,,13,,,15,13,10,25,22,25,11,10,,,,8,17,20,,13,25,9,11,,17,,,12,14,11,10,14,16,11,
06-01-2014,11,39,,31,,24,,,35,30,19,28,,33,18,19,,,,17,32,20,,27,32,15,22,,30,,,18,25,16,21,25,32,25,
06-01-2014,12,53,,32,,30,,,49,39,,,41,34,28,35,,,,30,48,28,,43,38,35,36,,47,,,30,37,24,36,46,44,37,
06-01-2014,13,,,44,,41,,,60,41,,46,56,44,48,57,,,,55,66,45,,56,47,54,60,,59,,,42,51,42,52,64,57,49,
06-01-2014,14,,,50,,58,,,63,46,,60,65,60,58,64,,,,64,66,54,,69,61,63,60,,60,,,60,60,48,53,72,68,56,
06-01-2014,15,,,67,,56,,,62,49,56,63,75,64,51,55,,,,58,62,50,,59,63,60,58,,62,,,70,67,47,48,,78,56,
06-01-2014,16,,,61,,48,,,59,43,55,62,70,50,49,52,,,,54,63,51,,55,65,51,58,,60,,,58,66,50,50,,75,54,
06-01-2014,17,,,51,,44,,,51,40,54,54,48,44,44,51,,,,50,54,51,,48,57,45,57,,51,,,53,49,48,46,56,56,44,
06-01-2014,18,45,,26,,38,,,43,35,44,,33,26,35,42,,,,40,39,47,,36,46,31,47,,48,,,32,30,,41,47,39,33,
06-01-2014,19,27,,9,,14,,,37,24,32,37,25,19,15,26,,,,24,31,33,,16,30,22,39,,43,,,7,22,40,33,40,26,20,
06-01-2014,20,19,,3,,10,,,28,16,16,26,22,8,6,4,,,,4,15,11,,11,19,6,16,,33,,,7,12,17,18,10,24,19,
06-01-2014,21,17,,5,,10,,,16,12,4,20,9,11,5,7,,,,5,4,7,,16,11,7,9,,9,,,,11,7,5,3,20,20,
06-01-2014,22,20,,2,,5,,,15,5,4,19,3,19,1,3,,,,5,7,10,,16,14,3,6,,2,,,4,7,5,3,4,15,11,
06-01-2014,23,15,,3,,5,,,18,8,5,14,1,16,2,2,,,,3,4,12,,13,17,3,7,,1,,,5,4,2,2,3,17,2,
06-01-2014,24,17,,2,,4,,,20,6,5,,2,14,3,2,,,,,2,11,,15,16,3,7,,1,,,4,7,2,1,2,13,2,
07-01-2014,1,19,,4,,9,,,20,6,6,,5,10,3,2,,,,,11,12,,15,16,2,9,,1,,,11,6,2,1,2,18,2,
07-01-2014,2,19,,4,,7,,,21,6,7,,2,10,7,6,,,,,14,11,,23,15,3,7,,2,,,8,5,1,3,5,4,5,
07-01-2014,3,9,,5,,9,,,19,7,11,,3,8,2,3,,,,,16,9,,16,11,5,12,,6,,,12,5,4,8,13,9,5,
07-01-2014,4,12,,3,,5,,,8,5,11,,3,9,5,2,,,,,13,9,,14,8,5,11,,9,,,10,13,4,7,14,17,4,
07-01-2014,5,7,,10,,4,,,4,2,6,,9,5,1,2,,,,,13,6,,11,5,3,8,,6,,,4,14,4,5,8,20,5,
07-01-2014,6,5,,9,,1,,,2,1,2,,6,8,1,2,,,,1,10,4,,6,3,3,3,,4,,,1,11,2,2,4,7,3,
07-01-2014,7,3,,7,,1,,,2,1,1,,2,4,0,1,,,,1,6,1,,2,3,2,1,,3,,,1,5,2,1,2,8,2,
07-01-2014,8,4,,4,,2,,,3,2,2,,7,2,1,1,,,,1,3,1,,2,1,3,2,,4,,,1,1,3,1,2,7,2,
07-01-2014,9,7,,5,,4,,,7,3,4,5,9,4,3,4,,,,4,7,4,,5,6,6,5,,7,,,,3,8,5,6,9,4,
07-01-2014,10,19,,10,,8,,,17,12,8,11,17,8,7,9,,,,8,13,7,,9,12,10,11,,16,,,6,11,12,14,12,,8,
07-01-2014,11,27,,18,,12,,,,24,15,19,25,15,14,17,,,,17,24,16,,20,21,18,17,,29,,,14,19,13,16,21,,19,
07-01-2014,12,39,,22,,18,,,,32,25,23,36,16,19,28,,,,25,38,23,,34,27,31,30,,42,,,,30,,28,33,,26,
07-01-2014,13,49,,29,,23,,,,36,29,32,45,26,27,31,,,,31,45,32,,46,36,39,32,,49,,,28,42,,33,37,52,36,
07-01-2014,14,59,,34,,26,,,,39,39,34,44,37,34,39,,,,30,38,37,,53,40,40,45,,59,,,29,36,,42,44,60,38,
07-01-2014,15,58,,42,,42,,,43,39,52,40,43,40,49,55,,,,51,48,44,,56,44,50,56,,66,,,30,44,,47,56,64,47,
07-01-2014,16,55,,45,,36,,,48,39,58,39,47,43,52,61,,,,54,60,49,,61,44,51,56,,64,,,36,43,43,48,62,67,51,
07-01-2014,17,57,,41,,24,,,50,39,53,34,42,41,34,59,,,,49,61,49,,55,36,51,54,,61,,,34,48,37,47,60,55,42,
07-01-2014,18,42,,35,,18,,,45,40,25,25,27,37,16,24,,,,15,45,29,,38,26,45,40,,53,,,23,32,26,43,50,39,36,
07-01-2014,19,28,,12,,8,,,45,32,12,17,9,20,8,7,,,,10,34,12,,17,16,21,12,,37,,,6,8,15,26,27,21,21,
07-01-2014,20,14,,2,,4,,,45,32,3,19,3,7,5,5,,,,4,29,9,,6,9,5,5,,16,,,2,2,5,30,28,8,3,
07-01-2014,21,19,,1,,2,,,40,25,5,,1,4,5,2,,,,3,20,1,,3,2,2,5,,11,,,2,1,2,18,15,4,2,
07-01-2014,22,7,,5,,1,,,30,10,1,3,1,3,2,1,,,,2,2,3,,3,0,3,2,,11,,,2,1,1,6,6,4,2,
07-01-2014,23,3,,8,,1,,,25,9,1,1,1,1,0,2,,,,2,3,2,,3,0,3,2,,17,,,,1,1,1,3,4,2,
07-01-2014,24,2,,2,,1,,,20,6,1,1,1,1,,2,,,,2,2,,,3,0,3,2,,16,,,1,1,2,1,4,3,2,
08-01-2014,1,2,,0,,1,,,9,11,1,1,1,1,,2,,,,2,2,,,2,1,3,2,,4,,,1,0,2,1,4,2,2,
08-01-2014,2,5,,0,,1,,,3,2,1,3,1,1,,2,,,,2,2,,,2,5,2,1,,5,,,,0,3,1,4,2,2,
08-01-2014,3,3,,1,,1,,,2,3,1,11,1,1,,2,,,,1,1,,,2,8,2,1,,3,,,1,0,2,1,3,2,2,
08-01-2014,4,2,,1,,1,,,4,2,1,10,1,1,,1,,,,1,2,,,2,7,2,1,,3,,,1,0,2,1,3,2,2,
08-01-2014,5,2,,2,,1,,,5,2,1,26,1,1,,1,,,,1,1,,,2,7,2,1,,2,,,1,0,3,1,2,2,2,
08-01-2014,6,2,,1,,1,,,11,1,1,6,1,1,0,1,,,,1,2,1,,2,2,3,1,,1,,,1,0,4,1,3,2,2,
08-01-2014,7,2,,0,,2,,,10,2,1,4,1,1,0,1,,,,2,2,1,,2,1,3,2,,2,,,1,1,5,1,2,3,2,
08-01-2014,8,2,,0,,2,,,1,2,1,1,1,1,1,2,,,,2,2,1,,2,1,3,2,,2,,,1,1,4,1,3,4,2,
08-01-2014,9,4,,2,,2,,,1,2,3,5,1,2,1,2,,,,3,3,2,,3,9,4,4,,6,,,2,1,9,3,4,5,2,
08-01-2014,10,14,,9,,4,,,3,8,6,10,6,7,5,6,,,,7,9,6,,,18,9,13,,13,,,5,6,10,11,10,7,5,
08-01-2014,11,29,,23,,13,,,7,24,14,27,17,18,14,16,,,,18,28,20,,,33,23,29,,,,,18,22,23,26,22,20,,
08-01-2014,12,51,,40,,37,,,25,41,41,47,37,46,35,39,,,,40,55,42,,,44,38,45,,,,,44,44,38,42,43,45,,
08-01-2014,13,61,,51,,52,,,41,52,55,57,56,57,46,58,,,,57,67,53,,,60,58,69,,,,,55,54,50,56,68,60,,
08-01-2014,14,64,,66,,63,,,50,56,71,69,64,70,58,73,,,,65,84,63,,,75,67,81,,75,,,65,70,51,62,87,69,59,
08-01-2014,15,70,,72,,68,,,63,44,78,71,71,69,67,88,,,,75,90,57,,73,75,74,79,,77,,,70,77,54,68,96,85,60,
08-01-2014,16,81,,74,,67,,,71,43,73,66,72,64,63,75,,,,74,81,56,,78,71,78,80,,72,,,71,76,51,66,80,95,,
08-01-2014,17,85,,59,,53,,,60,47,56,40,68,40,44,56,,,,52,61,48,,73,50,55,59,,61,,,52,62,47,46,67,89,57,
08-01-2014,18,62,,30,,39,,,53,52,36,36,48,19,26,38,,,,36,49,27,,45,38,41,35,,61,,,37,37,41,35,45,66,33,
08-01-2014,19,47,,15,,22,,,51,40,6,20,12,11,13,8,,,,20,33,11,,23,7,21,18,,59,,,20,26,38,34,17,35,18,
08-01-2014,20,34,,8,,2,,,43,21,2,10,8,14,1,1,,,,1,12,11,,11,18,4,10,,43,,,2,11,38,27,17,22,8,
08-01-2014,21,27,,5,,1,,,37,7,1,10,20,5,1,1,,,,1,4,19,,4,34,3,3,,32,,,,0,35,20,19,9,4,
08-01-2014,22,33,,9,,4,,,31,8,1,24,23,4,4,1,,,,1,2,4,,3,25,2,2,,23,,,1,3,30,11,6,11,2,
08-01-2014,23,28,,8,,2,,,22,6,1,18,9,26,4,2,,,,1,1,2,,2,11,2,2,,6,,,3,11,20,3,3,16,2,
08-01-2014,24,,,18,,2,,,8,5,1,21,3,13,10,1,,,,0,1,9,,3,13,2,2,,18,,,5,6,17,3,2,14,,
09-01-2014,1,,,5,,1,,,3,6,1,4,4,4,5,2,,,,0,1,19,,5,24,2,2,,13,,,1,3,15,1,2,11,,
09-01-2014,2,,,7,,2,,,2,4,4,25,2,11,1,1,,,,1,1,20,,3,23,3,2,,5,,,6,7,16,2,2,1,,
09-01-2014,3,,,5,,2,,,10,4,3,19,1,14,0,1,,,,1,1,20,,5,25,2,2,,9,,,6,19,22,2,5,1,,
09-01-2014,4,,,7,,2,,,12,5,1,14,1,12,0,1,,,,1,1,9,,2,21,2,4,,23,,,2,1,22,4,3,1,,
09-01-2014,5,,,9,,3,,,11,2,1,13,1,12,0,1,,,,1,1,14,,2,18,2,3,,11,,,4,0,17,2,3,1,,
09-01-2014,6,2,,5,,1,,,8,2,1,9,1,6,0,1,,,,1,1,18,,2,9,3,2,,13,,,1,0,15,1,2,2,2,
09-01-2014,7,2,,0,,1,,,3,2,1,3,0,2,0,2,,,,1,2,5,,2,7,3,2,,15,,,1,0,17,2,3,2,2,
09-01-2014,8,2,,1,,1,,,1,2,2,3,1,2,1,1,,,,2,3,2,,2,3,3,2,,6,,,1,1,15,2,3,4,3,
09-01-2014,9,6,,3,,2,,,1,3,3,15,2,3,2,2,,,,4,4,5,,3,9,4,4,,8,,,3,2,15,4,4,5,3,
09-01-2014,10,15,,10,,6,,,4,11,9,36,12,8,6,7,,,,9,11,11,,10,21,11,11,,15,,,11,4,10,12,10,11,8,
09-01-2014,11,34,,24,,17,,,12,29,31,37,28,17,21,22,,,,21,33,24,,24,33,,25,,36,,,23,14,,,27,22,26,
09-01-2014,12,46,,33,,34,,,29,38,44,41,45,35,34,42,,,,43,51,42,,47,43,44,46,,53,,,35,34,,,,41,41,
09-01-2014,13,47,,48,,44,,,40,43,59,55,44,51,44,53,,,,51,50,54,,45,59,49,59,,53,,,51,48,,,56,55,42,
09-01-2014,14,53,,58,,54,,,48,33,64,68,55,55,52,59,,,,53,62,61,,52,71,52,64,,56,,,54,63,,,62,69,50,
09-01-2014,15,57,,64,,56,,,55,33,58,47,67,56,56,60,,,,58,67,56,,59,57,60,62,,53,,,61,64,,57,68,72,49,
09-01-2014,16,58,,50,,49,,,54,42,54,30,66,36,48,56,,,,47,56,50,,61,31,60,56,,54,,,45,53,,52,54,74,53,
09-01-2014,17,58,,37,,32,,,51,42,43,31,58,24,31,45,,,,41,44,43,,50,32,46,47,,49,,,32,36,,47,45,49,39,
09-01-2014,18,45,,23,,25,,,47,42,51,29,44,21,31,36,,,,29,31,46,,43,29,30,47,,52,,,19,22,,46,46,51,24,
09-01-2014,19,31,,28,,10,,,45,34,41,13,23,8,28,27,,,,19,21,32,,23,13,21,43,,60,,,8,10,,39,39,22,11,
09-01-2014,20,33,,29,,9,,,39,31,26,12,9,17,8,12,,,,6,14,27,,12,20,11,28,,39,,,10,7,,43,36,5,11,
09-01-2014,21,34,,20,,12,,,39,16,5,16,7,30,1,3,,,,4,4,18,,6,20,7,5,,31,,,10,,,37,19,3,,
09-01-2014,22,22,,2,,1,,,30,5,1,22,1,11,1,2,,,,1,3,2,,4,21,3,2,,24,,,4,,,22,3,2,,
09-01-2014,23,12,,0,,1,,,23,2,1,9,1,3,0,1,,,,1,4,1,,3,13,3,2,,16,,,1,,,13,6,3,2,
09-01-2014,24,7,,0,,1,,,22,2,1,11,1,2,0,1,,,,2,1,1,,2,13,3,3,,4,,,1,5,,,6,3,2,
10-01-2014,1,8,,2,,2,,,22,2,1,35,1,1,0,1,,,,1,1,2,,2,29,3,2,,8,,,1,2,,,8,2,,
10-01-2014,2,13,,1,,1,,,15,2,1,32,1,3,0,1,,,,1,1,1,,3,34,3,1,,14,,,1,0,,,5,2,2,
10-01-2014,3,9,,1,,1,,,9,2,1,20,1,2,0,1,,,,1,1,1,,2,13,3,1,,21,,,1,0,,,2,2,2,
10-01-2014,4,9,,0,,1,,,11,2,1,13,1,1,0,1,,,,1,1,1,,2,3,2,1,,25,,,1,0,,,2,1,2,
10-01-2014,5,8,,0,,1,,,13,6,1,24,1,1,0,1,,,,1,1,1,,2,5,2,2,,19,,,1,0,,,2,1,2,
10-01-2014,6,3,,0,,1,,,10,8,1,19,1,1,0,1,,,,2,1,1,,2,6,3,2,,23,,,1,0,,1,2,2,2,
10-01-2014,7,2,,0,,1,,,1,2,1,1,1,1,0,1,,,,4,1,1,,3,1,3,2,,20,,,,0,,1,2,2,,
10-01-2014,8,2,,1,,1,,,1,2,1,2,1,1,0,2,,,,4,2,1,,3,1,3,2,,4,,,1,1,,2,3,2,3,
10-01-2014,9,8,,2,,2,,,0,8,2,5,2,2,1,3,,,,2,5,4,,3,7,3,3,,9,,,2,3,,4,4,3,3,
10-01-2014,10,21,,7,,5,,,2,18,6,8,9,4,4,8,,,,7,11,10,,11,12,7,8,,23,,,8,11,,12,14,9,11,
10-01-2014,11,37,,17,,16,,,8,31,21,21,21,13,,23,,,,24,27,19,,33,24,25,18,,41,,,19,27,,24,31,23,26,
10-01-2014,12,46,,29,,30,,,26,31,33,25,32,23,,35,,,,32,44,27,,37,33,33,33,,43,,,33,30,,36,42,42,34,
10-01-2014,13,45,,33,,30,,,36,31,34,28,29,33,,31,,,,30,37,29,,35,32,25,36,,,,,37,38,,32,39,43,31,
10-01-2014,14,39,,32,,27,,,40,31,33,29,29,28,28,33,,,,31,33,33,,30,29,29,34,,33,,,30,31,,30,34,35,28,
10-01-2014,15,37,,22,,27,,,41,32,38,32,32,26,29,37,,,,31,37,38,,29,30,25,42,,36,,,24,21,,34,38,30,23,
10-01-2014,16,36,,28,,27,,,43,33,40,38,26,28,32,39,,,,32,39,39,,32,37,29,43,,44,,,26,21,,36,41,31,28,
10-01-2014,17,33,,22,,28,,,44,38,40,33,25,34,27,39,,,,35,38,37,,32,33,30,39,,49,,,27,21,,44,47,27,24,
10-01-2014,18,28,,22,,24,,,44,34,42,28,24,29,26,34,,,,24,36,37,,23,26,22,40,,48,,,20,11,,39,47,18,17,
10-01-2014,19,17,,23,,13,,,43,27,36,25,13,26,20,27,,,,13,20,32,,13,20,15,31,,44,,,16,7,,36,38,6,10,
10-01-2014,20,24,,9,,10,,,37,18,28,20,2,12,15,22,,,,10,14,24,,7,13,13,30,,36,,,5,1,,33,24,1,7,
10-01-2014,21,20,,1,,9,,,33,10,5,7,1,5,4,4,,,,3,7,6,,3,4,4,11,,26,,,2,1,,20,16,3,4,
10-01-2014,22,4,,0,,2,,,32,7,1,9,1,3,0,1,,,,3,4,1,,3,1,3,2,,16,,,1,1,,7,2,3,2,
10-01-2014,23,10,,0,,1,,,30,3,1,1,1,2,0,1,,,,1,2,1,,2,1,3,2,,5,,,1,0,,2,2,2,4,
10-01-2014,24,2,,0,,1,,,27,2,1,12,1,1,0,1,,,,1,2,1,,2,4,2,2,,2,,,1,0,,1,1,3,2,
11-01-2014,1,3,,0,,1,,,18,2,1,12,1,1,0,1,,2,,1,2,9,,2,18,2,2,,11,,,1,0,,1,2,3,2,
11-01-2014,2,3,,2,,1,,,21,2,1,17,1,1,0,1,,2,,1,2,10,,2,13,2,1,,7,,,1,1,,1,1,2,2,
11-01-2014,3,4,,7,,1,,,19,2,1,4,1,1,0,1,,3,,1,2,8,,3,11,2,1,,2,,,1,0,,1,2,2,2,
11-01-2014,4,5,,0,,1,,,13,2,1,7,1,2,0,1,,3,,1,1,16,,2,14,2,1,,5,,,1,0,,1,2,2,2,
11-01-2014,5,5,,0,,1,,,4,2,1,2,1,2,0,1,,3,,1,2,8,,2,10,3,1,,3,,,1,0,,1,1,2,2,
11-01-2014,6,4,,0,,1,,,2,1,1,4,1,1,0,1,,4,,1,2,5,,2,1,2,2,,4,,,1,0,,1,2,2,2,
11-01-2014,7,3,,0,,1,,,2,2,1,1,1,1,0,1,,3,,2,1,6,,3,0,3,1,,3,,,,0,,1,2,3,2,
11-01-2014,8,3,,1,,1,,,0,2,1,2,1,1,0,1,,4,,1,2,1,,3,0,3,1,,5,,,1,1,,1,2,3,2,
11-01-2014,9,8,,2,,2,,,1,3,2,5,2,2,1,2,,5,,2,4,2,,4,1,3,2,,4,,,2,3,,2,4,3,2,
11-01-2014,10,18,,8,,5,,,3,9,7,19,8,6,6,10,,11,,6,8,5,,10,12,8,5,,10,,,6,9,,10,10,8,7,
11-01-2014,11,33,,24,,15,,,11,20,21,24,24,19,18,24,,25,,20,24,17,,21,25,22,23,,28,,,14,18,,26,24,24,20,
11-01-2014,12,39,,31,,31,,,31,35,31,27,34,29,29,36,,38,,31,41,24,,34,30,38,37,,39,,,28,33,,37,40,38,27,
11-01-2014,13,42,,35,,39,,,42,42,47,38,39,35,43,46,,49,,41,49,38,,46,41,39,49,,49,,,36,41,,47,50,45,35,
11-01-2014,14,44,,42,,42,,,47,49,52,50,45,49,44,50,,49,,49,57,51,,47,58,52,60,,63,,,43,46,,54,58,49,42,
11-01-2014,15,45,,46,,47,,,48,50,58,62,48,51,50,60,,45,,51,50,55,,42,67,48,65,,67,,,45,49,,59,62,47,42,
11-01-2014,16,44,,44,,44,,,49,43,50,56,39,48,42,53,,42,,38,45,46,,37,58,42,60,,60,,,45,42,,53,52,43,34,
11-01-2014,17,42,,31,,32,,,48,37,42,36,35,31,34,31,,40,,32,38,41,,35,35,33,48,,46,,,31,33,,43,39,38,30,
11-01-2014,18,39,,27,,22,,,46,31,29,32,32,32,27,25,,38,,27,31,30,,28,29,30,29,,35,,,27,30,,31,,33,26,
11-01-2014,19,36,,16,,16,,,45,23,20,30,30,35,17,19,,34,,20,30,21,,22,27,27,22,,30,,,12,25,,27,,33,23,
11-01-2014,20,35,,20,,11,,,40,16,13,28,15,30,14,18,,18,,13,17,20,,24,25,24,15,,23,,,13,19,,14,17,28,22,
11-01-2014,21,34,,16,,10,,,28,8,11,29,17,30,8,6,,11,,8,15,21,,15,26,21,18,,12,,,18,7,,11,13,24,28,
11-01-2014,22,30,,9,,11,,,19,6,16,27,21,31,14,7,,12,,4,9,21,,15,29,13,19,,13,,,13,14,,13,6,26,22,
11-01-2014,23,30,,13,,10,,,20,8,18,27,25,30,15,12,,12,,4,1,20,,11,29,4,21,,17,,,11,8,,16,9,23,19,
11-01-2014,24,26,,17,,16,,,15,9,22,24,25,31,18,14,,10,,8,1,20,,13,,4,23,,17,,,16,12,,19,9,18,5,
12-01-2014,1,29,,16,,18,,,10,5,21,14,12,30,20,21,,18,,12,1,14,,11,,5,22,,21,,,16,15,,20,,14,4,
12-01-2014,2,24,,19,,17,,,10,2,13,14,6,16,20,18,,14,,11,2,10,,7,,8,13,,24,,,11,10,,18,,9,3,
12-01-2014,3,22,,19,,6,,,14,2,4,15,1,11,11,12,,11,,9,1,12,,5,,6,3,,23,,,3,7,,2,,6,2,
12-01-2014,4,9,,16,,2,,,14,2,1,21,1,8,3,6,,5,,5,1,11,,3,,4,3,,12,,,1,5,,1,3,4,2,
12-01-2014,5,6,,11,,1,,,12,3,1,7,1,7,4,3,,5,,1,1,10,,3,,3,1,,19,,,3,8,,2,1,1,2,
12-01-2014,6,10,,5,,1,,,8,2,1,11,1,5,1,1,,2,,0,1,8,,2,16,2,2,,11,,,2,1,,2,2,1,2,
12-01-2014,7,6,,1,,1,,,7,2,1,9,0,2,0,1,,3,,0,1,5,,2,11,3,1,,3,,,2,1,,1,2,1,2,
12-01-2014,8,3,,1,,1,,,2,2,2,3,1,1,1,1,,3,,1,2,2,,3,7,3,2,,4,,,1,1,,2,2,2,2,
12-01-2014,9,7,,10,,5,,,2,4,8,13,3,5,5,4,,8,,4,4,6,,5,15,6,8,,10,,,5,3,,9,7,6,5,
12-01-2014,10,21,,17,,10,,,9,16,17,18,15,12,12,14,,13,,13,16,19,,15,30,15,20,,25,,,16,13,,23,20,16,15,
12-01-2014,11,38,,27,,24,,,26,29,32,32,27,29,27,33,,34,,29,36,30,,27,33,28,35,,38,,,29,27,,37,39,31,34,
12-01-2014,12,52,,38,,37,,,42,36,49,42,40,42,46,49,,55,,43,48,43,,48,45,47,49,,49,,,41,45,,50,55,49,51,
12-01-2014,13,59,,53,,56,,,50,39,63,56,60,62,59,63,,68,,67,50,54,,61,60,58,64,,42,,,58,62,,56,59,61,62,
12-01-2014,14,65,,,,61,,,50,40,51,68,80,66,54,47,,67,,52,45,42,,51,54,46,51,,41,,,68,63,,43,44,73,58,
12-01-2014,15,50,,56,,42,,,48,39,44,44,74,45,41,40,,45,,39,40,37,,37,40,40,44,,38,,,52,54,,42,42,56,39,
12-01-2014,16,44,,43,,37,,,47,44,40,36,57,37,37,39,,43,,39,42,36,,35,40,37,43,,45,,,41,41,,42,42,42,38,
12-01-2014,17,47,,37,,36,,,48,46,44,37,44,36,38,39,,46,,36,46,41,,36,42,33,46,,44,,,40,37,,38,38,42,37,
12-01-2014,18,48,,30,,34,,,50,40,45,39,35,31,36,40,,43,,36,40,42,,33,35,29,50,,42,,,37,32,,40,34,38,35,
12-01-2014,19,37,,16,,26,,,47,25,46,28,19,23,34,33,,34,,37,27,31,,25,37,21,48,,44,,,29,27,,46,37,28,19,
12-01-2014,20,27,,8,,15,,,44,14,23,23,12,20,24,25,,16,,27,13,2,,8,24,7,35,,39,,,16,26,,47,17,19,9,
12-01-2014,21,20,,1,,12,,,41,12,2,25,14,20,9,6,,8,,6,9,1,,7,27,3,6,,16,,,7,13,,36,11,9,4,
12-01-2014,22,15,,3,,20,,,40,7,1,34,7,11,1,1,,3,,1,4,3,,5,25,3,2,,17,,,1,3,,10,10,3,2,
12-01-2014,23,4,,5,,7,,,35,9,1,37,1,1,0,1,,4,,1,5,7,,3,26,3,2,,22,,,1,2,,10,9,2,5,
12-01-2014,24,4,,4,,1,,,26,11,1,30,1,1,0,1,,2,,1,2,7,,2,28,3,2,,34,,,,4,,9,4,2,5,
13-01-2014,1,4,,19,,1,,,21,3,0,34,0,5,0,1,,3,,1,2,3,,3,28,3,2,,18,,,,0,,9,4,1,7,
13-01-2014,2,4,,22,,1,,,18,3,0,34,0,4,0,4,,3,,0,4,14,,3,27,3,,,19,,,,0,,10,8,1,2,
13-01-2014,3,7,,15,,1,,,19,16,0,33,0,7,0,3,,3,,0,1,17,,2,25,3,,,20,,,,0,,13,12,1,3,
13-01-2014,4,8,,12,,1,,,15,2,0,32,0,8,0,1,,3,,0,1,17,,2,14,2,1,,15,,,,0,,8,7,1,2,
13-01-2014,5,5,,7,,1,,,12,1,0,27,0,8,0,1,,3,,1,1,15,,2,13,3,2,,12,,,,0,,9,1,1,2,
13-01-2014,6,3,,9,,1,,,9,2,0,18,0,5,0,1,,4,,0,1,9,,2,4,2,1,,18,,,1,0,,2,1,1,2,
13-01-2014,7,2,,1,,1,,,8,2,0,1,0,1,0,1,,3,,1,2,1,,2,0,3,1,,10,,,1,1,,1,2,1,2,
13-01-2014,8,2,,1,,2,,,1,2,1,1,0,1,0,1,,3,,2,4,1,,2,1,3,2,,4,,,1,1,,1,2,3,2,
13-01-2014,9,4,,2,,2,,,1,3,1,11,2,2,2,2,,4,,2,4,4,,3,7,3,3,,7,,,3,2,,3,3,5,3,
13-01-2014,10,12,,7,,6,,,3,8,8,21,8,5,6,7,,11,,6,9,8,,7,22,6,10,,14,,,6,5,,13,12,6,7,
13-01-2014,11,27,,20,,18,,,6,23,22,26,,18,16,18,,22,,17,24,23,,18,28,19,27,,32,,,17,18,,28,24,25,22,
13-01-2014,12,34,,37,,28,,,19,36,37,,,32,29,38,,33,,34,41,37,,33,40,34,42,,45,,,35,38,,36,42,42,40,
13-01-2014,13,46,,49,,45,,,36,48,53,,,50,45,54,,51,,49,55,50,,52,57,52,56,,58,,,52,53,,52,58,60,49,
13-01-2014,14,52,,56,,56,,,47,56,63,,56,60,56,67,,66,,60,66,52,,62,68,59,62,,69,,,62,,,59,67,78,64,
13-01-2014,15,62,,61,,62,,,54,64,59,,62,70,65,71,,72,,69,78,49,,79,65,66,66,,76,,,67,,,64,75,84,66,
13-01-2014,16,76,,60,,60,,,60,61,61,,45,66,57,69,,84,,68,78,57,,75,68,72,67,,74,,,60,,,63,75,74,64,
13-01-2014,17,60,,44,,46,,,66,38,61,62,35,62,55,66,,63,,56,77,54,,69,64,74,63,,65,,,43,47,,58,77,47,51,
13-01-2014,18,45,,24,,25,,,66,36,52,51,29,29,38,50,,24,,45,72,46,,39,53,48,46,,62,,,20,26,,49,61,35,36,
13-01-2014,19,33,,12,,7,,,54,28,18,26,14,11,15,23,,8,,9,27,16,,15,19,20,20,,51,,,,11,,23,29,20,27,
13-01-2014,20,29,,4,,3,,,46,14,4,15,16,9,5,8,,26,,7,13,4,,15,8,15,3,,21,,,6,12,,8,7,20,16,
13-01-2014,21,29,,11,,13,,,41,11,14,17,19,16,13,10,,25,,15,9,5,,19,13,18,12,,9,,,17,22,,14,10,23,14,
13-01-2014,22,30,,13,,14,,,41,6,12,19,20,21,13,15,,16,,13,15,14,,18,19,19,10,,9,,,15,17,,12,14,21,16,
13-01-2014,23,31,,12,,17,,,40,10,12,21,20,21,12,12,,16,,19,16,15,,19,20,23,10,,15,,,21,22,,14,14,25,26,
13-01-2014,24,32,,17,,17,,,39,20,17,,25,23,15,21,,20,,,17,17,,24,19,27,18,,17,,,16,23,,21,22,27,28,
14-01-2014,1,32,,15,,21,,,40,20,15,,19,25,20,22,,25,,,24,19,,26,24,29,17,,25,,,19,27,,19,29,28,27,
14-01-2014,2,28,,18,,22,,,39,22,19,,11,22,18,23,,26,,,27,20,,28,24,26,21,,24,,,19,27,,19,25,28,27,
14-01-2014,3,25,,18,,17,,,36,20,17,,12,23,15,19,,25,,,24,19,,25,22,24,22,,16,,,20,27,,19,21,29,24,
14-01-2014,4,24,,20,,20,,,33,17,17,,14,24,15,20,,24,,,24,19,,24,22,21,18,,16,,,25,28,,17,16,31,13,
14-01-2014,5,23,,16,,15,,,30,2,16,,22,20,14,14,,20,,,18,18,,20,19,16,17,,13,,,22,24,,9,11,26,6,
14-01-2014,6,20,,12,,13,,,26,1,10,18,18,14,14,6,,7,,6,13,11,,9,15,7,13,,7,,,14,18,,8,6,22,2,
14-01-2014,7,19,,11,,2,,,18,2,3,8,4,8,3,1,,3,,1,6,2,,2,7,5,4,,12,,,,5,,3,2,19,3,
14-01-2014,8,18,,2,,2,,,14,2,1,6,6,5,1,1,,2,,1,3,2,,3,4,3,3,,13,,,,4,,2,2,7,2,
14-01-2014,9,20,,4,,5,,,15,3,5,7,15,10,5,5,,6,,4,11,4,,5,8,4,6,,7,,,,8,,5,5,11,5,
14-01-2014,10,24,,18,,10,,,26,12,13,14,24,15,11,11,,11,,9,17,10,,10,14,9,12,,18,,,11,15,,15,15,18,9,
14-01-2014,11,33,,22,,17,,,36,21,17,21,30,18,17,19,,22,,15,29,,,20,22,17,21,,29,,,18,24,,23,24,30,19,
14-01-2014,12,44,,28,,27,,,42,32,29,32,37,27,26,32,,36,,25,41,,,32,34,,36,,43,,,25,35,,37,39,41,28,
14-01-2014,13,53,,40,,38,,,51,37,45,41,46,41,36,51,,53,,47,64,,,50,45,,53,,55,,,40,48,,52,59,53,43,
14-01-2014,14,58,,50,,52,,,58,41,60,50,59,56,56,68,,68,,61,71,46,,63,55,,,,56,,,54,60,,63,76,66,54,
14-01-2014,15,70,,57,,63,,,59,44,66,52,69,62,61,72,,80,,71,61,56,,80,63,,,,58,,,63,78,,55,74,80,62,
14-01-2014,16,79,,59,,55,,,58,45,48,54,65,58,51,65,,85,,67,56,48,,80,61,58,,,56,,,60,76,,46,55,86,64,
14-01-2014,17,60,,44,,48,,,56,39,55,43,43,52,53,54,,72,,56,47,49,,51,41,42,52,,59,,,46,52,,44,48,66,47,
14-01-2014,18,47,,32,,23,,,52,35,36,37,39,36,30,24,,46,,24,34,35,,37,35,28,40,,56,,,27,25,,40,38,42,33,
14-01-2014,19,36,,28,,21,,,47,30,20,28,32,39,17,13,,27,,15,23,26,,20,25,27,24,,54,,,25,20,,20,16,35,27,
14-01-2014,20,35,,24,,23,,,46,28,22,34,26,32,18,15,,13,,12,19,25,,21,32,,22,,26,,,23,17,,14,12,17,20,
14-01-2014,21,26,,18,,11,,,39,20,15,15,8,29,13,3,,4,,6,15,21,,10,12,16,16,,26,,,14,8,,11,12,15,9,
14-01-2014,22,17,,14,,6,,,32,15,8,2,3,9,14,2,,6,,2,8,3,,7,5,6,8,,20,,,10,5,,16,11,4,9,
14-01-2014,23,14,,16,,2,,,29,12,0,19,5,18,12,2,,8,,1,9,1,,16,1,5,2,,19,,,,1,,8,5,7,11,
14-01-2014,24,,,5,,2,,,29,4,13,18,6,20,,6,,12,,5,3,,,12,5,5,1,,13,,,,2,,1,2,11,27,
15-01-2014,1,8,,5,,2,,,26,2,12,17,9,11,,2,,12,,3,9,,,19,16,16,9,,3,,,,3,7,1,4,5,29,
15-01-2014,2,16,,13,,2,,,21,2,9,25,18,22,,3,,15,,4,21,,,21,23,27,13,,3,,,7,4,7,2,7,6,29,
15-01-2014,3,19,,15,,10,,,25,7,13,30,7,24,,4,,16,,5,28,,,22,29,23,16,,13,,,16,21,24,6,7,16,32,
15-01-2014,4,14,,16,,17,,,26,14,22,30,11,26,,14,,24,,13,28,,,30,26,23,25,,7,,,16,10,30,16,11,15,31,
15-01-2014,5,15,,20,,13,,,28,16,24,30,16,26,,13,,23,,10,22,,,29,28,16,27,,11,,,22,17,29,20,15,15,31,
15-01-2014,6,18,,14,,12,,,28,15,22,33,21,28,15,14,,16,,10,15,25,,23,30,18,24,,14,,,13,8,25,21,10,11,29,
15-01-2014,7,22,,5,,7,,,29,13,18,25,20,20,10,7,,12,,5,11,21,,16,22,15,18,,12,,,7,8,21,13,6,12,25,
15-01-2014,8,32,,9,,4,,,30,10,6,22,18,10,3,5,,8,,5,8,15,,12,20,15,10,,5,,,7,10,20,6,5,16,19,
15-01-2014,9,28,,16,,10,,,36,14,8,26,22,14,10,9,,18,,9,15,15,,15,23,18,10,,16,,,12,15,19,11,13,23,22,
15-01-2014,10,34,,27,,23,,,41,23,20,27,25,23,24,22,,30,,23,30,20,,25,23,25,23,,26,,,27,33,21,23,26,37,28,
15-01-2014,11,41,,35,,32,,,46,29,32,33,38,,30,32,,42,,30,39,31,,36,34,36,35,,37,,,34,40,31,33,39,42,32,
15-01-2014,12,46,,40,,32,,,50,34,36,43,37,,33,38,,45,,37,43,38,,41,43,40,40,,44,,,38,43,37,41,44,45,36,
15-01-2014,13,47,,36,,34,,,53,,36,44,37,,37,,,47,,37,45,39,,44,46,42,42,,,,,37,44,43,43,44,46,38,
15-01-2014,14,49,,38,,35,,,53,,39,40,39,42,38,40,,46,,39,45,38,,44,43,43,42,,,,,38,44,40,43,44,47,38,
15-01-2014,15,49,,40,,38,,,53,,40,42,45,42,39,42,,51,,36,46,39,,45,43,43,45,,,,,39,47,45,44,46,49,39,
15-01-2014,16,49,,44,,43,,,53,42,37,42,47,45,39,41,,46,,39,46,38,,45,44,45,43,,50,,,42,49,42,44,44,50,40,
15-01-2014,17,48,,45,,39,,,54,41,40,43,46,38,38,43,,48,,39,44,39,,45,45,45,43,,48,,,41,48,39,45,46,51,40,
15-01-2014,18,42,,37,,31,,,54,39,32,40,37,38,33,33,,34,,33,39,33,,38,38,38,39,,40,,,30,40,33,39,35,43,35,
15-01-2014,19,33,,20,,16,,,49,25,21,32,26,20,25,20,,34,,15,24,21,,23,32,24,24,,21,,,22,27,27,25,21,31,24,
15-01-2014,20,23,,17,,9,,,40,14,7,23,22,13,10,6,,9,,6,11,12,,13,20,11,9,,17,,,9,21,22,17,13,23,16,
15-01-2014,21,19,,13,,5,,,31,3,11,20,14,21,2,1,,8,,3,7,9,,8,18,4,9,,13,,,5,13,9,8,9,24,16,
15-01-2014,22,18,,1,,2,,,30,2,6,20,4,19,10,6,,5,,2,1,12,,8,8,5,7,,6,,,5,10,6,2,2,14,2,
15-01-2014,23,21,,5,,1,,,24,2,2,13,1,9,3,2,,7,,1,2,3,,6,2,3,6,,2,,,3,13,10,2,3,15,2,
15-01-2014,24,,,1,,1,,,14,2,1,4,1,4,1,1,,8,,1,6,7,,7,11,3,3,,3,,,2,9,15,1,2,15,,
16-01-2014,1,,,1,,1,,,4,2,0,5,0,2,,1,,2,,1,7,2,,3,13,3,3,,2,,,2,13,13,1,2,7,,
16-01-2014,2,,,1,,1,,,4,2,0,9,0,2,,1,,3,,1,10,2,,5,8,3,2,,4,,,1,13,10,1,2,5,,
16-01-2014,3,,,1,,1,,,11,2,0,15,0,2,,1,,3,,2,10,1,,3,16,3,3,,2,,,1,1,9,1,2,3,,
16-01-2014,4,,,1,,1,,,10,1,0,3,0,3,,1,,3,,0,8,1,,2,11,3,2,,5,,,1,1,13,1,1,1,,
16-01-2014,5,,,1,,1,,,6,1,0,18,0,3,,1,,3,,1,1,1,,2,11,3,2,,4,,,1,0,7,1,2,1,2,
16-01-2014,6,3,,1,,1,,,4,2,0,35,0,2,,1,,3,,1,1,1,,2,3,3,3,,3,,,1,0,6,1,2,2,2,
16-01-2014,7,2,,0,,1,,,3,1,0,13,0,1,,1,,4,,1,2,1,,2,0,3,3,,2,,,0,0,5,1,2,,2,
16-01-2014,8,4,,1,,1,,,2,2,1,3,1,2,,2,,5,,2,2,2,,2,0,3,3,,3,,,1,1,5,1,3,,2,
16-01-2014,9,7,,2,,2,,,2,2,2,20,2,3,,3,,4,,3,4,4,,4,2,4,6,,7,,,3,2,9,4,3,,3,
16-01-2014,10,17,,8,,5,,,5,12,4,26,5,6,,6,,7,,9,10,9,,10,8,8,11,,15,,,5,4,14,12,6,,6,
16-01-2014,11,30,,13,,10,,,15,20,13,16,18,13,,17,,13,,17,23,17,,16,16,16,21,,32,,,9,13,18,25,,,13,
16-01-2014,12,43,,,,23,,,34,34,17,18,34,17,,31,,26,,28,43,28,,27,21,33,36,,47,,,12,25,32,41,,39,26,
16-01-2014,13,52,,,,38,,,47,45,25,25,49,36,,41,,52,,38,53,35,,47,31,49,34,,55,,,30,52,43,39,,53,47,
16-01-2014,14,59,,,,45,,,56,54,39,28,50,44,,46,,65,,46,63,41,,59,35,57,47,,55,,,,57,40,50,,64,47,
16-01-2014,15,62,,42,,44,,,63,58,41,30,54,41,,48,,66,,50,69,39,,63,34,,50,,65,,,,57,49,50,58,70,44,
16-01-2014,16,67,,43,,44,,,69,59,46,40,55,51,,53,,74,,46,59,43,,64,43,,51,,66,,,,52,51,48,54,73,46,
16-01-2014,17,72,,46,,40,,,72,59,41,41,46,42,,54,,73,,44,55,46,,62,48,,55,,64,,,,53,47,49,48,70,44,
16-01-2014,18,53,,36,,28,,,71,55,28,28,32,43,,38,,59,,29,44,29,,58,32,,41,,55,,,33,48,33,42,42,55,34,
16-01-2014,19,40,,25,,14,,,63,50,8,10,24,18,,18,,15,,14,42,11,,27,17,,19,,39,,,12,26,29,16,18,32,31,
16-01-2014,20,25,,15,,3,,,60,37,2,27,7,9,,12,,9,,6,40,5,,12,12,,4,,48,,,5,16,32,23,22,27,31,
16-01-2014,21,25,,9,,3,,,57,30,1,32,8,9,,6,,6,,10,26,13,,12,12,,6,,47,,,2,5,17,23,15,13,30,
16-01-2014,22,19,,8,,10,,,49,27,10,28,20,3,,12,,14,,19,20,11,,6,12,,23,,43,,,1,8,14,24,13,18,31,
16-01-2014,23,11,,1,,8,,,47,26,13,35,27,1,,25,,18,,22,12,2,,11,6,,8,,47,,,2,6,8,17,6,21,39,
16-01-2014,24,13,,2,,2,,,37,13,1,24,15,1,,5,,,,4,16,2,,7,17,,3,,31,,,5,7,10,,2,15,18,
17-01-2014,1,12,,13,,1,,,24,5,0,28,16,1,,1,,,,2,,5,,26,13,4,3,,21,,,5,10,15,,5,15,9,
17-01-2014,2,15,,6,,1,,,14,9,0,32,2,2,,1,,,,1,,8,,31,28,3,3,,23,,,10,20,19,,3,16,6,
17-01-2014,3,7,,10,,1,,,9,2,0,27,1,5,,1,,,,1,,17,,10,37,3,2,,28,,,4,9,15,,2,22,3,
17-01-2014,4,6,,8,,2,,,11,2,0,36,1,9,,1,,,,1,,23,,2,43,3,2,,28,,,5,9,18,,2,12,2,
17-01-2014,5,4,,22,,1,,,12,2,1,36,1,12,,1,,,,1,,27,,5,38,3,2,,15,,,2,8,21,,2,2,2,
17-01-2014,6,2,,11,,1,,,6,1,7,29,0,6,,1,,,,1,,23,,2,19,3,2,,2,,,2,2,20,1,2,2,2,
17-01-2014,7,2,,0,,1,,,3,2,1,5,1,2,,1,,,,2,,7,,2,2,4,2,,6,,,1,1,17,1,2,2,2,
17-01-2014,8,3,,1,,1,,,1,2,1,3,1,2,,2,,,,4,,3,,2,0,3,3,,4,,,1,1,20,1,2,3,2,
17-01-2014,9,8,,5,,2,,,1,3,2,16,2,3,,2,,,,3,,9,,3,12,4,3,,4,,,2,3,20,2,4,7,3,
17-01-2014,10,26,,25,,8,,,5,11,9,34,10,11,,8,,11,,10,,14,,7,29,8,9,,10,,,8,9,26,11,12,14,7,
17-01-2014,11,43,,38,,27,,,17,22,18,43,34,32,,20,,38,,21,,20,,29,39,27,23,,27,,,26,27,40,25,28,42,24,
17-01-2014,12,53,,44,,,,,39,44,60,52,49,47,,33,,50,,38,,44,,46,52,47,38,,52,,,42,50,41,44,52,52,41,
17-01-2014,13,56,,49,,,,,51,50,47,59,50,51,,54,,57,,49,,53,,53,60,54,51,,60,,,48,54,55,52,58,56,43,
17-01-2014,14,55,,50,,,,,58,55,59,61,51,54,,63,,56,,54,,58,,56,63,59,64,,67,,,47,51,66,64,64,54,45,
17-01-2014,15,53,,52,,53,,,61,59,57,62,54,53,,62,,55,,55,,57,,53,63,59,66,,72,,,47,54,67,68,68,55,47,
17-01-2014,16,53,,51,,53,,,61,60,55,60,53,49,,58,,53,,46,59,56,,54,61,56,64,,73,,,47,55,63,64,66,57,45,
17-01-2014,17,51,,48,,48,,,62,55,51,55,47,51,,49,,48,,50,52,53,,47,56,53,59,,65,,,44,53,61,58,57,53,40,
17-01-2014,18,,,39,,35,,,60,45,38,42,39,43,,37,,43,,37,41,40,,38,48,44,49,,50,,,35,42,43,51,45,42,33,
17-01-2014,19,35,,21,,18,,,56,26,20,27,23,16,,12,,30,,19,23,18,,22,21,25,18,,24,,,20,24,27,32,28,28,25,
17-01-2014,20,32,,14,,14,,,50,13,14,19,23,13,,12,,27,,15,18,10,,18,10,22,15,,25,,,16,21,20,22,19,23,14,
17-01-2014,21,26,,13,,11,,,49,3,12,14,16,14,,12,,28,,15,11,11,,17,8,22,13,,17,,,14,21,12,17,10,21,13,
17-01-2014,22,23,,8,,3,,,45,7,10,12,16,11,,10,,7,,9,6,2,,11,1,9,14,,14,,,7,11,11,7,5,20,18,
17-01-2014,23,21,,4,,4,,,39,8,5,12,14,14,,3,,8,,1,2,2,,10,1,4,4,,6,,,8,10,9,3,3,10,11,
17-01-2014,24,21,,1,,3,,,33,3,5,17,8,13,,2,,5,,1,2,3,,9,4,3,6,,3,,,5,6,12,3,1,5,4,
18-01-2014,1,20,,2,,2,,,26,2,1,4,1,3,,1,,2,,1,6,5,,3,7,3,5,,2,,,,3,16,1,1,13,14,
18-01-2014,2,13,,2,,2,,,11,2,1,1,1,4,,1,,8,,0,2,12,,5,14,3,5,,2,,,2,7,17,1,2,22,10,
18-01-2014,3,12,,12,,1,,,5,2,5,1,0,6,,1,,16,,1,9,13,,7,8,3,4,,2,,,1,6,16,1,1,24,3,
18-01-2014,4,14,,8,,3,,,13,2,7,2,1,8,,1,,16,,1,11,13,,19,13,3,10,,3,,,2,4,18,1,3,14,4,
18-01-2014,5,12,,4,,2,,,12,2,1,3,0,8,,1,,3,,0,11,9,,7,11,3,2,,2,,,2,1,18,1,3,4,2,
18-01-2014,6,7,,2,,2,,,6,1,0,2,0,3,,1,,2,,1,7,4,,3,6,3,2,,2,,,1,0,16,1,2,2,2,
18-01-2014,7,3,,0,,2,,,3,2,1,2,1,1,,1,,3,,1,4,5,,3,4,3,2,,3,,,,1,16,1,2,1,2,
18-01-2014,8,4,,1,,2,,,2,2,1,3,1,2,,1,,3,,2,3,2,,3,3,3,2,,3,,,,1,19,1,2,2,2,
18-01-2014,9,9,,2,,4,,,2,3,3,,2,4,,3,,5,,3,5,7,,6,3,6,5,,6,,,3,3,18,4,6,6,4,
18-01-2014,10,18,,8,,6,,,5,11,8,8,5,9,,9,,11,,9,,14,,16,18,12,12,,18,,,8,9,16,10,13,10,10,
18-01-2014,11,33,,19,,13,,,18,23,19,29,15,14,,20,,27,,18,22,23,,27,35,19,23,,29,,,17,16,25,23,22,24,17,
18-01-2014,12,42,,32,,27,,,38,38,30,41,32,34,,39,,38,,31,38,36,,37,42,28,36,,45,,,27,29,41,43,38,40,32,
18-01-2014,13,63,,36,,49,,,52,52,53,55,58,52,,50,,56,,46,63,54,,54,55,48,58,,62,,,44,58,57,60,57,58,54,
18-01-2014,14,73,,63,,71,,,63,61,67,65,76,64,,69,,78,,61,77,71,,72,73,69,77,,79,,,58,73,70,71,83,80,61,
18-01-2014,15,82,,78,,88,,,70,63,81,81,77,,,86,,84,,74,83,80,,77,87,78,91,,81,,,74,85,85,85,94,90,68,
18-01-2014,16,88,,87,,89,,,75,64,96,91,84,84,,96,,91,,82,95,90,,85,94,,107,,83,,,83,91,88,93,105,98,76,
18-01-2014,17,89,,87,,93,,,82,64,99,98,83,77,,101,,96,,80,100,90,,91,98,85,108,,83,,,82,88,88,93,112,97,83,
18-01-2014,18,91,,77,,84,,,75,58,87,99,69,41,,76,,87,,69,66,84,,81,96,69,83,,79,,,68,78,73,69,85,88,64,
18-01-2014,19,60,,43,,32,,,66,49,37,55,38,25,,39,,52,,40,53,58,,33,63,35,38,,72,,,42,38,67,47,68,47,38,
18-01-2014,20,45,,23,,13,,,63,33,19,46,33,30,,18,,38,,21,44,30,,26,25,24,25,,38,,,,19,66,44,37,34,34,
18-01-2014,21,32,,17,,7,,,62,22,12,37,20,38,,4,,36,,4,30,4,,27,56,14,23,,8,,,,11,53,27,12,15,26,
18-01-2014,22,30,,11,,7,,,50,16,1,42,16,26,,1,,20,,3,21,14,,24,41,12,6,,7,,,,6,43,11,6,13,7,
18-01-2014,23,33,,6,,2,,,31,9,3,34,18,23,,1,,8,,2,11,6,,4,33,11,6,,15,,,,4,36,18,3,11,5,
18-01-2014,24,34,,11,,10,,,22,6,9,29,11,23,,1,,6,,1,9,7,,6,,4,5,,9,,,,5,28,4,2,15,2,
19-01-2014,1,27,,23,,8,,,19,2,14,16,3,24,,10,,21,,3,7,14,,16,,3,5,,5,,,,8,28,3,2,18,4,
19-01-2014,2,24,,14,,6,,,11,7,16,22,1,14,,6,,21,,1,1,22,,22,,3,13,,10,,,,25,29,1,2,26,6,
19-01-2014,3,14,,26,,5,,,16,3,9,17,1,11,,1,,35,,0,11,27,,15,,3,12,,16,,,,12,28,2,2,16,2,
19-01-2014,4,14,,24,,4,,,17,2,3,10,1,13,,1,,14,,2,20,27,,7,,3,8,,8,,,4,13,27,2,2,2,2,
19-01-2014,5,17,,23,,7,,,16,3,4,15,1,14,,1,,3,,1,11,26,,4,,4,8,,8,,,7,2,26,5,2,2,2,
19-01-2014,6,14,,8,,4,,,10,2,3,28,1,11,,1,,4,,1,8,28,,4,22,3,3,,6,,,3,7,24,5,2,2,2,
19-01-2014,7,10,,3,,2,,,6,2,1,26,0,2,,1,,3,,1,2,21,,3,9,4,2,,4,,,3,1,23,1,2,2,2,
19-01-2014,8,8,,4,,2,,,5,2,1,3,1,2,,1,,4,,2,3,6,,3,17,4,3,,9,,,2,1,22,2,2,3,2,
19-01-2014,9,14,,10,,5,,,5,5,4,22,3,6,,5,,5,,4,5,9,,6,11,5,8,,6,,,8,5,29,10,5,8,5,
19-01-2014,10,32,,17,,13,,,22,16,17,49,14,14,,13,,13,,9,19,21,,16,39,14,22,,17,,,21,11,27,21,17,19,13,
19-01-2014,11,49,,33,,34,,,39,29,31,53,36,35,,31,,32,,22,37,32,,28,47,25,40,,38,,,26,28,36,40,30,38,23,
19-01-2014,12,61,,50,,46,,,51,41,50,57,54,42,,46,,61,,40,50,51,,54,56,47,54,,58,,,40,50,59,54,46,62,42,
19-01-2014,13,71,,58,,59,,,62,59,62,70,62,59,,64,,72,,63,75,62,,65,,68,70,,74,,,56,65,69,61,72,72,57,
19-01-2014,14,75,,66,,75,,,72,73,75,82,69,70,,87,,88,,87,87,72,,81,,81,84,,85,,,71,76,81,74,90,80,68,
19-01-2014,15,74,,75,,90,,,79,84,91,88,80,86,,93,,100,,98,99,83,,96,91,91,102,,104,,,83,84,91,87,104,91,83,
19-01-2014,16,71,,80,,95,,,83,91,95,96,80,95,,98,,93,,96,101,94,,94,101,95,110,,115,,,81,87,101,91,108,89,85,
19-01-2014,17,67,,79,,83,,,85,94,94,97,64,93,,104,,80,,97,95,99,,81,102,96,108,,113,,,79,85,101,87,101,83,83,
19-01-2014,18,49,,61,,73,,,83,80,81,90,47,84,,86,,51,,73,92,84,,56,98,83,98,,100,,,63,52,88,83,95,50,61,
19-01-2014,19,38,,32,,34,,,66,62,51,67,30,43,,47,,31,,37,40,61,,29,62,38,59,,82,,,23,31,69,51,49,35,26,
19-01-2014,20,,,18,,23,,,50,47,19,43,14,28,,12,,15,,16,13,24,,19,36,22,20,,27,,,20,18,41,15,14,26,33,
19-01-2014,21,26,,15,,14,,,45,10,14,35,3,34,,10,,19,,8,8,17,,20,24,21,15,,11,,,16,5,20,13,12,23,22,
19-01-2014,22,24,,18,,8,,,37,4,7,15,1,9,,9,,22,,8,4,15,,17,6,6,11,,12,,,9,2,24,5,6,12,9,
19-01-2014,23,21,,17,,8,,,26,2,4,5,1,2,,10,,,,8,2,21,,9,5,4,5,,10,,,3,1,30,1,4,15,2,
19-01-2014,24,12,,16,,4,,,23,2,4,16,1,4,,3,,11,,3,2,24,,8,17,3,3,,7,,,,4,28,1,2,19,2,
20-01-2014,1,6,,16,,2,,,20,4,2,7,1,9,,1,,18,,1,4,23,,16,31,3,3,,7,,,,11,29,1,2,6,2,
20-01-2014,2,7,,19,,4,,,15,6,1,16,1,14,,1,,2,,1,15,23,,6,37,3,2,,4,,,,3,28,1,3,2,2,
20-01-2014,3,7,,13,,2,,,13,4,0,21,0,16,,1,,2,,0,12,22,,7,35,3,2,,4,,,,2,25,5,10,2,2,
20-01-2014,4,7,,10,,2,,,12,2,0,22,0,14,,2,,2,,1,11,21,,5,33,3,2,,5,,,,0,19,2,10,2,2,
20-01-2014,5,5,,7,,2,,,10,2,1,15,0,9,,1,,3,,1,4,22,,4,28,4,2,,2,,,,1,17,1,5,2,2,
20-01-2014,6,3,,8,,2,,,7,2,1,8,1,3,,1,,2,,1,2,12,,2,21,4,3,,4,,,3,1,21,1,2,2,2,
20-01-2014,7,2,,0,,2,,,4,2,1,5,1,1,,1,,3,,2,3,6,,2,8,4,3,,4,,,1,1,24,1,2,2,2,
20-01-2014,8,3,,1,,2,,,2,2,1,3,1,2,,1,,,,1,3,2,,2,6,4,3,,4,,,1,1,26,1,2,3,2,
20-01-2014,9,8,,2,,3,,,3,4,2,17,2,3,,3,,4,,3,6,5,,4,18,5,5,,5,,,3,2,29,6,4,6,3,
20-01-2014,10,22,,9,,6,,,12,15,7,37,8,10,,7,,10,,7,14,10,,7,40,13,11,,22,,,,6,16,15,9,16,8,
20-01-2014,11,35,,22,,11,,,29,26,13,28,17,18,,,,20,,19,33,24,,19,27,23,26,,39,,,,16,29,25,25,31,18,
20-01-2014,12,59,,30,,38,,,47,43,34,35,46,37,,,,41,,40,58,38,,43,42,45,43,,55,,,,40,55,45,48,45,30,
20-01-2014,13,71,,43,,56,,,59,56,54,47,67,46,,,,69,,53,75,56,,63,54,57,69,,69,,,54,63,67,64,72,68,55,
20-01-2014,14,61,,63,,68,,,66,62,62,69,68,61,,65,,74,,64,69,63,,72,70,70,77,,83,,,64,74,83,68,71,74,63,
20-01-2014,15,64,,71,,64,,,70,64,69,84,70,68,,80,,78,,82,89,71,,75,84,82,78,,78,,,75,76,86,67,84,78,63,
20-01-2014,16,72,,69,,69,,,74,77,75,86,63,73,,80,,78,,68,95,80,,68,87,84,94,,87,,,70,70,85,78,90,74,56,
20-01-2014,17,70,,49,,65,,,75,79,69,77,59,61,,75,,64,,62,87,71,,66,81,68,85,,96,,,55,60,88,71,93,67,51,
20-01-2014,18,59,,42,,41,,,73,68,58,69,44,41,,55,,42,,45,61,62,,49,75,52,69,,79,,,49,51,67,63,,60,42,
20-01-2014,19,45,,21,,22,,,66,60,26,33,37,20,,20,,13,,24,30,28,,29,26,41,31,,,,,27,27,47,34,31,43,38,
20-01-2014,20,33,,4,,13,,,50,28,12,9,19,5,,3,,4,,14,8,4,,6,7,20,10,,48,,,6,8,33,23,13,30,33,
20-01-2014,21,26,,8,,3,,,33,8,3,3,21,2,,1,,6,,14,6,3,,4,5,6,3,,20,,,1,3,24,20,4,6,31,
20-01-2014,22,27,,15,,2,,,34,2,1,29,7,2,,1,,3,,1,4,2,,9,9,4,3,,40,,,2,8,13,6,4,3,12,
20-01-2014,23,24,,12,,2,,,29,3,0,24,1,1,,1,,8,,1,6,1,,3,1,3,3,,32,,,6,2,7,4,2,3,14,
20-01-2014,24,22,,14,,2,,,24,6,1,,1,1,,1,,9,,,9,1,,2,0,3,3,,24,,,,11,9,1,2,2,27,
21-01-2014,1,22,,21,,1,,,17,2,0,,1,3,,1,,9,,,11,5,,2,10,4,3,,17,,,,1,11,1,2,2,5,
21-01-2014,2,25,,23,,2,,,9,1,0,,1,5,,1,,4,,,5,19,,2,12,3,3,,3,,,,1,7,1,2,2,3,
21-01-2014,3,27,,30,,2,,,4,1,0,,1,16,,1,,3,,,17,22,,3,18,4,3,,2,,,,1,6,1,2,8,3,
21-01-2014,4,26,,29,,2,,,2,1,0,,1,13,,1,,4,,,18,21,,2,18,3,2,,2,,,,1,7,1,2,23,2,
21-01-2014,5,18,,19,,1,,,1,1,0,,1,18,,1,,5,,,16,25,,3,28,3,2,,1,,,,0,13,1,2,2,2,
21-01-2014,6,13,,10,,2,,,1,1,1,33,1,11,,1,,3,,2,2,18,,2,8,3,3,,3,,,,1,15,1,2,2,2,
21-01-2014,7,8,,3,,2,,,0,1,1,14,1,2,,1,,3,,2,1,4,,2,1,3,3,,2,,,,1,14,1,2,2,2,
21-01-2014,8,7,,2,,2,,,1,2,1,17,1,2,,1,,4,,2,2,2,,3,2,4,3,,3,,,,1,19,2,2,3,2,
21-01-2014,9,17,,11,,3,,,1,2,1,35,2,4,,2,,5,,3,,4,,4,24,4,4,,13,,,9,4,18,3,4,4,3,
21-01-2014,10,37,,18,,10,,,3,16,11,45,15,17,,9,,16,,8,,22,,17,46,9,13,,28,,,19,16,36,9,9,23,17,
21-01-2014,11,46,,33,,37,,,12,35,,43,40,33,,30,,36,,34,38,32,,33,40,39,35,,37,,,36,38,40,37,35,43,32,
21-01-2014,12,48,,42,,43,,,39,39,,48,47,43,,41,,48,,40,44,45,,39,50,44,46,,48,,,42,46,50,46,46,,38,
21-01-2014,13,49,,44,,45,,,50,40,,51,49,46,,43,,50,,44,48,47,,,54,48,50,,49,,,44,47,53,49,51,,39,
21-01-2014,14,49,,45,,47,,,54,41,48,54,48,48,,45,,50,,47,51,49,,41,54,47,54,,54,,,48,47,56,52,51,,38,
21-01-2014,15,49,,46,,44,,,56,41,48,55,48,49,,44,,49,,44,48,51,,43,57,46,53,,52,,,47,48,58,50,52,,39,
21-01-2014,16,48,,44,,43,,,56,42,46,54,46,46,,43,,50,,42,47,47,,42,55,47,51,,52,,,44,46,58,49,52,42,38,
21-01-2014,17,45,,40,,38,,,56,40,42,51,42,44,,37,,51,,43,45,43,,40,51,42,48,,50,,,41,44,52,45,49,42,35,
21-01-2014,18,40,,34,,30,,,54,34,34,45,36,34,,29,,44,,32,38,36,,32,41,38,41,,43,,,34,38,40,37,41,40,27,
21-01-2014,19,37,,26,,18,,,52,27,23,30,31,20,,19,,36,,21,25,24,,25,26,28,30,,30,,,23,30,26,29,30,32,22,
21-01-2014,20,34,,18,,14,,,48,18,16,24,27,22,,14,,33,,18,20,15,,27,20,25,20,,,,,22,27,19,23,22,29,16,
21-01-2014,21,34,,18,,11,,,44,9,7,21,30,26,,10,,15,,14,20,16,,26,18,22,12,,18,,,10,23,9,15,21,28,18,
21-01-2014,22,32,,19,,7,,,41,7,10,20,27,24,,5,,8,,5,17,12,,15,18,13,15,,16,,,5,18,6,7,11,26,17,
21-01-2014,23,30,,18,,7,,,37,4,17,23,13,26,,10,,7,,3,13,17,,13,25,8,17,,9,,,,11,6,8,2,23,17,
21-01-2014,24,28,,15,,9,,,27,2,18,10,13,28,,11,,16,,13,3,,,13,13,4,22,,5,,,,19,5,12,4,23,9,
22-01-2014,1,21,,11,,13,,,14,2,21,3,10,25,,12,,13,,11,3,,,14,11,4,20,,6,,,,18,6,16,7,18,2,
22-01-2014,2,17,,13,,15,,,14,3,23,6,5,22,,13,,11,,11,17,,,7,7,4,24,,11,,,,18,14,14,6,27,3,
22-01-2014,3,18,,8,,5,,,15,2,17,3,1,18,,8,,7,,8,19,,,10,12,4,21,,12,,,,16,20,1,6,22,2,
22-01-2014,4,14,,14,,2,,,12,1,3,5,0,15,,2,,2,,1,15,,,11,8,5,4,,9,,,,18,17,2,12,13,2,
22-01-2014,5,12,,19,,4,,,9,1,1,1,1,10,,1,,2,,0,7,,,9,5,5,3,,6,,,,2,14,4,4,8,2,
22-01-2014,6,8,,11,,2,,,4,1,1,,1,6,,1,,2,,1,2,1,,3,1,4,3,,2,,,,2,11,1,2,3,2,
22-01-2014,7,4,,0,,1,,,1,2,1,1,1,1,,1,,3,,1,1,1,,2,0,4,2,,3,,,0,3,11,1,1,2,2,
22-01-2014,8,3,,1,,2,,,1,2,1,3,1,2,,1,,4,,3,2,2,,3,0,4,3,,3,,,1,1,10,1,2,3,2,
22-01-2014,9,10,,3,,4,,,2,3,3,4,3,3,,3,,5,,3,6,5,,5,4,5,5,,7,,,3,2,17,4,4,6,3,
22-01-2014,10,25,,11,,7,,,6,10,7,9,12,7,,8,,13,,10,12,12,,9,15,10,10,,18,,,9,6,19,16,10,15,8,
22-01-2014,11,36,,18,,13,,,19,23,17,26,22,16,,17,,28,,18,28,18,,23,25,19,23,,36,,,21,16,,32,23,29,20,
22-01-2014,12,46,,29,,30,,,,40,38,49,40,28,,37,,49,,29,46,37,,38,46,31,41,,52,,,30,35,51,46,41,42,36,
22-01-2014,13,56,,41,,44,,,,52,59,59,50,49,,55,,50,,46,61,58,,,58,45,68,,71,,,47,53,64,60,60,52,49,
22-01-2014,14,65,,64,,61,,,,60,64,76,59,59,,63,,65,,64,81,65,,,75,71,77,,77,,,61,67,78,64,74,69,49,
22-01-2014,15,64,,74,,62,,,45,60,74,88,66,73,,82,,69,,86,84,75,,,90,83,83,,80,,,77,73,91,70,85,76,60,
22-01-2014,16,63,,70,,72,,,53,61,86,100,66,84,,94,,67,,89,79,84,,,103,79,100,,75,,,75,75,97,81,89,76,57,
22-01-2014,17,66,,71,,76,,,60,63,89,104,63,80,,101,,73,,87,85,88,,61,102,80,105,,77,,,75,73,94,83,89,80,58,
22-01-2014,18,58,,52,,61,,,65,69,78,86,42,67,,78,,57,,72,79,85,,55,88,70,98,,74,,,61,58,84,66,85,64,46,
22-01-2014,19,37,,17,,15,,,64,61,37,52,27,16,,21,,14,,16,54,49,,26,45,25,51,,56,,,28,14,70,50,51,25,34,
22-01-2014,20,17,,9,,2,,,64,52,30,18,10,9,,8,,7,,6,60,36,,21,12,14,44,,30,,,,3,68,38,30,11,14,
22-01-2014,21,9,,26,,2,,,64,39,25,10,2,6,,3,,16,,12,45,14,,17,10,20,27,,29,,,,1,52,26,4,12,21,
22-01-2014,22,13,,8,,2,,,60,32,8,5,1,3,,7,,10,,1,33,4,,10,14,4,33,,23,,,,2,42,27,18,4,18,
22-01-2014,23,2,,6,,1,,,56,33,19,3,1,2,,8,,16,,1,30,4,,12,16,4,33,,30,,,1,1,21,25,22,4,13,
22-01-2014,24,,,3,,1,,,54,29,12,3,1,3,,10,,5,,2,32,14,,3,26,4,12,,23,,,1,1,31,28,16,5,,
23-01-2014,1,,,1,,2,,,51,11,15,32,1,1,,12,,3,,2,11,22,,8,33,4,25,,30,,,1,1,47,27,19,3,,
23-01-2014,2,,,4,,1,,,45,20,13,52,2,2,,5,,3,,3,,4,,9,33,4,22,,30,,,,1,45,21,13,2,,
23-01-2014,3,,,2,,1,,,30,11,2,53,1,7,,5,,3,,1,,2,,2,35,4,10,,21,,,1,0,42,23,9,3,,
23-01-2014,4,,,7,,1,,,16,13,2,57,1,10,,1,,4,,1,,3,,3,36,4,8,,31,,,4,0,32,25,5,3,,
23-01-2014,5,,,6,,1,,,11,7,1,61,1,9,,3,,4,,1,,2,,3,44,4,3,,35,,,2,0,32,24,4,3,,
23-01-2014,6,7,,4,,2,,,8,2,1,45,1,3,,3,,4,,1,,7,,2,33,4,4,,33,,,1,1,34,6,3,3,4,
23-01-2014,7,4,,0,,2,,,4,5,1,23,1,1,,1,,4,,1,,3,,2,15,4,3,,34,,,2,1,32,1,2,3,2,
23-01-2014,8,,,1,,1,,,3,2,1,3,1,2,,1,,5,,3,,3,,3,2,4,3,,27,,,1,1,26,2,2,4,2,
23-01-2014,9,11,,7,,2,,,2,3,3,9,2,4,,3,,5,,3,,4,,4,4,4,5,,10,,,4,2,26,8,4,5,3,
23-01-2014,10,24,,25,,5,,,4,19,14,25,13,10,,8,,9,,6,,8,,10,21,12,19,,26,,,10,7,27,19,10,13,17,
23-01-2014,11,57,,38,,15,,,26,37,26,,34,33,,22,,35,,21,,26,,38,34,31,34,,54,,,20,28,32,,38,39,31,
23-01-2014,12,74,,48,,39,,,50,56,47,,58,53,,56,,78,,53,,59,,67,54,57,63,,76,,,45,53,,,70,71,55,
23-01-2014,13,81,,54,,69,,,65,66,72,73,76,72,,78,,79,,76,,76,,73,81,77,83,,88,,,69,77,,,85,83,70,
23-01-2014,14,83,,80,,87,,,74,78,85,96,85,91,,89,,96,,85,,90,,84,101,87,102,,107,,,88,89,,72,101,85,75,
23-01-2014,15,69,,97,,99,,,78,85,92,114,80,99,,94,,86,,96,,99,,94,116,107,108,,116,,,99,93,,78,102,87,86,
23-01-2014,16,69,,102,,111,,,84,93,94,98,74,105,,94,,79,,96,,90,,69,90,88,104,,117,,,98,83,,76,95,65,79,
23-01-2014,17,67,,84,,114,,,85,74,93,74,73,92,,94,,73,,85,,85,,71,71,85,102,,111,,,84,72,,73,84,76,63,
23-01-2014,18,60,,65,,87,,,81,64,73,75,53,88,,70,,52,,89,,75,,69,68,77,81,,105,,,53,59,,69,75,59,52,
23-01-2014,19,39,,29,,18,,,72,58,12,14,23,23,,9,,6,,32,,14,,30,28,17,16,,71,,,,17,,39,57,36,32,
23-01-2014,20,51,,42,,2,,,64,46,5,15,4,2,,1,,15,,7,,22,,22,20,7,5,,30,,,,8,,26,18,30,12,
23-01-2014,21,51,,23,,3,,,60,35,1,38,30,8,,1,,47,,2,,13,,17,19,7,3,,9,,,,21,,21,4,39,20,
23-01-2014,22,44,,30,,8,,,50,32,1,33,34,26,,1,,33,,13,,3,,33,33,14,3,,25,,,,28,,7,7,37,17,
23-01-2014,23,37,,26,,3,,,39,23,3,31,35,38,,5,,36,,10,,7,,27,21,22,2,,23,,,,25,,2,2,25,16,
23-01-2014,24,40,,15,,5,,,24,19,24,38,31,40,,5,,21,,1,,25,,18,37,18,12,,18,,,,14,,,2,15,26,
24-01-2014,1,35,,24,,14,,,18,21,27,40,25,38,,17,,25,,10,,27,,22,31,4,20,,26,,,16,26,,,5,26,25,
24-01-2014,2,32,,24,,4,,,18,20,23,32,13,38,,14,,30,,7,,27,,27,30,4,25,,32,,,15,25,,,12,31,19,
24-01-2014,3,37,,16,,14,,,24,12,22,31,10,31,,15,,32,,12,,27,,35,28,5,23,,30,,,15,15,,,2,20,25,
24-01-2014,4,31,,18,,13,,,30,9,18,31,21,30,,9,,27,,5,,22,,31,20,4,21,,26,,,14,13,,,5,28,14,
24-01-2014,5,32,,20,,8,,,32,3,18,30,24,30,,10,,30,,5,,22,,34,22,17,23,,25,,,12,23,,,3,27,17,
24-01-2014,6,29,,13,,13,,,29,2,15,28,19,23,,8,,22,,9,,19,,28,24,17,22,,16,,,8,19,,12,3,19,17,
24-01-2014,7,19,,4,,2,,,12,2,7,23,13,18,,4,,9,,3,,13,,14,16,5,8,,11,,,,17,,4,1,15,20,
24-01-2014,8,9,,4,,2,,,1,2,1,17,12,12,,2,,6,,0,,11,,4,16,6,5,,6,,,,10,,1,6,18,18,
24-01-2014,9,13,,5,,10,,,2,4,4,21,12,10,,7,,17,,4,,8,,16,20,17,3,,4,,,,17,,7,18,26,20,
24-01-2014,10,39,,16,,13,,,9,16,12,24,23,17,,9,,33,,14,,16,,33,24,16,12,,17,,,9,22,,8,13,37,25,
24-01-2014,11,47,,24,,20,,,28,26,24,36,28,27,,19,,42,,18,,30,,43,,27,32,,,,,21,35,,17,21,39,27,
24-01-2014,12,53,,33,,30,,,44,32,34,38,31,35,,33,,51,,25,,37,,48,,31,43,,,,,27,37,,29,34,45,30,
24-01-2014,13,60,,41,,41,,,54,42,43,45,40,50,,45,,69,,37,,47,,60,,43,58,,,,,40,42,,40,50,56,37,
24-01-2014,14,68,,50,,52,,,59,55,50,55,52,58,,59,,85,,55,,51,,73,,55,62,,,,,53,57,,49,63,68,52,
24-01-2014,15,78,,60,,60,,,70,64,60,70,70,70,,72,,94,,66,,59,,80,,64,76,,,,,76,78,,58,78,78,68,
24-01-2014,16,78,,75,,67,,,78,72,72,76,87,73,,75,,96,,73,,69,,83,74,73,92,,79,,,81,93,,64,87,89,72,
24-01-2014,17,75,,75,,67,,,83,74,77,77,85,71,,79,,86,,79,,71,,77,79,76,88,,75,,,73,91,,64,91,94,67,
24-01-2014,18,70,,72,,59,,,87,65,72,75,65,49,,82,,80,,74,,64,,65,71,70,76,,82,,,67,81,,59,94,89,58,
24-01-2014,19,54,,45,,26,,,77,48,41,37,39,22,,52,,72,,51,,38,,56,38,45,46,,78,,,34,42,,50,78,53,46,
24-01-2014,20,52,,27,,17,,,67,36,49,7,27,51,,54,,12,,49,,41,,44,21,40,63,,,,,15,22,,48,62,26,36,
24-01-2014,21,18,,22,,9,,,63,21,12,56,26,38,,26,,11,,20,,8,,26,19,19,37,,46,,,,9,,39,37,17,24,
24-01-2014,22,21,,12,,3,,,59,12,7,61,24,31,,2,,12,,3,,8,,11,25,4,10,,19,,,3,5,,14,12,18,12,
24-01-2014,23,20,,7,,3,,,46,11,7,38,10,23,,1,,13,,1,,13,,6,28,3,14,,21,,,4,2,,5,1,18,6,
24-01-2014,24,12,,19,,6,,,36,2,4,36,2,30,,2,,26,,0,,8,,23,19,3,7,,2,,,,1,,3,2,15,3,
25-01-2014,1,13,,29,,7,,,28,4,4,19,1,27,,2,,11,,0,8,13,,13,25,3,8,,8,,,,2,,3,1,4,2,
25-01-2014,2,4,,22,,7,,,20,3,2,12,1,7,,1,,4,,0,3,19,,3,23,3,2,,9,,,,2,,1,2,3,2,
25-01-2014,3,3,,15,,2,,,16,6,1,23,1,6,,1,,4,,0,2,17,,2,29,3,2,,8,,,,1,,1,1,6,2,
25-01-2014,4,3,,11,,2,,,19,2,1,20,1,7,,1,,4,,1,2,24,,3,31,3,2,,4,,,3,1,,1,2,2,2,
25-01-2014,5,2,,3,,2,,,16,2,1,36,1,10,,1,,3,,1,1,26,,3,38,3,2,,10,,,1,1,,1,3,2,2,
25-01-2014,6,2,,0,,1,,,8,2,1,9,0,9,,1,,2,,1,1,11,,2,21,3,2,,10,,,0,0,,1,2,2,2,
25-01-2014,7,2,,0,,2,,,10,2,1,5,1,2,,1,,3,,1,1,3,,2,8,4,2,,2,,,0,1,,2,2,3,2,
25-01-2014,8,3,,1,,2,,,13,2,1,4,1,2,,1,,3,,3,2,7,,3,7,4,2,,2,,,1,1,,2,2,3,2,
25-01-2014,9,9,,3,,4,,,13,3,3,31,2,5,,3,,6,,3,6,8,,4,14,4,4,,6,,,,3,,5,4,6,3,
25-01-2014,10,19,,16,,10,,,24,12,8,25,14,10,,11,,11,,11,14,16,,10,35,8,15,,18,,,7,8,,10,12,18,9,
25-01-2014,11,39,,33,,25,,,38,27,,54,30,30,,27,,25,,26,32,35,,26,56,23,35,,38,,,20,26,,25,32,37,20,
25-01-2014,12,62,,47,,52,,,52,43,,60,52,51,,50,,57,,50,57,53,,53,62,46,61,,65,,,45,56,,45,55,61,42,
25-01-2014,13,66,,53,,69,,,64,60,59,65,,54,,62,,72,,62,70,59,,62,67,65,67,,70,,,57,61,,53,68,73,49,
25-01-2014,14,63,,63,,73,,,69,62,70,69,65,64,,70,,68,,70,66,61,,61,74,58,71,,66,,,61,66,,57,77,74,48,
25-01-2014,15,65,,57,,77,,,74,69,85,68,67,67,,86,,71,,81,65,79,,63,79,66,94,,79,,,61,57,,67,69,75,50,
25-01-2014,16,66,,62,,69,,,77,,91,77,63,68,,98,,76,,78,74,88,,70,85,72,106,,82,,,62,58,,68,86,72,60,
25-01-2014,17,66,,63,,66,,,80,,89,79,60,67,,83,,68,,66,80,82,,69,87,70,104,,83,,,60,63,,74,86,72,56,
25-01-2014,18,59,,55,,54,,,79,,50,66,55,56,,65,,49,,51,70,60,,56,69,63,76,,77,,,53,56,,62,70,61,53,
25-01-2014,19,46,,35,,28,,,73,,19,53,38,45,,25,,23,,20,30,30,,34,53,35,27,,53,,,26,28,,33,26,43,45,
25-01-2014,20,28,,22,,10,,,66,,4,48,18,40,,8,,10,,9,34,26,,19,10,26,10,,47,,,,18,,24,21,31,36,
25-01-2014,21,29,,21,,22,,,51,,11,40,7,37,,11,,15,,18,13,19,,14,9,20,14,,50,,,,13,,21,18,12,9,
25-01-2014,22,19,,12,,8,,,42,,17,29,14,10,,9,,19,,9,8,9,,12,22,14,15,,36,,,,2,,8,7,6,7,
25-01-2014,23,15,,22,,2,,,32,,3,25,2,26,,4,,14,,2,2,4,,6,11,4,7,,12,,,,1,,3,2,4,14,
25-01-2014,24,15,,24,,2,,,28,,1,5,1,12,,1,,13,,6,2,15,,9,,3,6,,6,,,,5,,1,2,2,4,
26-01-2014,1,8,,24,,4,,,24,5,1,3,1,11,,1,,6,,6,1,16,,5,,3,3,,9,,,,6,,1,2,2,3,
26-01-2014,2,4,,22,,2,,,22,4,1,3,1,11,,2,,3,,0,1,20,,2,,3,2,,2,,,,1,,1,2,2,2,
26-01-2014,3,4,,16,,2,,,21,3,1,7,1,16,,2,,3,,0,2,21,,2,,3,2,,8,,,1,1,,1,2,2,2,
26-01-2014,4,6,,9,,2,,,26,2,1,22,1,10,,1,,3,,0,2,21,,2,,3,2,,8,,,4,4,,2,2,2,2,
26-01-2014,5,6,,5,,1,,,24,1,1,25,2,12,,1,,3,,1,2,19,,3,,3,2,,2,,,4,1,,2,1,2,2,
26-01-2014,6,5,,3,,1,,,17,2,1,18,2,8,,1,,3,,1,2,21,,2,26,3,2,,10,,,5,1,,2,2,2,2,
26-01-2014,7,3,,1,,2,,,12,1,1,19,1,7,,1,,3,,1,2,5,,2,27,3,2,,3,,,4,1,,1,2,2,2,
26-01-2014,8,4,,2,,2,,,4,2,1,12,1,4,,1,,4,,2,2,4,,2,15,3,2,,11,,,1,1,,2,2,3,2,
26-01-2014,9,9,,8,,5,,,2,3,4,30,3,5,,2,,5,,3,5,10,,4,26,5,6,,7,,,3,4,,6,6,7,4,
26-01-2014,10,23,,19,,9,,,11,16,14,29,15,11,,12,,11,,9,15,20,,15,32,15,19,,22,,,15,11,,20,21,21,13,
26-01-2014,11,38,,33,,28,,,34,33,30,46,31,35,,36,,30,,22,41,38,,35,44,24,36,,40,,,37,29,,31,42,36,33,
26-01-2014,12,53,,42,,48,,,53,48,47,53,51,54,,59,,52,,42,70,49,,54,56,43,54,,56,,,43,54,,44,62,54,51,
26-01-2014,13,64,,57,,62,,,65,64,64,65,59,62,,61,,65,,58,72,61,,63,69,64,75,,75,,,63,60,,54,71,64,60,
26-01-2014,14,67,,69,,81,,,73,69,71,82,68,72,,79,,70,,81,79,78,,71,85,84,90,,92,,,70,69,,65,83,66,65,
26-01-2014,15,65,,74,,85,,,78,80,85,93,70,84,,98,,75,,97,101,86,,77,97,99,98,,100,,,80,75,,69,100,78,78,
26-01-2014,16,67,,76,,78,,,88,77,93,93,65,78,,104,,86,,92,120,88,,84,96,87,102,,104,,,84,76,,74,114,78,79,
26-01-2014,17,65,,71,,72,,,95,72,90,89,63,70,,98,,79,,74,103,85,,78,96,71,99,,93,,,78,73,,60,109,70,74,
26-01-2014,18,57,,59,,70,,,94,67,77,72,53,44,,89,,79,,64,87,75,,70,89,67,82,,85,,,70,60,,55,95,66,55,
26-01-2014,19,54,,48,,47,,,81,59,59,60,32,45,,59,,69,,62,59,58,,48,58,52,61,,82,,,56,36,,52,82,48,45,
26-01-2014,20,60,,39,,37,,,75,43,40,59,17,27,,43,,59,,41,42,48,,43,46,37,48,,63,,,40,21,,41,68,42,37,
26-01-2014,21,54,,15,,11,,,70,27,34,53,19,8,,30,,51,,24,41,42,,41,46,18,36,,40,,,31,27,,27,26,25,33,
26-01-2014,22,28,,18,,3,,,64,27,26,47,3,1,,10,,31,,18,30,28,,33,31,4,33,,41,,,2,19,,24,16,7,26,
26-01-2014,23,16,,8,,2,,,61,16,18,45,4,1,,4,,8,,5,35,17,,8,32,3,31,,36,,,1,1,,22,17,1,11,
26-01-2014,24,15,,12,,2,,,55,2,13,45,2,1,,5,,9,,2,37,22,,11,27,3,21,,29,,,,1,,16,29,2,4,
27-01-2014,1,16,,6,,4,,,45,5,6,47,1,11,,17,,7,,2,11,27,,18,34,3,3,,39,,,,1,,12,39,2,6,
27-01-2014,2,13,,7,,7,,,34,5,4,44,2,12,,16,,3,,10,16,33,,11,38,3,2,,28,,,,3,,2,33,1,2,
27-01-2014,3,14,,13,,6,,,25,5,14,40,2,17,,2,,3,,4,8,36,,11,38,3,2,,33,,,,1,,7,19,2,2,
27-01-2014,4,18,,17,,9,,,25,7,11,48,1,21,,2,,4,,1,6,34,,12,45,3,3,,29,,,,0,,12,19,4,3,
27-01-2014,5,16,,13,,2,,,24,2,2,44,1,9,,4,,4,,1,2,24,,3,39,3,12,,18,,,,0,,12,14,2,3,
27-01-2014,6,12,,4,,2,,,19,2,5,38,1,2,,1,,4,,1,2,18,,3,25,3,10,,24,,,3,1,,10,6,2,2,
27-01-2014,7,7,,0,,2,,,8,2,1,1,1,1,,1,,4,,1,2,3,,2,4,3,2,,7,,,1,1,,2,2,2,2,
27-01-2014,8,4,,0,,2,,,1,2,1,15,1,1,,1,,5,,1,3,5,,3,3,4,2,,6,,,1,1,,1,2,4,2,
27-01-2014,9,10,,2,,3,,,2,4,3,17,3,3,,3,,6,,3,3,10,,3,14,4,4,,6,,,2,2,,4,4,4,3,
27-01-2014,10,29,,17,,9,,,7,19,9,28,9,15,,7,,11,,8,20,13,,14,35,10,12,,29,,,8,7,,13,10,9,9,
27-01-2014,11,60,,27,,22,,,19,39,31,46,28,28,,25,,33,,27,49,35,,31,41,30,36,,46,,,22,37,,29,34,34,27,
27-01-2014,12,69,,34,,43,,,,55,50,55,53,53,,55,,67,,55,70,54,,62,58,52,63,,66,,,44,57,,49,61,64,49,
27-01-2014,13,73,,51,,64,,,,63,64,70,66,63,,68,,74,,60,80,70,,70,74,65,78,,78,,,71,72,,57,79,77,62,
27-01-2014,14,78,,67,,74,,,67,56,77,87,78,78,,79,,84,,77,73,85,,79,93,72,94,,89,,,82,74,,67,87,82,70,
27-01-2014,15,68,,81,,88,,,71,73,93,103,87,96,,95,,99,,89,90,94,,95,109,85,109,,96,,,94,81,,75,101,91,81,
27-01-2014,16,81,,94,,94,,,75,,101,107,90,102,,110,,122,,99,100,95,,108,115,90,111,,99,,,109,96,,77,116,100,84,
27-01-2014,17,94,,90,,96,,,81,,89,99,92,99,,114,,130,,98,110,78,,106,97,92,95,,83,,,105,97,,63,124,108,84,
27-01-2014,18,94,,69,,72,,,76,,63,74,63,44,,74,,119,,79,77,60,,90,74,69,66,,84,,,73,89,,55,86,95,67,
27-01-2014,19,62,,40,,40,,,70,,42,54,32,28,,48,,61,,52,53,43,,47,45,40,48,,81,,,41,71,,45,66,58,43,
27-01-2014,20,56,,35,,26,,,67,,24,52,14,42,,30,,53,,26,34,16,,38,42,31,37,,78,,,28,41,,40,56,45,23,
27-01-2014,21,39,,34,,17,,,64,,4,56,15,33,,15,,38,,9,21,15,,30,48,15,15,,50,,,25,10,,36,47,24,15,
27-01-2014,22,42,,26,,11,,,63,,1,55,17,8,,6,,31,,26,13,16,,25,51,4,2,,26,,,,4,,25,31,23,8,
27-01-2014,23,37,,11,,2,,,60,,2,57,6,17,,17,,23,,2,32,23,,30,51,4,15,,36,,,5,10,,16,25,20,14,
27-01-2014,24,25,,25,,1,,,57,,11,,2,25,,10,,33,,,25,19,,32,31,3,19,,16,,,3,5,,15,27,10,11,
28-01-2014,1,20,,32,,13,,,47,,3,,3,21,,14,,9,,,29,24,,29,30,3,6,,10,,,12,16,,13,21,7,9,
28-01-2014,2,17,,28,,11,,,37,,1,,1,23,,7,,6,,,7,32,,22,44,3,11,,31,,,12,10,,8,6,8,17,
28-01-2014,3,16,,23,,5,,,44,,2,,1,25,,6,,3,,,2,36,,9,36,15,13,,28,,,11,7,,18,9,6,12,
28-01-2014,4,16,,17,,3,,,44,,6,,1,22,,5,,3,,,2,35,,3,38,16,15,,22,,,19,1,,17,24,4,6,
28-01-2014,5,12,,13,,2,,,38,,7,,1,24,,10,,3,,,3,39,,2,35,4,4,,28,,,,1,,12,23,1,4,
28-01-2014,6,7,,6,,1,,,30,,8,16,1,11,,2,,3,,1,2,35,,2,28,3,2,,5,,,3,1,,5,15,1,2,
28-01-2014,7,3,,0,,1,,,18,,1,15,1,1,,1,,3,,1,2,21,,2,13,3,2,,19,,,0,1,,1,3,2,2,
28-01-2014,8,3,,1,,2,,,1,,1,15,1,1,,1,,4,,2,3,4,,2,8,3,3,,13,,,1,1,,2,2,3,3,
28-01-2014,9,7,,2,,3,,,1,,2,24,2,2,,2,,4,,3,6,7,,3,18,3,5,,7,,,2,3,,8,4,6,3,
28-01-2014,10,22,,13,,6,,,3,,13,43,13,6,,10,,13,,9,15,11,,11,37,14,25,,26,,,10,7,,21,19,9,11,
28-01-2014,11,49,,27,,20,,,15,,34,48,25,18,,35,,44,,25,49,,,39,43,,47,,53,,,23,20,,39,44,22,33,
28-01-2014,12,65,,47,,42,,,46,,54,54,45,43,,60,,68,,56,63,,,61,61,,64,,59,,,53,50,,46,67,60,49,
28-01-2014,13,66,,58,,65,,,59,,57,58,67,62,,59,,77,,63,66,,,67,72,,60,,60,,,74,67,,43,63,77,58,
28-01-2014,14,65,,63,,60,,,64,,56,50,71,51,,53,,72,,58,58,,,58,72,,61,,58,,,73,74,,44,62,83,54,
28-01-2014,15,66,,48,,56,,,66,,55,51,69,50,,55,,69,,55,57,59,,56,51,56,62,,57,,,55,66,,45,63,69,53,
28-01-2014,16,62,,49,,49,,,65,,53,52,55,52,,52,,62,,54,60,59,,50,53,55,60,,63,,,50,52,,47,66,66,43,
28-01-2014,17,59,,44,,47,,,64,,53,50,49,49,,51,,63,,39,59,60,,50,49,42,62,,71,,,44,50,,47,62,57,41,
28-01-2014,18,61,,42,,41,,,67,,49,48,40,45,,47,,61,,36,57,54,,47,49,33,57,,72,,,36,36,,44,60,48,24,
28-01-2014,19,58,,37,,37,,,65,,41,46,29,40,,33,,43,,14,36,51,,36,42,29,43,,60,,,29,34,,37,49,39,25,
28-01-2014,20,54,,38,,30,,,63,,33,50,31,36,,25,,39,,22,25,48,,31,41,27,37,,53,,,32,30,,37,47,29,21,
28-01-2014,21,52,,30,,24,,,61,,27,42,30,29,,26,,38,,23,26,41,,25,43,,36,,,,,39,35,,33,48,19,14,
28-01-2014,22,46,,15,,18,,,60,,29,43,18,29,,17,,31,,21,27,18,,22,44,,46,,,,,38,32,,30,41,21,14,
28-01-2014,23,44,,19,,31,,,59,,3,44,8,22,,18,,26,,8,36,12,,12,54,,36,,,,,16,28,,25,36,17,10,
28-01-2014,24,32,,17,,28,,,58,33,9,45,1,38,,2,,5,,17,,,,6,50,,41,,,,,11,7,,31,30,17,14,
29-01-2014,1,34,,23,,15,,,57,32,31,50,1,52,,12,,5,,3,,,,12,54,,28,,,,,42,24,,33,33,14,12,
29-01-2014,2,27,,28,,7,,,57,30,26,55,1,52,,28,,5,,5,,,,18,57,,45,,,,,41,32,,32,45,9,8,
29-01-2014,3,28,,24,,2,,,58,32,34,53,5,50,,39,,6,,23,45,,,16,58,,37,,,,,44,2,,37,47,7,6,
29-01-2014,4,11,,23,,35,,,58,30,37,49,4,51,,35,,3,,19,37,,,3,55,,34,,,,,41,6,,42,48,6,8,
29-01-2014,5,6,,5,,38,,,58,27,23,48,5,48,,13,,3,,3,46,,,3,43,,35,,,,,42,3,,38,46,2,2,
29-01-2014,6,3,,1,,14,,,58,24,6,38,3,38,,1,,3,,0,30,21,,3,24,,32,,45,,,,1,,33,40,1,2,
29-01-2014,7,2,,0,,3,,,53,17,1,29,2,12,,1,,4,,0,,3,,3,12,,8,,47,,,,0,,27,23,1,2,
29-01-2014,8,3,,0,,2,,,41,11,1,12,1,1,,1,,4,,1,,1,,3,5,,3,,42,,,,1,,5,9,2,2,
29-01-2014,9,5,,1,,2,,,40,22,3,12,2,4,,8,,4,,2,3,2,,4,5,,6,,32,,,,1,,12,19,3,5,
29-01-2014,10,13,,4,,3,,,47,29,21,19,4,5,,24,,7,,5,23,11,,8,11,,21,,36,,,,,,24,35,7,11,
29-01-2014,11,26,,10,,15,,,54,34,37,,13,15,,35,,15,,19,47,32,,16,28,24,40,,,,,11,,,38,49,15,,
29-01-2014,12,48,,19,,38,,,59,37,41,,32,23,,44,,35,,41,52,46,,35,49,48,50,,53,,,23,,,41,,35,,
29-01-2014,13,58,,40,,52,,,61,42,56,53,49,39,,61,,64,,55,59,54,,56,53,61,61,,53,,,38,,,43,,62,,
29-01-2014,14,56,,54,,54,,,62,44,53,53,58,60,,59,,73,,48,54,52,,65,55,63,54,,55,,,56,51,,40,,77,53,
29-01-2014,15,54,,52,,52,,,61,42,48,51,60,53,,53,,64,,43,54,51,,62,52,56,51,,,,,57,57,,39,53,76,48,
29-01-2014,16,53,,45,,49,,,60,43,46,47,47,49,,49,,51,,39,53,49,,53,51,50,51,,57,,,46,46,,38,54,59,42,
29-01-2014,17,51,,43,,44,,,60,44,45,44,43,43,,43,,39,,34,46,47,,48,47,43,52,,57,,,39,41,,37,50,46,34,
29-01-2014,18,50,,40,,40,,,61,40,42,39,38,37,,42,,35,,29,41,44,,43,42,40,46,,54,,,35,41,,34,46,42,30,
29-01-2014,19,45,,37,,30,,,59,32,38,28,30,26,,38,,23,,25,33,38,,32,37,26,42,,52,,,29,21,,31,40,29,23,
29-01-2014,20,39,,25,,21,,,56,25,34,35,24,23,,30,,19,,21,27,30,,23,29,21,39,,48,,,23,23,,27,33,26,14,
29-01-2014,21,34,,17,,30,,,50,17,27,30,11,16,,24,,17,,12,25,26,,22,34,15,28,,45,,,18,25,,26,31,24,16,
29-01-2014,22,29,,24,,31,,,46,19,22,30,2,15,,10,,22,,6,16,32,,17,20,5,27,,42,,,18,22,,24,27,28,16,
29-01-2014,23,19,,24,,11,,,45,15,27,34,3,11,,24,,22,,7,5,25,,17,16,7,26,,45,,,14,16,,27,26,23,14,
29-01-2014,24,,,27,,19,,,45,22,9,35,7,23,,14,,23,,3,10,33,,8,18,5,33,,31,,,24,13,,19,28,26,,
30-01-2014,1,,,26,,27,,,45,21,2,38,11,34,,2,,26,,3,8,24,,12,26,1,22,,22,,,30,18,,22,25,18,,
30-01-2014,2,,,32,,18,,,43,21,6,37,1,35,,1,,9,,2,5,30,,13,16,1,18,,24,,,21,13,,27,29,7,,
30-01-2014,3,,,31,,23,,,37,23,4,34,1,34,,1,,6,,3,14,23,,8,17,1,25,,29,,,20,5,,18,16,2,,
30-01-2014,4,,,20,,23,,,33,7,2,29,1,25,,1,,4,,1,16,22,,5,30,1,20,,23,,,12,2,,11,7,2,,
30-01-2014,5,,,13,,15,,,33,5,8,27,1,22,,1,,2,,7,2,34,,2,26,0,15,,18,,,,1,,8,8,2,,
30-01-2014,6,4,,14,,5,,,20,2,11,17,1,12,,1,,4,,2,2,31,,3,17,1,6,,24,,,,1,,6,6,2,3,
30-01-2014,7,3,,1,,2,,,3,2,5,2,1,2,,1,,4,,1,2,14,,3,12,2,3,,23,,,0,1,,3,2,3,3,
30-01-2014,8,4,,1,,2,,,1,2,1,4,1,1,,1,,4,,2,3,7,,3,5,4,3,,5,,,1,1,,1,4,5,4,
30-01-2014,9,8,,2,,4,,,1,4,5,21,3,5,,4,,7,,3,7,9,,4,11,4,6,,12,,,3,3,,8,9,8,4,
30-01-2014,10,26,,8,,7,,,4,13,14,29,11,10,,9,,13,,8,15,16,,9,27,11,14,,,,,10,10,,21,16,16,10,
30-01-2014,11,43,,14,,16,,,14,29,26,29,29,20,,23,,,,22,33,33,,26,31,28,35,,,,,17,27,,30,25,36,26,
30-01-2014,12,48,,35,,31,,,39,41,35,39,42,32,,37,,,,35,45,42,,39,42,43,46,,,,,32,45,,39,41,48,35,
30-01-2014,13,54,,48,,47,,,54,48,51,50,53,44,,48,,,,47,54,56,,54,56,51,58,,,,,48,52,,49,51,54,47,
30-01-2014,14,58,,55,,58,,,64,57,63,65,61,50,,62,,,,57,61,70,,65,72,70,69,,,,,48,62,,58,60,59,62,
30-01-2014,15,59,,63,,68,,,72,67,74,72,63,60,,75,,68,,73,74,80,,65,81,94,79,,75,,,50,65,,66,,62,64,
30-01-2014,16,64,,68,,72,,,79,75,77,69,61,61,,78,,68,,87,80,79,,65,72,96,85,,80,,,70,67,,69,88,64,62,
30-01-2014,17,57,,68,,74,,,81,65,81,67,57,64,,94,,67,,97,73,79,,64,68,80,90,,83,,,68,59,,77,90,70,50,
30-01-2014,18,52,,56,,52,,,80,51,79,60,45,51,,68,,51,,59,70,79,,55,62,66,85,,79,,,50,57,,67,74,67,46,
30-01-2014,19,41,,27,,16,,,73,42,26,35,36,7,,21,,15,,30,47,43,,32,23,22,35,,48,,,31,30,,38,53,42,31,
30-01-2014,20,17,,19,,2,,,65,32,13,15,12,4,,11,,15,,7,32,24,,13,7,6,30,,54,,,3,10,,25,38,25,10,
30-01-2014,21,27,,19,,3,,,61,19,2,40,2,4,,15,,29,,2,17,6,,15,4,3,5,,19,,,,15,,27,32,10,6,
30-01-2014,22,13,,5,,2,,,55,11,1,39,1,2,,11,,26,,2,15,2,,5,7,1,3,,5,,,,1,,10,6,6,3,
30-01-2014,23,17,,26,,1,,,51,15,1,36,1,5,,3,,8,,2,6,5,,4,12,1,3,,17,,,2,1,,16,8,3,5,
30-01-2014,24,5,,22,,1,,,41,3,1,34,1,7,,1,,3,,1,8,12,,6,24,1,4,,25,,,1,1,,,6,2,2,
31-01-2014,1,7,,21,,6,,,18,2,1,30,,9,,1,,3,,1,2,16,,5,25,1,3,,2,,,1,1,,,6,2,3,
31-01-2014,2,4,,6,,6,,,7,2,1,38,,11,,1,,4,,1,3,26,,3,28,1,3,,8,,,3,1,,,9,2,2,
31-01-2014,3,9,,10,,4,,,4,3,1,29,,15,,1,,5,,1,3,32,,2,30,1,4,,16,,,1,0,,,10,1,2,
31-01-2014,4,5,,16,,2,,,3,2,1,25,,16,,1,,4,,1,1,19,,2,35,1,9,,25,,,5,1,,,12,1,3,
31-01-2014,5,6,,11,,1,,,7,2,1,19,,12,,1,,4,,1,1,16,,2,30,1,5,,20,,,3,1,,,10,2,2,
31-01-2014,6,4,,8,,1,,,9,1,1,12,,4,,1,,4,,1,2,29,,2,17,2,2,,13,,,1,1,,2,4,3,3,
31-01-2014,7,2,,0,,2,,,4,1,1,4,,1,,1,,5,,1,2,11,,2,6,3,3,,7,,,1,1,,1,2,2,3,
31-01-2014,8,4,,1,,1,,,0,2,1,3,,1,,1,,5,,2,3,5,,3,7,2,3,,3,,,1,1,,3,4,3,5,
31-01-2014,9,8,,5,,2,,,1,3,,15,,5,,3,,6,,3,5,10,,4,19,2,5,,6,,,3,3,,8,4,5,4,
31-01-2014,10,18,,18,,4,,,4,9,11,25,,8,,8,,11,,10,15,10,,9,29,8,15,,28,,,12,10,,19,9,11,9,
31-01-2014,11,43,,,,17,,,18,33,27,37,,20,,19,,36,,25,40,27,,30,36,30,29,,47,,,26,24,,34,31,29,27,
31-01-2014,12,60,,,,45,,,46,51,57,47,,45,,45,,65,,49,65,57,,59,52,57,,,64,,,46,45,,50,54,57,48,
31-01-2014,13,70,,,,60,,,64,59,64,70,,67,,67,,80,,65,80,73,,74,76,72,,,77,,,66,67,,60,76,72,60,
31-01-2014,14,72,,,,66,,,77,71,72,84,,74,,72,,82,,68,81,93,,80,90,79,,,83,,,75,85,,68,79,81,74,
31-01-2014,15,71,,,,75,,,86,83,84,95,,71,,83,,83,,75,73,104,,77,104,87,103,,78,,,84,70,,72,86,66,79,
31-01-2014,16,81,,,,86,,,88,88,91,108,,92,,94,,89,,76,90,109,,80,118,86,105,,87,,,89,78,,69,97,90,77,
31-01-2014,17,80,,,,81,,,89,61,90,121,,88,,90,,88,,75,107,99,,71,121,90,92,,91,,,101,79,,63,90,92,69,
31-01-2014,18,74,,,,71,,,85,58,70,78,,80,,63,,83,,69,78,70,,65,80,68,70,,,,,94,76,,48,84,87,60,
31-01-2014,19,56,,,,36,,,76,48,36,28,,27,,38,,55,,41,61,46,,39,23,43,33,,,,,47,38,,35,60,46,40,
31-01-2014,20,46,,,,23,,,73,42,18,41,,1,,19,,26,,24,51,35,,36,21,27,23,,46,,,12,41,,25,48,33,29,
31-01-2014,21,39,,,,3,,,70,31,5,35,,1,,11,,41,,4,40,16,,32,39,7,5,,30,,,5,29,,21,27,36,18,
31-01-2014,22,39,,,,4,,,68,27,1,39,,1,,3,,29,,1,30,19,,19,29,1,3,,11,,,,2,,17,10,8,9,
31-01-2014,23,20,,,,2,,,62,23,1,34,,1,,2,,9,,2,10,17,,13,14,1,3,,15,,,,1,,13,6,2,8,
31-01-2014,24,3,,,,2,,,57,16,1,35,,1,,1,,17,,1,10,26,,6,22,1,3,,17,,,1,1,,9,8,2,3,
