Fecha,Hora,ACO,AJM,AJU,ATI,AZC,BJU,CAM,CCA,CES,MON,CHO,COY,CUA,CUT,FAC,FAR,GAM,HGM,INN,IZT,LAG,LLA,LPR,MER,MGH,MPA,NEZ,PED,PLA,SAC,SAG,SFE,SJA,SUR,TAC,TAH,TAX,TEC,TLA,TLI,TPN,UAX,UIZ,VIF,XAL,
01-03-2015,1,,,,,,,,,,,,,,,,,,,,,,,,,,,,,,,,,,40,,,,,,,,,,,,
01-03-2015,2,,,,,,,,,,,,,,,,,,,,,,,,,,,,,,,,,,40,,,,,,,,,,,,
01-03-2015,3,,9,,27,,,42,25,,10,,,27,31,29,,,46,,44,,36,,,42,,25,21,,,34,,,39,,25,,,36,29,5,30,31,27,43,
01-03-2015,4,,10,,22,,,41,29,,11,,,33,29,30,,,39,,39,,35,,,41,,40,19,,,36,,,34,,11,,,33,37,6,20,24,32,43,
01-03-2015,5,,13,,24,,,37,29,,26,,,31,26,27,,,38,,39,,35,,,37,,38,14,,,35,,,32,,12,,,27,37,7,23,30,26,39,
01-03-2015,6,,25,,27,,,31,28,,26,,,29,25,25,,,32,,26,,33,,,33,,33,14,,,31,,,33,,14,,,28,35,7,20,22,26,38,
01-03-2015,7,,11,,29,,,35,23,,23,,,32,23,28,,,33,,34,,30,,,37,,38,14,,,29,,,32,,21,,,31,35,7,22,30,29,39,
01-03-2015,8,,28,,28,,,36,30,,20,,,30,25,28,,,35,,,,30,,,39,,37,30,,,30,,,28,,20,,,32,33,11,24,31,29,35,
01-03-2015,9,,30,,28,,,38,31,,20,,,31,29,33,,,38,,45,,38,,,40,,35,35,,,34,,,23,,24,,,42,34,23,20,36,27,42,
01-03-2015,10,,25,,34,,,33,36,,16,,,28,28,33,,,48,,62,,33,,,35,,47,40,,,25,,,29,,18,,,56,32,33,19,45,23,39,
01-03-2015,11,,24,,24,,,38,29,,10,,,23,20,34,,,48,,61,,26,,,31,,61,33,,,16,,,31,,20,,,50,26,25,21,39,20,28,
01-03-2015,12,,18,,13,,,40,24,,10,,,17,11,38,,,42,,48,,17,,,31,,31,23,,,15,,,25,,12,,,34,16,23,19,32,16,29,
01-03-2015,13,,12,,14,,,33,23,,9,,,18,7,29,,,30,,27,,12,,,25,,17,19,,,15,,,22,,13,,,33,12,17,22,23,8,24,
01-03-2015,14,,13,,17,,,20,20,,9,,,17,5,25,,,18,,16,,8,,,19,,14,19,,,12,,,23,,8,,,27,11,15,22,14,6,14,
01-03-2015,15,,14,,15,,,16,17,,8,,,17,5,20,,,17,,13,,9,,,18,,13,16,,,10,,,20,,8,,,18,8,20,16,13,6,13,
01-03-2015,16,,12,,12,,,15,14,,9,,,16,4,18,,,16,,13,,9,,,16,,13,13,,,11,,,13,,7,,,14,10,20,12,14,6,14,
01-03-2015,17,,11,,13,,,15,13,,9,,,16,4,17,,,14,,16,,9,,,14,,16,11,,,11,,,,,6,,,16,11,17,11,14,6,15,
01-03-2015,18,,12,,16,,,18,12,,11,,,16,9,14,,,17,,20,,11,,,15,,18,12,,,19,,,15,,7,,,18,14,26,13,13,7,18,
01-03-2015,19,,13,,16,,,26,23,,12,,,27,10,31,,,24,,26,,10,,,24,,21,16,,,25,,,23,,10,,,24,15,14,16,11,11,25,
01-03-2015,20,,13,,20,,,25,29,,9,,,43,10,24,,,28,,39,,11,,,34,,26,30,,,23,,,23,,11,,,21,17,12,17,23,16,24,
01-03-2015,21,,42,,,,,36,38,,12,,,21,12,23,,,21,,40,,22,,,30,,22,35,,,30,,,31,,23,,,25,22,27,22,34,15,28,
01-03-2015,22,,33,,24,,,26,30,,14,,,17,28,15,,,25,,41,,28,,,29,,36,30,,,24,,,30,,23,,,29,28,34,26,38,18,23,
01-03-2015,23,,23,,36,,,27,21,,20,,,23,31,17,,,32,,36,,28,,,20,,38,23,,,21,,,27,,29,,,34,28,23,38,48,17,28,
01-03-2015,24,,12,,24,,,33,17,,33,,,19,35,17,,,34,,40,,19,,,21,,34,22,,,18,,,21,,39,,,34,33,15,26,46,13,34,
02-03-2015,1,,10,,13,,,30,16,,30,,,23,38,18,,,31,,35,,18,,,21,,38,21,,,13,,,18,,33,,,22,23,11,25,41,22,45,
02-03-2015,2,,7,,14,,,24,18,,29,,,24,36,18,,,22,,31,,26,,,29,,36,14,,,20,,,34,,24,,,24,33,8,35,41,29,39,
02-03-2015,3,,6,,8,,,26,16,,28,,,25,33,12,,,27,,36,,24,,,34,,35,11,,,26,,,25,,27,,,36,34,7,26,37,36,41,
02-03-2015,4,,6,,11,,,29,13,,27,,,19,27,12,,,36,,36,,33,,,29,,40,8,,,30,,,22,,17,,,23,34,6,25,35,37,31,
02-03-2015,5,,6,,15,,,29,21,,24,,,39,27,13,,,39,,34,,31,,,41,,38,,,,30,,,25,,20,,,27,37,5,20,33,36,35,
02-03-2015,6,,8,,28,,,36,22,,24,,,47,28,20,,,37,,35,,37,,,40,,38,12,,,31,,,27,,19,,,37,39,5,24,34,32,39,
02-03-2015,7,,8,,37,,,43,26,,27,,,49,28,38,,,40,,40,,37,,,41,,32,28,,,31,,,35,,29,,,41,39,9,30,40,29,39,
02-03-2015,8,,20,,39,,,46,30,,28,,,53,30,38,,,42,,40,,36,,,41,,32,34,,,32,,,36,,29,,,41,46,11,28,38,29,43,
02-03-2015,9,,22,,38,,,58,41,,34,,,43,41,43,,,43,,47,,41,,,51,,42,39,,,33,,,39,,29,,,49,54,20,27,48,36,52,
02-03-2015,10,,36,,47,,,70,37,,33,,,41,29,68,,,42,,86,,49,,,46,,55,36,,,40,,,39,,30,,,65,70,33,26,58,29,61,
02-03-2015,11,,30,,48,,,83,33,,21,,,23,29,89,,,53,,70,,47,,,47,,61,33,,,37,,,24,,17,,,69,61,33,18,51,24,54,
02-03-2015,12,,14,,55,,,58,17,,16,,,17,15,58,,,54,,47,,39,,,39,,45,14,,,28,,,16,,10,,,73,44,20,11,44,19,39,
02-03-2015,13,,10,,45,,,34,17,,13,,,18,11,42,,,42,,43,,25,,,34,,22,13,,,20,,,19,,11,,,54,17,12,19,39,13,32,
02-03-2015,14,,11,,29,,,16,19,,11,,,23,9,31,,,26,,23,,14,,,26,,15,17,,,21,,,17,,8,,,28,18,13,18,23,11,27,
02-03-2015,15,,11,,25,,,17,22,,11,,,19,6,23,,,22,,24,,12,,,24,,18,16,,,13,,,14,,6,,,20,16,16,14,25,9,16,
02-03-2015,16,,10,,18,,,17,18,,13,,,17,6,22,,,23,,23,,11,,,22,,20,13,,,12,,,15,,6,,,16,18,14,14,22,9,18,
02-03-2015,17,,11,,18,,,21,16,,13,,,15,9,26,,,22,,25,,10,,,27,,16,10,,,20,,,14,,7,,,24,21,16,8,21,8,29,
02-03-2015,18,,14,,20,,,28,24,,12,,,21,10,34,,,25,,26,,21,,,26,,18,12,,,24,,,15,,6,,,29,15,16,14,12,8,27,
02-03-2015,19,,11,,26,,,37,28,,14,,,28,16,33,,,35,,37,,18,,,39,,22,20,,,27,,,19,,10,,,35,17,12,17,20,12,34,
02-03-2015,20,,12,,26,,,44,36,,15,,,21,22,49,,,43,,35,,23,,,67,,27,29,,,31,,,22,,7,,,42,21,12,15,27,19,38,
02-03-2015,21,,12,,32,,,62,37,,16,,,21,20,22,,,44,,38,,29,,,50,,49,34,,,37,,,19,,13,,,45,29,9,20,36,24,56,
02-03-2015,22,,11,,34,,,46,44,,17,,,22,27,18,,,49,,49,,34,,,29,,51,38,,,40,,,28,,27,,,39,29,7,29,40,19,60,
02-03-2015,23,,12,,29,,,37,49,,22,,,18,27,26,,,37,,40,,29,,,29,,47,35,,,41,,,48,,37,,,35,29,10,27,40,27,47,
02-03-2015,24,,13,,23,,,37,37,,20,,,13,32,32,,,37,,39,,31,,,34,,50,22,,,33,,,49,,35,,,31,31,9,30,41,31,45,
03-03-2015,1,18,,,12,,,33,34,,29,,,19,32,31,,,35,,39,,31,,,,,46,,,,33,,,33,,35,,,25,33,6,34,43,28,40,
03-03-2015,2,23,,,14,,,31,36,,31,,,26,27,23,,,31,,37,,30,,,,,31,16,,,31,,,36,,13,,,32,34,7,27,40,29,38,
03-03-2015,3,24,,,19,,,35,35,,27,,,24,27,22,,,28,,33,,28,,,,,27,13,,,29,,,37,,18,,,34,33,13,26,31,30,34,
03-03-2015,4,23,,,21,,,41,26,,21,,,32,24,27,,,31,,30,,28,,,,,26,10,,,26,,,25,,12,,,33,34,11,21,28,30,32,
03-03-2015,5,19,,,22,,,35,26,,20,,,33,21,33,,,30,,29,,26,,,,,27,13,,,23,,,26,,14,,,34,32,9,19,28,26,30,
03-03-2015,6,18,,,27,,,34,26,,20,,,43,18,34,,,30,,30,,27,,,,,30,15,,,24,,,28,,21,,,37,33,10,21,29,24,27,
03-03-2015,7,20,,,32,,,44,26,,19,,,45,17,38,,,33,,36,,25,,,,,29,31,,,26,,,30,,26,,,41,33,12,26,29,24,31,
03-03-2015,8,20,,,35,,,41,29,,21,,,36,22,39,,,35,,40,,25,,,,,29,36,,,29,,,30,,25,,,45,32,13,26,30,26,36,
03-03-2015,9,15,,,47,,,52,38,,28,,,29,38,53,,,50,,39,,34,,,,,28,44,,,31,,,36,,34,,,56,44,30,30,33,34,45,
03-03-2015,10,9,,,54,,,68,57,,22,,,57,36,63,,,59,,44,,23,,,,,34,50,,,24,,,57,,35,,,80,59,51,55,34,42,36,
03-03-2015,11,11,,,,,,56,62,,14,,,60,23,89,,,55,,48,,17,,,,,47,,,,16,,,56,,22,,,83,70,46,41,40,33,33,
03-03-2015,12,9,,,,,,46,47,,15,,,63,18,67,,,42,,38,,13,,,,,37,,,,19,,,44,,10,,,66,41,24,27,36,19,31,
03-03-2015,13,9,,,,,,35,24,,11,,,48,16,60,,,26,,29,,12,,,,,23,,,,17,,,28,,9,,,35,15,26,25,26,,30,
03-03-2015,14,8,,,,,,27,23,,9,,,38,9,44,,,26,,23,,11,,,,,18,,,,14,,,23,,9,,,35,13,28,17,18,,29,
03-03-2015,15,9,,,,,,36,28,,9,,,34,10,39,,,30,,30,,14,,,,,20,,,,15,,,28,,8,,,42,18,29,21,21,9,27,
03-03-2015,16,9,,,18,,,38,29,,10,,,38,9,35,,,34,,35,,17,,,,,24,33,,,18,,,27,,10,,,39,20,28,19,25,13,31,
03-03-2015,17,10,,,15,,,42,32,,11,,,39,8,34,,,35,,36,,17,,,,,26,29,,,22,,,28,,8,,,42,22,26,20,25,14,36,
03-03-2015,18,11,,,23,,,46,34,,15,,,37,14,37,,,38,,39,,21,,,,,24,28,,,25,,,24,,9,,,49,20,17,16,16,12,41,
03-03-2015,19,20,,,41,,,44,44,,15,,,24,23,73,,,32,,36,,23,,,,,27,26,,,32,,,24,,9,,,66,30,10,20,21,18,33,
03-03-2015,20,19,,,60,,,42,38,,15,,,23,36,50,,,46,,49,,31,,,,,40,35,,,35,,,42,,13,,,66,35,9,20,27,40,46,
03-03-2015,21,23,,,49,,,40,41,,16,,,19,38,49,,,30,,50,,29,,,,,49,36,,,34,,,48,,17,,,77,38,11,22,28,45,56,
03-03-2015,22,15,,,21,,,53,62,,16,,,14,38,48,,,28,,53,,25,,,,,43,50,,,32,,,47,,40,,,71,62,10,25,37,34,42,
03-03-2015,23,23,,,34,,,67,40,,18,,,13,41,64,,,47,,46,,35,,,,,44,48,,,39,,,33,,19,,,52,61,12,27,39,33,52,
03-03-2015,24,29,,,37,,,70,38,,21,,,14,37,58,,,44,,45,,55,,,,,46,40,,,38,,,32,,32,,,62,42,14,34,42,52,45,
04-03-2015,1,21,,,18,,,66,37,,17,,,15,44,41,,,56,,46,,50,,,27,,38,33,,,41,,,46,,42,,,52,52,9,32,39,49,43,
04-03-2015,2,18,,,11,,,47,35,,14,,,15,46,25,,,50,,41,,37,,,31,,35,16,,,29,,,45,,14,,,42,38,8,24,33,48,43,
04-03-2015,3,18,,,11,,,40,23,,28,,,14,36,23,,,40,,34,,21,,,30,,26,13,,,26,,,26,,20,,,35,45,7,17,22,47,40,
04-03-2015,4,22,,,19,,,31,25,,30,,,13,31,18,,,37,,29,,27,,,42,,27,9,,,37,,,21,,13,,,32,46,6,15,26,43,44,
04-03-2015,5,18,,,23,,,36,33,,23,,,29,30,23,,,31,,31,,35,,,39,,29,26,,,39,,,18,,15,,,37,44,6,14,28,39,42,
04-03-2015,6,20,,,30,,,45,34,,22,,,38,31,28,,,29,,41,,37,,,39,,44,29,,,40,,,27,,25,,,39,44,7,24,39,34,,
04-03-2015,7,23,,,34,,,49,35,,35,,,51,29,37,,,39,,45,,42,,,41,,53,38,,,43,,,36,,20,,,,43,12,35,47,32,55,
04-03-2015,8,31,,,38,,,49,38,,35,,,56,34,39,,,44,,48,,42,,,46,,47,42,,,46,,,38,,35,,,,42,13,37,48,34,52,
04-03-2015,9,28,,,40,,,55,46,,42,,,36,42,38,,,57,,55,,50,,,55,,52,50,,,52,,,41,,38,,,,53,33,35,61,40,59,
04-03-2015,10,20,,,23,,,82,51,,26,,,18,42,44,,,81,,73,,57,,,72,,31,61,,,40,,,37,,29,,,62,57,49,36,75,39,77,
04-03-2015,11,21,,,25,,,82,62,,16,,,42,32,50,,,64,,98,,55,,,56,,41,61,,,33,,,52,,47,,,63,64,42,60,81,33,64,
04-03-2015,12,15,,,24,,,56,49,,16,,,46,16,43,,,61,,60,,28,,,43,,27,40,,,24,,,44,,27,,,37,41,,50,39,23,34,
04-03-2015,13,12,,,20,,,41,47,,13,,,40,15,38,,,43,,35,,14,,,48,,24,42,,,16,,,42,,9,,,47,34,31,25,26,21,23,
04-03-2015,14,14,,,19,,,29,35,,9,,,41,14,35,,,33,,30,,17,,,39,,21,35,,,18,,,30,,8,,,27,21,30,19,23,16,31,
04-03-2015,15,11,,,15,,,30,28,,10,,,40,11,34,,,33,,29,,18,,,34,,21,30,,,20,,,26,,10,,,24,18,25,18,22,12,39,
04-03-2015,16,11,,,18,,,33,26,,10,,,31,10,40,,,28,,26,,20,,,33,,23,26,,,22,,,26,,9,,,27,20,27,19,23,12,38,
04-03-2015,17,10,,,21,,,33,32,,13,,,24,10,43,,,33,,26,,17,,,35,,22,21,,,24,,,21,,9,,,30,22,19,14,19,15,32,
04-03-2015,18,17,,,24,,,38,30,,14,,,21,14,42,,,33,,32,,17,,,36,,21,22,,,27,,,21,,9,,,41,27,,16,15,18,37,
04-03-2015,19,16,,,29,,,42,21,,15,,,17,16,29,,,37,,39,,22,,,21,,32,24,,,31,,,27,,9,,,61,33,,17,24,31,35,
04-03-2015,20,16,,,21,,,22,46,,13,,,19,33,40,,,29,,43,,25,,,17,,46,26,,,34,,,39,,11,,,70,38,,18,25,31,46,
04-03-2015,21,18,,,16,,,41,38,,16,,,14,22,16,,,29,,51,,31,,,16,,54,27,,,34,,,45,,13,,,35,26,,22,28,25,59,
04-03-2015,22,21,,,21,,,37,27,,16,,,14,13,20,,,31,,61,,29,,,25,,48,18,,,36,,,54,,28,,,46,24,,28,41,20,45,
04-03-2015,23,22,,,24,,,34,25,,15,,,15,27,28,,,27,,43,,40,,,35,,59,23,,,48,,,49,,27,,,39,28,,39,54,25,31,
04-03-2015,24,32,,,27,,,36,33,,25,,,19,39,32,,,41,,45,,37,,,32,,31,36,,,42,,,55,,21,,,46,28,,53,41,22,38,
05-03-2015,1,45,21,,9,,,42,34,,19,,,34,45,32,,,38,,49,,43,,,27,,26,24,,,28,,,57,,19,,,33,35,,52,30,30,35,
05-03-2015,2,24,14,,8,,,39,21,,21,,,21,37,23,,,40,,42,,44,,,40,,28,17,,,44,,,39,,22,,,29,39,,46,33,30,46,
05-03-2015,3,13,8,,11,,,32,17,,35,,,15,32,17,,,33,,44,,33,,,37,,35,13,,,35,,,35,,31,,,17,12,,45,43,26,22,
05-03-2015,4,14,12,,7,,,25,14,,31,,,13,29,11,,,17,,22,,31,,,29,,35,12,,,31,,,23,,33,,,16,11,,40,36,27,7,
05-03-2015,5,18,20,,15,,,42,16,,21,,,24,26,25,,,23,,32,,31,,,30,,27,16,,,24,,,37,,29,,,23,12,,33,28,16,30,
05-03-2015,6,22,23,,24,,,43,29,,23,,,33,25,33,,,39,,38,,29,,,35,,30,23,,,26,,,37,,24,,,26,24,,33,37,27,33,
05-03-2015,7,19,20,,28,,,40,33,,26,,,39,25,34,,,40,,37,,29,,,36,,33,28,,,28,,,33,,22,,,35,31,,33,35,27,37,
05-03-2015,8,20,19,,30,,,41,34,,25,,,32,26,36,,,38,,35,,30,,,40,,30,33,,,27,,,34,,22,,,36,32,,34,31,28,39,
05-03-2015,9,21,10,,39,,,53,38,,24,,,14,29,40,,,40,,45,,37,,,40,,28,33,,,33,,,37,,23,,,37,32,,35,33,23,55,
05-03-2015,10,13,10,,22,,,40,21,,12,,,11,29,27,,,39,,42,,19,,,28,,39,19,,,35,,,24,,15,,,31,23,12,30,41,13,46,
05-03-2015,11,7,21,,14,,,34,,,,,,19,10,20,,,36,,39,,13,,,30,,24,27,,,18,,,29,,21,,,19,13,22,27,26,10,17,
05-03-2015,12,4,30,,12,,,16,,,,,,21,7,18,,,16,,19,,8,,,24,,16,30,,,13,,,27,,15,,,17,10,33,18,15,6,23,
05-03-2015,13,5,15,,10,,,14,,,,,,19,6,15,,,13,,15,,5,,,15,,11,15,,,11,,,15,,8,,,17,10,19,9,12,5,17,
05-03-2015,14,4,13,,10,,,18,,,,,,16,5,16,,,14,,14,,9,,,15,,11,15,,,11,,,13,,8,,,16,,14,9,8,6,18,
05-03-2015,15,3,13,,10,,,15,,,,,,16,5,13,,,15,,17,,6,,,16,,13,17,,,11,,,14,,10,,,19,8,16,9,9,6,19,
05-03-2015,16,3,19,,10,,,17,15,,6,,,18,6,16,,,15,,17,,7,,,19,,11,18,,,12,,,16,,8,,,16,8,19,9,10,6,20,
05-03-2015,17,4,19,,12,,,22,16,,8,,,16,8,18,,,18,,22,,6,,,26,,12,21,,,14,,,17,,10,,,22,8,28,12,12,7,19,
05-03-2015,18,5,19,,13,,,22,21,,9,,,19,8,23,,,18,,25,,10,,,24,,15,21,,,15,,,18,,11,,,20,10,22,13,14,7,24,
05-03-2015,19,7,22,,14,,,33,22,,13,,,20,9,19,,,27,,30,,18,,,28,,24,26,,,18,,,24,,19,,,31,15,23,20,23,10,29,
05-03-2015,20,8,17,,19,,,24,20,,16,,,16,12,17,,,23,,27,,22,,,18,,26,18,,,18,,,23,,28,,,25,19,18,26,30,8,14,
05-03-2015,21,7,15,,,,,23,18,,9,,,13,13,16,,,24,,28,,19,,,15,,25,17,,,16,,,18,,23,,,25,25,16,20,25,9,15,
05-03-2015,22,6,18,,,,,24,18,,12,,,15,11,16,,,23,,25,,16,,,18,,31,17,,,14,,,20,,23,,,23,23,17,21,24,12,17,
05-03-2015,23,8,14,,,,,24,15,,12,,,11,12,12,,,22,,29,,14,,,16,,24,14,,,13,,,19,,27,,,22,22,15,22,29,12,19,
05-03-2015,24,12,11,,,,,20,13,,12,,,9,14,11,,,20,,25,,13,,,15,,28,11,,,13,,,16,,23,,,18,11,12,17,29,8,12,
06-03-2015,1,10,10,,,,,18,12,,8,,,9,17,12,,,22,,22,,11,,,15,,23,11,,,10,,,14,,19,,,19,11,10,17,19,9,12,
06-03-2015,2,6,11,,,,,25,11,,8,,,10,15,11,,,24,,23,,9,,,14,,21,12,,,7,,,12,,20,,,17,14,10,18,20,11,18,
06-03-2015,3,6,11,,,,,24,14,,10,,,12,16,11,,,27,,27,,11,,,17,,14,13,,,9,,,14,,19,,,22,11,11,22,22,12,17,
06-03-2015,4,5,12,,,,,23,16,,10,,,13,13,12,,,30,,27,,14,,,21,,15,14,,,11,,,15,,18,,,22,13,12,21,18,11,18,
06-03-2015,5,6,12,,,,,31,16,,11,,,13,22,11,,,29,,29,,17,,,19,,17,14,,,15,,,17,,21,,,28,13,13,23,19,11,28,
06-03-2015,6,9,13,,,,,30,18,,11,,,16,23,14,,,31,,32,,21,,,21,,20,16,,,20,,,22,,22,,,26,20,16,19,27,14,26,
06-03-2015,7,15,15,,,,,32,13,,11,,,25,21,25,,,32,,33,,25,,,26,,23,17,,,25,,,20,,18,,,31,25,18,20,27,16,30,
06-03-2015,8,18,16,,,,,32,19,,16,,,26,21,29,,,32,,32,,24,,,25,,24,16,,,25,,,22,,16,,,33,25,13,27,26,18,29,
06-03-2015,9,12,14,,,,,31,23,,17,,,26,17,26,,,33,,31,,,,,25,,20,20,,,24,,,25,,18,,,34,22,18,27,24,14,32,
06-03-2015,10,10,16,,,,,34,30,,19,,,25,15,21,,,33,,32,,22,,,27,,20,26,,,25,,,30,,21,,,28,25,18,28,25,11,37,
06-03-2015,11,8,23,,,,,,40,,17,,,27,14,25,,,39,,46,,20,,,32,,27,34,,,26,,,37,,23,,,37,26,25,34,36,10,43,
06-03-2015,12,8,36,,,,,,49,,21,,,35,11,34,,,47,,55,,16,,,44,,31,46,,,21,,,48,,30,,,49,26,39,43,43,9,39,
06-03-2015,13,6,,,,,,,53,,18,,,43,10,48,,,53,,61,,13,,,49,,23,49,,,19,,,56,,33,,,50,23,44,47,42,10,,
06-03-2015,14,6,41,,,,,,49,,14,,,35,10,48,,,38,,41,,13,,,42,,20,44,,,16,,,54,,27,,,47,15,50,38,23,8,,
06-03-2015,15,6,38,,,,,,36,,12,,,36,10,40,,,22,,23,,15,,,25,,16,42,,,15,,,32,,14,,,33,11,34,20,17,7,19,
06-03-2015,16,7,25,,,,,25,23,,13,,,31,7,35,,,22,,21,,16,,,22,,17,24,,,14,,,22,,13,,,33,12,26,16,15,8,20,
06-03-2015,17,6,16,,,,,29,21,,15,,,26,6,35,,,22,,26,,20,,,22,,19,20,,,18,,,20,,8,,,33,15,20,15,14,7,19,
06-03-2015,18,6,9,,,,,39,16,,11,,,32,9,28,,,27,,28,,20,,,31,,20,13,,,20,,,16,,8,,,34,16,7,15,18,8,19,
06-03-2015,19,19,13,,,,,39,16,,13,,,24,10,24,,,30,,28,,25,,,27,,32,17,,,22,,,21,,6,,,31,24,7,12,16,11,17,
06-03-2015,20,9,20,,,,,37,25,,10,,,30,14,30,,,33,,36,,23,,,34,,43,24,,,21,,,27,,15,,,36,27,23,28,40,13,18,
06-03-2015,21,9,29,,,,,37,34,,11,,,29,16,31,,,38,,36,,27,,,35,,43,36,,,23,,,32,,35,,,35,23,32,29,39,15,29,
06-03-2015,22,8,42,,,,,34,42,,14,,,38,22,31,,,38,,43,,27,,,37,,28,42,,,27,,,38,,37,,,38,24,43,39,41,14,44,
06-03-2015,23,9,43,,,,,38,39,,13,,,36,30,26,,,38,,39,,28,,,34,,25,40,,,29,,,38,,33,,,36,27,38,34,32,17,41,
06-03-2015,24,15,40,,,,,36,35,,17,,,30,30,27,,,38,,40,,28,,,32,,30,30,,,29,,,36,,29,,,35,29,31,32,32,18,39,
07-03-2015,1,16,36,,,,,37,32,,25,,,28,31,25,,,36,,38,,28,,,31,,32,29,,,29,,,35,,25,,,37,30,25,32,33,22,38,
07-03-2015,2,11,36,,,,,36,32,,23,,,21,30,24,,,36,,37,,25,,,32,,27,33,,,25,,,34,,24,,,35,31,22,30,31,26,36,
07-03-2015,3,10,33,,,,,33,31,,20,,,23,27,18,,,34,,36,,23,,,30,,25,29,,,23,,,33,,27,,,31,29,21,29,27,28,36,
07-03-2015,4,17,33,,,,,34,31,,19,,,36,25,20,,,30,,30,,27,,,28,,24,33,,,27,,,30,,26,,,31,29,20,24,26,26,33,
07-03-2015,5,22,30,,,,,33,28,,19,,,32,24,19,,,30,,30,,27,,,28,,25,31,,,28,,,28,,25,,,30,28,18,23,27,28,29,
07-03-2015,6,21,27,,,,,33,28,,16,,,31,21,18,,,30,,29,,26,,,28,,22,29,,,25,,,27,,25,,,30,28,16,25,26,28,30,
07-03-2015,7,18,26,,,,,34,27,,16,,,31,20,16,,,31,,29,,25,,,27,,25,28,,,24,,,27,,24,,,31,28,13,25,26,24,32,
07-03-2015,8,16,31,,,,,38,29,,16,,,29,22,17,,,34,,29,,25,,,25,,26,28,,,27,,,26,,25,,,34,29,13,23,25,25,31,
07-03-2015,9,15,25,,,,,46,32,,24,,,33,37,23,,,38,,31,,29,,,30,,23,31,,,32,,,28,,,,,38,32,24,25,25,26,44,
07-03-2015,10,17,28,,,,,48,38,,22,,,34,31,25,,,51,,36,,29,,,35,,27,40,,,34,,,35,,28,,,42,36,32,31,32,27,58,
07-03-2015,11,16,32,,,,,64,45,,23,,,34,18,43,,,68,,48,,34,,,61,,34,44,,,46,,,39,,35,,,53,36,34,38,36,23,64,
07-03-2015,12,12,36,,,,,66,39,,23,,,36,15,53,,,66,,43,,23,,,70,,31,42,,,36,,,38,,24,,,56,31,36,33,29,18,59,
07-03-2015,13,4,33,,,,,59,39,,14,,,30,11,47,,,49,,45,,14,,,52,,27,47,,,18,,,34,,23,,,32,16,34,27,27,8,30,
07-03-2015,14,3,23,,,,,40,29,,12,,,29,7,22,,,31,,26,,10,,,31,,12,33,,,14,,,30,,15,,,28,11,25,20,18,8,15,
07-03-2015,15,3,21,,,,,19,24,,12,,,26,7,26,,,15,,15,,10,,,21,,13,24,,,12,,,21,,9,,,29,10,23,13,10,8,16,
07-03-2015,16,3,17,,,,,16,19,,12,,,29,6,18,,,14,,15,,8,,,17,,14,19,,,15,,,16,,9,,,19,13,19,8,10,7,16,
07-03-2015,17,4,13,,,,,18,15,,13,,,23,7,21,,,17,,21,,10,,,15,,15,13,,,13,,,14,,7,,,18,12,19,8,10,6,16,
07-03-2015,18,7,10,,,,,22,11,,11,,,22,8,28,,,16,,18,,12,,,21,,12,11,,,21,,,12,,6,,,21,13,6,9,11,7,23,
07-03-2015,19,4,7,,,,,17,9,,11,,,27,9,29,,,12,,15,,10,,,26,,15,11,,,14,,,10,,6,,,17,18,5,10,14,12,16,
07-03-2015,20,8,6,,,,,18,12,,11,,,27,9,33,,,16,,20,,9,,,25,,19,13,,,19,,,10,,8,,,18,16,6,9,13,15,19,
07-03-2015,21,8,9,,,,,20,21,,12,,,20,12,15,,,18,,22,,14,,,20,,26,16,,,21,,,15,,10,,,31,21,6,8,18,15,20,
07-03-2015,22,7,13,,,,,24,20,,16,,,21,10,11,,,20,,24,,20,,,16,,30,16,,,25,,,24,,11,,,21,24,13,12,21,18,27,
07-03-2015,23,10,13,,,,,27,21,,24,,,22,18,14,,,28,,31,,22,,,17,,29,23,,,26,,,25,,10,,,22,19,9,24,24,16,31,
07-03-2015,24,13,16,,,,,26,19,,23,,,24,18,15,,,27,,29,,18,,,18,,33,27,,,24,,,21,,22,,,24,19,9,24,28,13,31,
08-03-2015,1,,,,,,,,,,,,,,,,,,,,,,,,,,,,,,,,,,21,,,,,,,,,,,,
08-03-2015,2,,,,,,,,,,,,,,,,,,,,,,,,,,,,,,,,,,20,,,,,,,,,,,,
08-03-2015,3,14,21,,,,,26,22,,17,,,20,26,16,,,25,,27,,12,,,19,,23,21,,,17,,,21,,21,,,21,19,12,22,24,21,24,
08-03-2015,4,11,21,,,,,26,19,,14,,,16,21,14,,,24,,25,,17,,,17,,20,21,,,18,,,19,,20,,,25,25,14,22,21,25,21,
08-03-2015,5,12,22,,,,,27,19,,17,,,24,18,15,,,29,,27,,18,,,20,,22,20,,,21,,,21,,21,,,27,21,12,21,21,25,21,
08-03-2015,6,12,21,,,,,28,22,,16,,,25,16,17,,,25,,25,,22,,,19,,24,19,,,23,,,23,,20,,,27,26,9,20,22,18,23,
08-03-2015,7,13,19,,,,,28,22,,15,,,24,15,16,,,24,,25,,19,,,19,,25,23,,,19,,,21,,18,,,28,23,9,18,23,16,23,
08-03-2015,8,11,20,,,,,29,21,,13,,,23,17,16,,,26,,25,,19,,,21,,20,22,,,18,,,21,,13,,,25,19,9,19,22,17,23,
08-03-2015,9,11,22,,,,,30,27,,16,,,21,26,16,,,33,,25,,20,,,24,,17,24,,,20,,,25,,17,,,29,19,20,20,23,14,28,
08-03-2015,10,11,22,,,,,34,34,,15,,,16,19,18,,,41,,30,,26,,,31,,21,30,,,26,,,30,,17,,,35,25,24,28,25,15,37,
08-03-2015,11,11,24,,,,,40,40,,16,,,27,16,35,,,40,,31,,23,,,44,,26,38,,,27,,,35,,12,,,34,28,26,34,30,13,39,
08-03-2015,12,7,30,,,,,41,30,,13,,,37,11,38,,,31,,23,,16,,,37,,19,30,,,22,,,31,,6,,,33,22,29,29,24,9,29,
08-03-2015,13,7,24,,,,,23,21,,11,,,30,7,29,,,19,,17,,8,,,21,,12,22,,,10,,,23,,5,,,27,16,24,15,15,6,21,
08-03-2015,14,6,14,,,,,16,15,,11,,,25,5,25,,,14,,13,,7,,,14,,12,18,,,11,,,13,,4,,,21,14,15,7,10,6,17,
08-03-2015,15,6,10,,,,,16,11,,10,,,30,5,20,,,14,,15,,8,,,16,,12,16,,,11,,,10,,4,,,18,14,10,5,9,9,15,
08-03-2015,16,5,15,,,,,29,14,,10,,,24,9,20,,,27,,17,,8,,,24,,11,19,,,9,,,11,,4,,,25,17,14,5,,11,14,
08-03-2015,17,5,12,,,,,23,17,,10,,,16,12,17,,,23,,25,,9,,,15,,13,17,,,13,,,10,,5,,,19,21,14,5,7,12,14,
08-03-2015,18,8,9,,,,,25,15,,10,,,19,17,28,,,19,,19,,10,,,21,,15,11,,,19,,,12,,6,,,23,24,13,8,8,15,16,
08-03-2015,19,9,8,,,,,23,21,,9,,,18,17,47,,,20,,25,,12,,,30,,19,13,,,22,,,15,,7,,,36,30,9,12,13,16,20,
08-03-2015,20,11,7,,,,,25,14,,11,,,17,13,35,,,26,,25,,14,,,28,,22,16,,,22,,,16,,8,,,29,24,7,13,21,19,23,
08-03-2015,21,13,5,,,,,19,10,,13,,,24,15,29,,,22,,24,,16,,,28,,26,16,,,26,,,16,,9,,,34,27,4,13,24,26,33,
08-03-2015,22,10,6,,,,,21,14,,11,,,21,17,36,,,29,,23,,22,,,29,,30,13,,,34,,,14,,6,,,32,29,4,12,23,25,22,
08-03-2015,23,9,4,,,,,26,18,,12,,,18,22,9,,,29,,29,,,,,35,,39,13,,,33,,,13,,10,,,22,35,4,16,20,23,23,
08-03-2015,24,9,6,,,,,29,21,,12,,,28,23,22,,,31,,33,,24,,,27,,32,39,,,26,,,19,,16,,,22,26,4,14,29,17,32,
09-03-2015,1,12,11,,,,,38,38,,9,,,21,15,25,,,40,,42,,22,,,25,,29,27,,,28,,,38,,13,,,22,30,7,13,31,18,35,
09-03-2015,2,20,9,,,,,22,15,,11,,,14,19,19,,,33,,26,,22,,,20,,34,8,,,20,,,24,,12,,,19,21,6,19,23,20,36,
09-03-2015,3,18,8,,,,,25,11,,13,,,13,21,17,,,26,,32,,18,,,25,,27,8,,,19,,,30,,7,,,20,14,3,15,16,15,29,
09-03-2015,4,14,5,,,,,27,16,,13,,,11,22,12,,,28,,33,,28,,,31,,17,15,,,22,,,15,,7,,,23,20,4,8,12,26,33,
09-03-2015,5,14,7,,,,,40,24,,22,,,15,19,19,,,31,,29,,28,,,30,,20,18,,,23,,,14,,9,,,27,30,6,11,18,29,32,
09-03-2015,6,16,16,,,,,35,25,,22,,,23,18,25,,,35,,34,,28,,,37,,35,24,,,26,,,21,,18,,,29,30,10,20,29,29,35,
09-03-2015,7,17,14,,,,,35,28,,24,,,41,21,30,,,35,,36,,26,,,39,,39,26,,,23,,,29,,21,,,31,32,11,27,35,27,39,
09-03-2015,8,20,19,,,,,38,35,,25,,,43,24,30,,,35,,38,,28,,,37,,36,32,,,24,,,31,,24,,,38,32,10,27,38,27,33,
09-03-2015,9,16,27,,,,,48,37,,21,,,37,33,37,,,46,,40,,34,,,39,,31,33,,,26,,,30,,24,,,48,37,28,26,37,25,42,
09-03-2015,10,11,30,,,,,53,40,,9,,,39,24,52,,,62,,53,,32,,,53,,26,43,,,17,,,33,,26,,,59,25,35,19,39,23,28,
09-03-2015,11,9,23,,,,,44,37,,10,,,44,10,50,,,48,,38,,15,,,65,,19,35,,,13,,,38,,20,,,60,21,27,34,22,13,29,
09-03-2015,12,7,24,,,,,44,36,,11,,,48,8,,,,40,,24,,17,,,58,,14,41,,,16,,,28,,6,,,47,16,21,21,14,11,,
09-03-2015,13,7,23,,,,,40,22,,10,,,45,7,,,,28,,19,,,,,43,,19,26,,,12,,,20,,6,,,42,18,24,14,14,14,,
09-03-2015,14,6,23,,,,,37,23,,10,,,47,9,41,,,26,,22,,,,,33,,18,22,,,13,,,18,,6,,,40,21,24,11,17,15,,
09-03-2015,15,6,17,,,,,35,32,,10,,,37,12,47,,,24,,26,,18,,,31,,18,19,,,18,,,19,,10,,,43,24,33,13,11,15,,
09-03-2015,16,12,11,,,,,31,23,,11,,,29,15,43,,,24,,22,,13,,,28,,16,14,,,18,,,19,,13,,,38,27,18,18,12,20,31,
09-03-2015,17,7,5,,,,,26,21,,11,,,20,34,44,,,21,,20,,13,,,24,,17,10,,,18,,,12,,6,,,31,28,7,12,13,20,34,
09-03-2015,18,8,5,,,,,25,12,,11,,,13,13,38,,,21,,19,,18,,,24,,21,7,,,24,,,11,,5,,,27,25,6,8,15,24,32,
09-03-2015,19,10,6,,,,,24,11,,12,,,14,21,20,,,15,,19,,29,,,18,,24,9,,,27,,,12,,6,,,30,25,7,9,16,20,30,
09-03-2015,20,11,5,,,,,35,11,,14,,,19,29,20,,,17,,24,,36,,,27,,25,13,,,26,,,16,,5,,,41,24,7,11,20,18,31,
09-03-2015,21,10,13,,,,,47,21,,20,,,13,21,33,,,23,,24,,40,,,26,,35,22,,,40,,,17,,10,,,44,28,9,15,22,21,41,
09-03-2015,22,10,17,,,,,40,32,,18,,,18,17,33,,,34,,34,,31,,,36,,40,35,,,30,,,32,,22,,,26,22,10,26,23,16,41,
09-03-2015,23,7,39,,,,,30,32,,12,,,21,24,26,,,33,,34,,22,,,34,,32,40,,,19,,,35,,12,,,36,21,17,28,44,13,24,
09-03-2015,24,8,39,,,,,28,29,,15,,,15,32,18,,,29,,30,,20,,,29,,26,27,,,16,,,33,,17,,,34,19,20,29,32,12,18,
10-03-2015,1,6,26,,,,,30,23,,13,,,11,26,15,,,27,,21,,17,,,27,,20,23,,,11,,,22,,23,,,38,29,14,22,25,13,15,
10-03-2015,2,11,22,,,,,33,26,,10,,,6,28,13,,,33,,29,,15,,,24,,15,22,,,11,,,29,,22,,,31,23,14,23,19,12,11,
10-03-2015,3,18,18,,,,,33,22,,9,,,5,20,8,,,31,,33,,16,,,17,,15,18,,,11,,,26,,15,,,16,24,15,20,19,15,12,
10-03-2015,4,12,15,,,,,32,11,,10,,,4,17,8,,,24,,27,,16,,,14,,17,11,,,13,,,13,,10,,,15,19,17,26,29,12,14,
10-03-2015,5,15,14,,,,,30,19,,8,,,9,25,12,,,29,,26,,15,,,21,,14,15,,,13,,,20,,13,,,23,17,16,23,18,13,20,
10-03-2015,6,18,20,,,,,30,22,,15,,,21,22,29,,,27,,23,,20,,,27,,18,24,,,18,,,18,,16,,,31,19,16,19,19,18,24,
10-03-2015,7,18,24,,,,,31,24,,20,,,31,22,29,,,29,,30,,24,,,27,,29,23,,,23,,,24,,17,,,30,29,14,23,26,25,27,
10-03-2015,8,19,21,,,,,33,26,,22,,,30,22,28,,,31,,32,,27,,,28,,32,26,,,24,,,24,,13,,,32,29,14,23,29,26,29,
10-03-2015,9,13,19,,,,,33,26,,15,,,14,25,30,,,28,,29,,25,,,26,,29,22,,,27,,,22,,10,,,40,34,17,22,23,26,32,
10-03-2015,10,10,22,,,,,36,28,,20,,,8,26,34,,,29,,26,,34,,,31,,21,28,,,34,,,29,,9,,,52,37,26,12,21,21,36,
10-03-2015,11,16,24,,,,,41,18,,14,,,9,19,38,,,21,,27,,29,,,34,,17,25,,,35,,,20,,,,,45,30,24,7,24,17,30,
10-03-2015,12,18,14,,,,,36,14,,7,,,15,15,31,,,17,,16,,27,,,22,,,15,,,23,,,12,,,,,37,33,14,4,6,,30,
10-03-2015,13,17,9,,,,,38,12,,7,,,14,11,29,,,10,,10,,24,,,20,,,9,,,24,,,7,,,,,39,28,8,5,6,,38,
10-03-2015,14,18,7,,,,,38,17,,9,,,8,10,27,,,14,,12,,32,,,15,,,13,,,15,,,10,,,,,37,24,6,6,7,9,31,
10-03-2015,15,13,6,,,,,30,14,,8,,,10,10,,,,19,,17,,36,,,12,,10,10,,,15,,,10,,,,,21,,9,7,9,12,34,
10-03-2015,16,5,6,,,,,17,12,,8,,,9,,14,,,17,,17,,24,,,13,,11,7,,,17,,,10,,4,,,15,,9,7,12,18,26,
10-03-2015,17,5,5,,,,,18,12,,9,,,10,,20,,,14,,15,,15,,,12,,12,5,,,17,,,9,,4,,,16,20,7,6,12,21,21,
10-03-2015,18,7,6,,,,,16,10,,9,,,10,,18,,,14,,17,,19,,,16,,14,5,,,17,,,11,,4,,,17,13,10,8,13,17,22,
10-03-2015,19,9,6,,,,,19,11,,13,,,14,,23,,,16,,20,,23,,,18,,19,6,,,22,,,14,,6,,,19,16,9,11,17,16,31,
10-03-2015,20,17,10,,,,,25,13,,16,,,18,,30,,,22,,23,,30,,,20,,35,13,,,21,,,17,,7,,,32,25,,15,20,14,30,
10-03-2015,21,14,,,,,,32,20,,18,,,,,30,,,21,,23,,28,,,31,,29,20,,,23,,,13,,6,,,34,,,16,,13,24,
10-03-2015,22,9,4,,,,,22,11,,9,,,9,13,,,,,,17,,,,,11,,23,9,,,17,,,17,,13,,,30,17,,11,,10,24,
10-03-2015,23,8,11,,,,,34,18,,10,,,8,23,,,,27,,30,,,,,12,,31,10,,,24,,,29,,14,,,27,,,23,37,13,14,
10-03-2015,24,8,15,,,,,15,30,,10,,,10,19,10,,,21,,26,,,,,20,,20,21,,,20,,,32,,13,,,20,,,30,29,19,20,
11-03-2015,1,9,23,,,,,22,28,,7,,,15,16,11,,,34,,29,,,,,27,,13,27,,,15,,,25,,12,,,14,32,,20,19,14,26,
11-03-2015,2,9,,,,,,29,22,,8,,,18,13,15,,,30,,19,,,,,32,,11,25,,,15,,,18,,10,,,37,14,,14,15,11,23,
11-03-2015,3,6,17,,,,,35,21,,9,,,16,17,10,,,33,,25,,,,,19,,12,22,,,18,,,18,,10,,,32,10,,14,15,8,21,
11-03-2015,4,6,15,,,,,35,24,,7,,,17,20,12,,,35,,24,,,,,20,,11,20,,,14,,,22,,10,,,27,11,,15,18,7,18,
11-03-2015,5,11,16,,,,,30,28,,8,,,21,21,18,,,25,,18,,,,,23,,12,18,,,16,,,22,,11,,,28,12,,17,14,8,17,
11-03-2015,6,10,22,,,,,31,24,,14,,,23,19,22,,,26,,25,,,,,27,,18,20,,,23,,,21,,13,,,29,16,,17,21,18,30,
11-03-2015,7,11,26,,,,,35,27,,15,,,23,22,24,,,31,,32,,,,,27,,21,27,,,27,,,26,,15,,,35,21,,25,26,24,31,
11-03-2015,8,14,22,,,,,34,29,,18,,,24,18,25,,,33,,32,,,,,28,,25,26,,,27,,,27,,12,,,32,22,,26,29,21,30,
11-03-2015,9,13,22,,,,,28,26,,18,,,20,18,28,,,31,,26,,,,,29,,24,27,,,22,,,24,,,,,34,22,,22,25,18,25,
11-03-2015,10,9,14,,,,,27,24,,14,,,17,16,35,,,26,,27,,,,,29,,23,28,,,13,,,20,,10,,,33,20,,13,19,20,21,
11-03-2015,11,8,14,,,,,27,18,,9,,,10,22,31,,,25,,25,,,,,27,,21,23,,,16,,,18,,8,,,28,20,,9,13,21,23,
11-03-2015,12,6,11,,,,,28,14,,7,,,11,24,29,,,23,,18,,,,,26,,15,18,,,15,,,14,,6,,,27,18,,9,10,16,25,
11-03-2015,13,9,12,,,,,21,13,,7,,,8,20,30,,,21,,15,,,,,20,,11,16,,,15,,,10,,4,,,21,18,,6,9,16,34,
11-03-2015,14,8,5,,,,,29,12,,8,,,7,19,9,,,21,,16,,,,,17,,16,10,,,15,,,11,,4,,,20,24,,7,13,16,31,
11-03-2015,15,7,4,,,,,18,12,,9,,,8,13,19,,,13,,15,,,,,13,,12,5,,,14,,,9,,6,,,26,23,,8,12,17,21,
11-03-2015,16,6,4,,,,,15,10,,9,,,7,22,16,,,13,,12,,,,,13,,12,5,,,12,,,7,,6,,,24,19,,6,8,17,18,
11-03-2015,17,7,4,,,,,12,9,,9,,,10,27,18,,,12,,13,,,,,8,,14,6,,,16,,,8,,3,,,31,21,,5,8,16,22,
11-03-2015,18,11,6,,,,,18,11,,8,,,13,15,14,,,17,,16,,,,,9,,13,7,,,20,,,11,,3,,,34,33,,8,11,17,26,
11-03-2015,19,14,5,,,,,36,13,,13,,,15,18,23,,,22,,19,,,,,18,,19,11,,,26,,,13,,5,,,31,30,,13,15,16,37,
11-03-2015,20,10,5,,,,,31,13,,,,,21,10,19,,,18,,18,,,,,20,,19,11,,,25,,,12,,4,,,31,30,,11,16,15,34,
11-03-2015,21,16,20,,,,,38,28,,,,,21,11,26,,,30,,26,,,,,32,,27,25,,,25,,,26,,8,,,29,21,,23,28,16,36,
11-03-2015,22,16,31,,,,,36,33,,,,,16,13,26,,,30,,38,,,,,31,,27,32,,,28,,,32,,9,,,30,23,,28,37,17,29,
11-03-2015,23,16,24,,,,,39,31,,,,,16,13,16,,,34,,34,,,,,30,,23,29,,,20,,,27,,18,,,28,23,,21,29,13,24,
11-03-2015,24,10,18,,,,,37,19,,,,,18,13,14,,,26,,34,,,,,19,,28,15,,,16,,,27,,20,,,22,21,,29,24,14,19,
12-03-2015,1,9,16,,,,,32,20,,,,,17,13,12,,,30,,31,,,,,20,,18,16,,,14,,,,,18,,,25,16,,28,26,11,17,
12-03-2015,2,9,12,,,,,22,15,,,,,16,15,15,,,19,,24,,,,,21,,15,16,,,12,,,,,14,,,22,13,,20,14,10,16,
12-03-2015,3,9,10,,,,,15,14,,,,,16,17,19,,,16,,17,,,,,21,,12,,,,11,,,,,13,,,26,15,,10,13,10,13,
12-03-2015,4,6,6,,,,,15,6,,,,,14,17,19,,,10,,12,,,,,12,,14,7,,,9,,,,,11,,,21,11,,4,8,10,14,
12-03-2015,5,8,6,,,,,16,10,,,,,15,20,17,,,14,,14,,,,,15,,13,10,,,14,,,,,4,,,25,9,,3,7,10,20,
12-03-2015,6,8,2,,,,,32,14,,,,,19,22,23,,,19,,19,,,,,19,,11,14,,,22,,,,,3,,,28,16,,7,11,21,26,
12-03-2015,7,6,19,,,,,36,27,,,,,20,24,30,,,33,,32,,,,,28,,21,29,,,29,,,,,6,,,35,29,,9,21,28,30,
12-03-2015,8,8,27,,,,,38,30,,,,,15,21,28,,,34,,35,,,,,31,,26,31,,,29,,,,,8,,,37,28,,18,30,27,34,
12-03-2015,9,10,30,,,,,40,30,,,,,13,24,38,,,33,,30,,,,,37,,28,32,,,23,,,,,11,,,42,27,,11,22,25,36,
12-03-2015,10,4,10,,,,,23,16,,,,,11,17,27,,,15,,14,,,,,17,,18,13,,,13,,,,,6,,,29,19,,6,10,17,22,
12-03-2015,11,3,4,,,,,17,10,,,,,7,22,,,,11,,13,,,,,8,,12,7,,,10,,,,,4,,,15,13,,4,8,12,17,
12-03-2015,12,2,2,,,,,8,6,,,,,6,10,,,,9,,8,,,,,7,,10,4,,,10,,,,,3,,,8,10,,4,7,10,15,
12-03-2015,13,3,2,,,,,9,3,,,,,5,5,7,,,10,,10,,,,,6,,8,4,,,11,,,,,3,,,9,8,,4,7,9,11,
12-03-2015,14,4,3,,,,,9,3,,,,,5,5,8,,,9,,7,,,,,6,,8,3,,,15,,,,,4,,,9,8,,4,7,8,14,
12-03-2015,15,5,4,,,,,7,3,,,,,6,4,10,,,9,,7,,,,,6,,11,4,,,7,,,,,3,,,10,8,,5,7,7,15,
12-03-2015,16,6,6,,,,,8,7,,,,,7,5,10,,,11,,10,,,,,7,,11,5,,,8,,,,,3,,,10,8,,6,8,7,15,
12-03-2015,17,8,6,,,,,12,12,,,,,8,6,12,,,14,,13,,,,,10,,12,5,,,14,,,,,3,,,12,13,,6,10,8,21,
12-03-2015,18,10,7,,,,,17,19,,,,,11,6,17,,,18,,17,,,,,15,,12,8,,,20,,,,,4,,,18,14,,9,12,12,23,
12-03-2015,19,14,9,,,,,22,26,,,,,14,8,23,,,23,,20,,,,,27,,17,14,,,26,,,,,6,,,24,19,,12,19,19,30,
12-03-2015,20,14,8,,,,,36,29,,,,,19,16,30,,,33,,27,,,,,32,,23,19,,,29,,,,,7,,,27,26,,18,25,26,39,
12-03-2015,21,16,8,,,,,43,31,,,,,19,21,36,,,34,,32,,,,,37,,31,24,,,36,,,,,7,,,28,29,,31,28,35,43,
12-03-2015,22,15,8,,,,,39,30,,,,,17,24,33,,,35,,35,,,,,33,,31,15,,,34,,,,,9,,,35,34,,31,34,38,43,
12-03-2015,23,23,7,,,,,39,27,,,,,20,30,37,,,35,,33,,,,,32,,32,28,,,35,,,,,5,,,37,39,,22,30,37,38,
12-03-2015,24,25,6,,,,,39,12,,,,,19,29,30,,,31,,31,,,,,35,,17,23,,,33,,,,,4,,,36,38,,23,27,29,32,
13-03-2015,1,24,4,,24,,,36,8,,22,,,17,25,28,,,28,,29,,,,,30,,17,14,,,32,,,,,3,,,36,31,,14,25,25,35,
13-03-2015,2,24,3,,18,,,33,6,,11,,,23,22,23,,,18,,14,,,,,24,,11,13,,,30,,,,,3,,,32,34,,6,10,25,38,
13-03-2015,3,23,2,,16,,,22,5,,8,,,10,22,21,,,12,,10,,,,,25,,13,18,,,24,,,,,3,,,32,20,,7,9,21,30,
13-03-2015,4,22,3,,22,,,23,8,,6,,,9,20,19,,,13,,12,,,,,16,,17,17,,,23,,,,,6,,,31,10,,9,10,27,32,
13-03-2015,5,19,6,,24,,,34,8,,9,,,15,19,19,,,14,,13,,,,,28,,13,15,,,19,,,,,4,,,33,14,,7,10,27,28,
13-03-2015,6,19,6,,27,,,29,16,,10,,,13,20,23,,,27,,18,,,,,31,,18,14,,,24,,,,,5,,,34,29,,10,13,25,30,
13-03-2015,7,18,8,,27,,,30,29,,18,,,21,20,23,,,31,,30,,,,,31,,32,20,,,25,,,,,7,,,32,35,,24,27,25,33,
13-03-2015,8,17,8,,29,,,35,29,,21,,,28,24,27,,,30,,33,,,,,32,,33,25,,,31,,,,,8,,,37,36,,26,30,25,,
13-03-2015,9,16,7,,38,,,38,22,,,,,20,,32,,,27,,25,,,,,32,,28,18,,,32,,,,,7,,,43,47,,17,22,30,44,
13-03-2015,10,20,7,,48,,,23,19,,16,,,11,41,38,,,17,,15,,,,,27,,18,12,,,25,,,,,4,,,33,50,,7,9,36,36,
13-03-2015,11,6,4,,23,,,16,15,,8,,,9,35,22,,,16,,14,,,,,14,,10,7,,,14,,,,,4,,,17,26,,7,8,32,17,
13-03-2015,12,3,3,,15,,,11,12,,7,,,9,27,8,,,12,,14,,,,,11,,9,3,,,12,,,,,4,,,13,13,,6,8,16,16,
13-03-2015,13,4,3,,11,,,12,5,,7,,,9,8,11,,,12,,11,,,,,9,,9,4,,,13,,,,,5,,,13,8,,6,9,9,19,
13-03-2015,14,5,3,,10,,,18,4,,7,,,,8,10,,,15,,14,,,,,11,,11,5,,,16,,,,,4,,,15,12,,6,9,8,24,
13-03-2015,15,12,3,,10,,,17,4,,10,,,,11,12,,,17,,12,,,,,13,,14,6,,,18,,,,,3,,,17,13,,7,8,10,27,
13-03-2015,16,28,4,,9,,,14,6,,10,,,8,16,10,,,15,,14,,,,,6,,12,4,,,19,,,,,4,,,18,10,,9,11,12,24,
13-03-2015,17,25,4,,8,,,9,10,,10,,,8,6,10,,,15,,22,,,,,6,,11,4,,,21,,,,,4,,,13,8,,9,11,12,20,
13-03-2015,18,10,4,,10,,,10,10,,10,,,10,8,13,,,12,,16,,,,,12,,12,5,,,20,,,,,5,,,16,12,,6,13,12,19,
13-03-2015,19,11,6,,11,,,16,21,,17,,,16,20,19,,,20,,24,,,,,14,,17,9,,,26,,,,,6,,,20,16,,9,21,20,30,
13-03-2015,20,14,7,,13,,,19,30,,26,,,11,15,20,,,31,,28,,,,,27,,20,19,,,31,,,,,9,,,22,22,,15,27,25,31,
13-03-2015,21,13,9,,20,,,22,21,,14,,,11,11,17,,,33,,32,,,,,24,,32,16,,,23,,,,,8,,,26,17,,13,21,13,29,
13-03-2015,22,8,11,,27,,,30,24,,13,,,18,21,25,,,22,,23,,,,,23,,27,23,,,24,,,,,13,,,35,25,,13,17,19,26,
13-03-2015,23,9,6,,32,,,30,20,,14,,,22,25,27,,,26,,27,,,,,28,,28,15,,,23,,,,,7,,,34,28,,12,19,17,30,
13-03-2015,24,11,8,,29,,,33,14,,9,,,11,24,20,,,25,,25,,,,,28,,21,8,,,25,,,,,7,,,32,19,,15,20,18,28,
14-03-2015,1,12,7,,26,,,32,21,,11,,,18,21,25,,,23,,23,,,,,24,,25,24,,,22,,,,,7,,,33,22,,12,14,17,30,
14-03-2015,2,13,4,,26,,,19,20,,7,,,9,17,27,,,16,,17,,,,,15,,21,14,,,16,,,,,8,,,31,29,,10,11,20,24,
14-03-2015,3,10,9,,23,,,25,17,,8,,,12,20,23,,,28,,26,,,,,21,,20,18,,,11,,,,,6,,,25,30,,12,17,16,17,
14-03-2015,4,14,18,,22,,,23,14,,11,,,18,21,21,,,27,,29,,,,,29,,15,15,,,9,,,,,5,,,29,28,,10,20,13,24,
14-03-2015,5,12,12,,21,,,31,16,,13,,,25,20,25,,,31,,26,,,,,29,,18,13,,,20,,,,,5,,,28,26,,9,13,18,21,
14-03-2015,6,12,10,,21,,,30,15,,22,,,23,17,23,,,29,,27,,,,,26,,26,12,,,24,,,,,5,,,26,26,,15,21,21,30,
14-03-2015,7,16,11,,20,,,27,15,,21,,,27,20,23,,,27,,27,,,,,26,,22,15,,,24,,,,,4,,,24,25,,19,25,21,35,
14-03-2015,8,16,18,,23,,,28,19,,15,,,24,19,23,,,25,,27,,,,,26,,22,18,,,25,,,,,6,,,29,27,,21,23,21,29,
14-03-2015,9,13,7,,31,,,27,21,,15,,,20,19,29,,,21,,22,,,,,22,,16,19,,,23,,,,,5,,,39,35,,10,16,23,27,
14-03-2015,10,8,3,,32,,,28,16,,7,,,25,20,32,,,13,,12,,,,,21,,10,11,,,14,,,,,5,,,39,34,,7,8,22,18,
14-03-2015,11,14,3,,18,,,34,12,,6,,,23,19,19,,,26,,10,,,,,21,,10,6,,,25,,,,,4,,,36,25,,6,8,17,29,
14-03-2015,12,14,2,,27,,,25,12,,7,,,24,18,25,,,9,,9,,,,,10,,8,6,,,28,,,,,4,,,33,30,,5,7,15,31,
14-03-2015,13,3,3,,28,,,7,9,,6,,,9,19,18,,,6,,7,,,,,9,,7,4,,,11,,,,,4,,,8,9,,5,6,14,13,
14-03-2015,14,3,2,,15,,,7,9,,6,,,4,23,14,,,6,,8,,,,,10,,6,3,,,9,,,,,5,,,7,7,,6,7,7,15,
14-03-2015,15,4,3,,17,,,9,11,,6,,,4,17,17,,,7,,7,,,,,12,,7,3,,,11,,,,,4,,,8,6,,7,7,10,15,
14-03-2015,16,5,2,,17,,,10,11,,7,,,4,18,19,,,9,,8,,,,,14,,8,4,,,15,,,,,5,,,9,8,,7,7,15,19,
14-03-2015,17,8,3,,17,,,11,11,,8,,,5,13,20,,,9,,10,,,,,15,,9,3,,,18,,,,,4,,,16,26,,6,6,14,19,
14-03-2015,18,11,3,,25,,,15,7,,7,,,7,14,27,,,14,,12,,,,,16,,11,4,,,25,,,,,5,,,35,23,,6,8,17,23,
14-03-2015,19,14,5,,31,,,16,4,,11,,,9,16,32,,,13,,16,,,,,17,,10,4,,,31,,,,,6,,,35,28,,8,13,23,34,
14-03-2015,20,18,6,,24,,,33,5,,15,,,21,13,29,,,18,,17,,,,,23,,17,4,,,28,,,,,7,,,31,24,,7,18,19,34,
14-03-2015,21,13,3,,25,,,31,13,,21,,,33,14,27,,,33,,23,,,,,28,,33,7,,,22,,,,,4,,,29,20,,7,15,19,28,
14-03-2015,22,13,4,,24,,,30,10,,21,,,29,21,28,,,31,,32,,,,,26,,30,11,,,21,,,,,3,,,28,23,,8,28,23,36,
14-03-2015,23,10,6,,20,,,30,28,,20,,,26,23,22,,,30,,31,,,,,25,,28,28,,,21,,,,,2,,,30,23,,25,32,15,32,
14-03-2015,24,8,27,,14,,,24,28,,19,,,24,16,19,,,28,,30,,,,,26,,23,28,,,17,,,,,18,,,25,19,,27,26,9,23,
15-03-2015,1,,,,,,,,,,,,,,,,,,,,,,,,,,,,,,,,,,,,,,,,,,,,,,
15-03-2015,2,,,,,,,,,,,,,,,,,,,,,,,,,,,,,,,,,,,,,,,,,,,,,,
15-03-2015,3,6,14,,16,,,23,16,,8,,,12,6,12,,,23,,23,,,,,12,,19,13,,,11,,,,,23,,,14,16,,20,26,10,23,
15-03-2015,4,6,12,,9,,,23,12,,9,,,12,6,12,,,19,,23,,,,,11,,18,11,,,9,,,,,20,,,14,13,,18,26,7,14,
15-03-2015,5,4,9,,10,,,18,12,,10,,,10,8,12,,,19,,23,,,,,13,,13,12,,,10,,,,,21,,,16,9,,18,20,8,14,
15-03-2015,6,6,11,,9,,,23,16,,10,,,11,8,10,,,22,,23,,,,,13,,12,15,,,12,,,,,13,,,21,9,,15,16,7,17,
15-03-2015,7,9,16,,11,,,27,16,,8,,,10,16,11,,,25,,22,,,,,16,,16,15,,,18,,,,,13,,,25,14,,16,20,12,20,
15-03-2015,8,13,16,,11,,,27,19,,10,,,10,11,11,,,24,,26,,,,,16,,21,16,,,20,,,,,18,,,25,18,,22,25,11,22,
15-03-2015,9,9,17,,15,,,22,21,,12,,,13,15,17,,,27,,27,,,,,18,,20,17,,,21,,,,,20,,,24,17,,23,21,9,20,
15-03-2015,10,6,18,,19,,,24,23,,8,,,13,11,18,,,24,,25,,,,,21,,17,20,,,18,,,,,17,,,23,13,,21,20,8,18,
15-03-2015,11,4,19,,16,,,23,20,,8,,,12,9,15,,,21,,26,,,,,17,,24,17,,,16,,,,,19,,,19,16,,22,26,7,20,
15-03-2015,12,4,24,,10,,,22,20,,10,,,15,6,14,,,23,,25,,,,,19,,29,18,,,14,,,,,24,,,14,15,,25,31,9,27,
15-03-2015,13,8,33,,11,,,22,21,,11,,,17,9,13,,,22,,27,,,,,17,,30,22,,,17,,,,,26,,,17,14,,23,29,9,22,
15-03-2015,14,8,26,,11,,,24,23,,13,,,20,11,19,,,23,,29,,,,,20,,33,22,,,18,,,,,15,,,17,17,,23,28,8,25,
15-03-2015,15,9,22,,12,,,27,25,,14,,,24,12,21,,,28,,33,,,,,24,,39,25,,,20,,,,,3,,,16,16,,26,36,8,32,
15-03-2015,16,9,4,,14,,,27,19,,11,,,15,9,20,,,33,,36,,,,,26,,27,13,,,22,,,,,3,,,18,20,,12,26,17,35,
15-03-2015,17,7,6,,17,,,24,7,,11,,,11,9,18,,,16,,17,,,,,11,,31,8,,,26,,,,,3,,,21,21,,7,9,19,34,
15-03-2015,18,9,3,,19,,,20,9,,18,,,13,13,26,,,15,,16,,,,,15,,36,9,,,25,,,,,4,,,29,21,,11,14,16,24,
15-03-2015,19,13,5,,27,,,33,13,,19,,,17,15,33,,,29,,31,,,,,21,,33,11,,,27,,,,,19,,,27,22,,24,37,20,32,
15-03-2015,20,13,25,,27,,,34,31,,18,,,23,24,31,,,34,,36,,,,,30,,29,26,,,28,,,,,30,,,29,26,,32,33,25,30,
15-03-2015,21,13,35,,26,,,33,32,,15,,,25,23,27,,,33,,35,,,,,29,,29,33,,,24,,,,,27,,,29,27,,29,31,23,32,
15-03-2015,22,13,32,,24,,,32,30,,18,,,28,19,23,,,32,,33,,,,,27,,31,30,,,23,,,,,31,,,29,27,,31,33,23,31,
15-03-2015,23,13,30,,19,,,31,27,,21,,,25,15,17,,,31,,32,,,,,22,,31,28,,,21,,,,,30,,,27,27,,30,32,22,31,
15-03-2015,24,12,27,,16,,,29,24,,21,,,16,10,14,,,29,,30,,,,,20,,33,22,,,21,,,,,31,,,23,21,,28,31,19,32,
16-03-2015,1,12,27,,14,,,26,21,,20,,,13,14,14,,,26,,29,,,,,18,,30,21,,,20,,,,,28,,,22,14,,27,30,12,30,
16-03-2015,2,11,24,,12,,,25,22,,19,,,19,17,16,,,25,,27,,,,,16,,24,22,,,18,,,,,27,,,20,14,,25,29,14,26,
16-03-2015,3,10,23,,12,,,23,20,,18,,,24,17,13,,,24,,26,,,,,16,,18,18,,,17,,,,,26,,,13,11,,23,25,11,26,
16-03-2015,4,10,24,,12,,,23,17,,14,,,21,15,18,,,25,,25,,,,,18,,16,18,,,18,,,,,24,,,15,9,,23,20,9,26,
16-03-2015,5,10,17,,11,,,24,17,,13,,,25,14,17,,,25,,24,,,,,18,,19,19,,,18,,,,,22,,,23,13,,22,20,14,24,
16-03-2015,6,11,4,,17,,,24,19,,13,,,16,18,16,,,24,,24,,,,,18,,20,20,,,18,,,,,21,,,22,21,,19,22,14,24,
16-03-2015,7,10,12,,18,,,24,20,,13,,,13,18,18,,,27,,23,,,,,19,,21,20,,,19,,,,,20,,,24,20,,20,22,16,22,
16-03-2015,8,11,4,,18,,,26,18,,12,,,16,17,20,,,28,,25,,,,,22,,19,18,,,19,,,,,19,,,24,18,,21,24,16,26,
16-03-2015,9,12,3,,21,,,31,21,,17,,,21,15,23,,,32,,32,,,,,23,,21,17,,,20,,,,,20,,,26,18,,25,22,14,30,
16-03-2015,10,9,2,,23,,,34,28,,16,,,21,16,32,,,33,,28,,,,,37,,21,17,,,19,,,,,18,,,35,21,,21,24,15,26,
16-03-2015,11,7,2,,27,,,31,9,,16,,,9,14,33,,,27,,26,,,,,31,,21,3,,,16,,,,,11,,,37,21,,9,28,14,20,
16-03-2015,12,7,3,,25,,,29,8,,14,,,5,17,22,,,12,,21,,,,,7,,24,2,,,15,,,,,3,,,30,,,3,14,14,20,
16-03-2015,13,7,3,,21,,,16,3,,13,,,5,16,9,,,6,,8,,,,,7,,8,,,,10,,,,,3,,,20,,,3,5,15,15,
16-03-2015,14,5,4,,9,,,8,3,,10,,,4,15,10,,,7,,7,,,,,7,,7,2,,,10,,,,,3,,,6,,,4,5,13,11,
16-03-2015,15,4,4,,9,,,8,4,,9,,,5,12,12,,,7,,8,,,,,7,,8,3,,,12,,,,,3,,,7,,,3,5,9,11,
16-03-2015,16,4,4,,8,,,9,4,,8,,,6,10,12,,,8,,9,,,,,7,,7,3,,,12,,,,,3,,,7,7,,4,5,8,13,
16-03-2015,17,5,4,,9,,,9,4,,7,,,8,9,11,,,8,,10,,,,,7,,8,3,,,14,,,,,3,,,8,8,,4,7,9,14,
16-03-2015,18,10,4,,11,,,11,6,,9,,,8,17,15,,,11,,11,,,,,13,,10,5,,,16,,,,,4,,,9,10,,6,9,12,16,
16-03-2015,19,14,4,,14,,,15,13,,11,,,11,19,21,,,15,,15,,,,,17,,15,8,,,19,,,,,5,,,14,12,,10,16,17,23,
16-03-2015,20,19,4,,21,,,18,12,,14,,,10,18,29,,,20,,22,,,,,22,,23,8,,,28,,,,,7,,,19,17,,14,19,20,30,
16-03-2015,21,26,4,,28,,,24,16,,23,,,19,20,31,,,22,,24,,,,,22,,20,12,,,28,,,,,7,,,23,18,,15,20,19,28,
16-03-2015,22,18,5,,28,,,21,10,,15,,,24,24,28,,,17,,17,,,,,14,,21,9,,,32,,,,,12,,,34,28,,7,17,19,31,
16-03-2015,23,20,6,,27,,,18,11,,9,,,18,28,35,,,14,,14,,,,,17,,22,9,,,28,,,,,13,,,36,26,,9,14,21,37,
16-03-2015,24,18,3,,26,,,12,9,,7,,,15,24,32,,,12,,12,,,,,18,,21,6,,,21,,,,,8,,,31,24,,6,13,21,36,
17-03-2015,1,5,3,,23,,,19,6,,6,,,9,22,29,,,7,,8,,,,,,,15,5,,,12,,,,,5,,,28,26,,3,8,24,35,
17-03-2015,2,6,3,,21,,,30,6,,6,,,16,21,28,,,8,,10,,,,,7,,13,6,,,11,,,,,5,,,27,26,,6,6,24,18,
17-03-2015,3,5,2,,19,,,27,6,,6,,,13,19,25,,,7,,8,,,,,17,,11,5,,,7,,,,,3,,,27,23,,5,6,22,18,
17-03-2015,4,7,1,,20,,,15,6,,8,,,13,21,23,,,7,,8,,,,,12,,16,10,,,9,,,,,5,,,26,23,,5,6,19,16,
17-03-2015,5,10,3,,17,,,28,10,,8,,,10,19,21,,,16,,8,,,,,22,,17,15,,,14,,,,,7,,,25,23,,9,14,17,21,
17-03-2015,6,13,9,,16,,,27,12,,9,,,24,21,21,,,26,,20,,,,,22,,22,21,,,19,,,,,15,,,26,21,,13,21,20,29,
17-03-2015,7,14,17,,17,,,27,25,,13,,,26,20,21,,,28,,29,,,,,22,,28,25,,,19,,,,,17,,,28,21,,23,29,21,30,
17-03-2015,8,13,23,,21,,,33,26,,18,,,26,20,22,,,32,,31,,,,,24,,25,26,,,20,,,,,19,,,27,23,,22,31,21,32,
17-03-2015,9,13,26,,18,,,41,33,,14,,,29,19,29,,,43,,38,,,,,31,,24,31,,,26,,,,,14,,,30,22,,16,39,18,23,
17-03-2015,10,10,33,,19,,,45,40,,9,,,27,15,35,,,45,,41,,,,,49,,15,35,,,26,,,,,7,,,,25,,13,29,17,26,
17-03-2015,11,6,31,,27,,,38,23,,7,,,56,14,42,,,44,,28,,,,,53,,13,36,,,17,,,,,4,,,36,26,,6,12,17,31,
17-03-2015,12,7,14,,25,,,32,17,,4,,,64,12,40,,,30,,19,,,,,40,,11,18,,,15,,,,,3,,,35,18,,4,5,12,23,
17-03-2015,13,10,16,,24,,,32,12,,3,,,49,12,36,,,25,,21,,,,,32,,9,19,,,17,,,,,3,,,41,17,,5,6,12,32,
17-03-2015,14,7,11,,22,,,37,14,,4,,,44,16,37,,,19,,15,,,,,32,,8,17,,,12,,,,,5,,,39,16,,7,9,10,27,
17-03-2015,15,12,8,,23,,,30,13,,7,,,33,,37,,,17,,16,,,,,24,,10,13,,,17,,,,,5,,,37,17,,5,9,,28,
17-03-2015,16,11,8,,21,,,33,12,,8,,,29,14,35,,,19,,16,,,,,25,,11,11,,,11,,,,,3,,,34,20,,7,7,13,22,
17-03-2015,17,6,11,,20,,,24,17,,9,,,31,14,31,,,20,,18,,,,,33,,12,22,,,14,,,,,4,,,34,20,,7,10,14,18,
17-03-2015,18,7,12,,15,,,33,25,,11,,,13,21,31,,,25,,21,,,,,37,,19,33,,,18,,,,,4,,,38,27,,11,13,16,22,
17-03-2015,19,13,7,,24,,,50,26,,15,,,12,27,20,,,47,,31,,,,,34,,24,40,,,24,,,,,4,,,39,32,,12,19,20,26,
17-03-2015,20,12,11,,38,,,42,30,,15,,,14,27,21,,,28,,34,,,,,16,,36,21,,,27,,,,,7,,,52,34,,17,23,22,35,
17-03-2015,21,16,18,,40,,,50,27,,15,,,15,21,47,,,27,,28,,,,,14,,38,25,,,27,,,,,10,,,38,27,,19,28,16,27,
17-03-2015,22,11,38,,40,,,50,30,,14,,,18,25,40,,,48,,44,,,,,27,,42,25,,,23,,,,,25,,,37,31,,31,36,26,38,
17-03-2015,23,13,26,,34,,,43,31,,17,,,26,23,29,,,46,,47,,,,,35,,40,28,,,22,,,,,24,,,39,38,,31,39,27,37,
17-03-2015,24,14,19,,23,,,42,28,,20,,,32,23,28,,,44,,45,,,,,26,,44,26,,,24,,,,,22,,,38,33,,32,44,32,,
18-03-2015,1,18,12,,13,,,35,29,,16,,,21,23,26,,,34,,32,,,,,26,,46,20,,,26,,,,,28,,,34,28,,28,39,29,,
18-03-2015,2,13,7,,11,,,34,25,,10,,,13,20,22,,,27,,36,,,,,28,,40,7,,,26,,,,,20,,,27,24,,27,35,27,,
18-03-2015,3,17,8,,16,,,33,17,,10,,,8,20,18,,,19,,31,,,,,20,,33,7,,,26,,,,,12,,,29,26,,11,18,29,,
18-03-2015,4,21,14,,17,,,31,21,,8,,,8,20,20,,,18,,20,,,,,26,,22,12,,,28,,,,,8,,,31,30,,11,19,27,,
18-03-2015,5,21,9,,18,,,28,15,,11,,,9,17,19,,,28,,25,,,,,19,,26,18,,,28,,,,,11,,,24,29,,20,17,27,,
18-03-2015,6,24,14,,18,,,32,26,,21,,,7,19,18,,,29,,33,,,,,19,,34,19,,,27,,,,,16,,,25,28,,20,28,26,,
18-03-2015,7,22,17,,22,,,29,23,,26,,,23,18,23,,,35,,33,,,,,27,,35,23,,,26,,,,,18,,,26,26,,22,30,27,,
18-03-2015,8,18,19,,23,,,31,23,,25,,,27,19,23,,,33,,33,,,,,26,,37,22,,,25,,,,,18,,,34,27,,22,32,23,,
18-03-2015,9,18,16,,37,,,36,27,,13,,,12,30,33,,,36,,35,,,,,33,,35,18,,,25,,,,,16,,,28,32,,21,33,20,,
18-03-2015,10,10,20,,49,,,45,22,,8,,,10,28,41,,,37,,36,,,,,33,,24,21,,,24,,,,,7,,,31,34,,19,21,13,,
18-03-2015,11,12,21,,42,,,37,14,,11,,,9,16,46,,,,,25,,,,,34,,21,18,,,24,,,,,5,,,39,24,,12,13,12,,
18-03-2015,12,12,15,,16,,,27,10,,12,,,,9,39,,,,,11,,,,,24,,17,16,,,16,,,,,4,,,26,18,,13,13,8,,
18-03-2015,13,13,14,,19,,,23,17,,11,,,,14,27,,,,,15,,,,,26,,13,18,,,17,,,,,4,,,24,18,,4,14,10,,
18-03-2015,14,9,10,,21,,,22,16,,10,,,,13,29,,,23,,20,,,,,22,,12,15,,,19,,,,,,,,28,20,,5,9,14,,
18-03-2015,15,,10,,22,,,22,17,,9,,,,10,25,,,23,,17,,,,,19,,12,17,,,16,,,,,5,,,29,24,,7,9,14,,
18-03-2015,16,,12,,18,,,20,17,,10,,,17,7,27,,,25,,20,,,,,25,,12,14,,,20,,,,,4,,,28,25,,10,10,14,,
18-03-2015,17,,6,,14,,,45,20,,13,,,24,7,17,,,26,,19,,,,,32,,19,13,,,24,,,,,5,,,27,20,,10,13,14,,
18-03-2015,18,,6,,12,,,39,15,,16,,,22,11,21,,,29,,24,,,,,23,,23,14,,,30,,,,,5,,,29,16,,11,16,9,,
18-03-2015,19,,9,,17,,,30,16,,15,,,23,19,22,,,33,,30,,,,,19,,38,18,,,29,,,,,5,,,34,27,,18,23,12,,
18-03-2015,20,13,12,,15,,,34,16,,18,,,14,24,31,,,31,,32,,,,,21,,40,14,,,38,,,,,5,,,36,29,,15,23,32,,
18-03-2015,21,13,21,,21,,,27,38,,19,,,13,23,31,,,29,,23,,,,,23,,36,26,,,35,,,,,11,,,35,22,,18,22,40,,
18-03-2015,22,14,15,,23,,,29,36,,19,,,12,14,27,,,28,,27,,,,,26,,39,36,,,35,,,,,8,,,33,26,,17,24,34,,
18-03-2015,23,10,13,,14,,,29,35,,16,,,10,15,24,,,27,,,,,,,17,,40,22,,,29,,,,,15,,,26,23,,32,26,18,,
18-03-2015,24,9,22,,18,,,31,26,,20,,,11,27,18,,,28,,,,,,,17,,38,21,,,24,,,,,23,,,29,23,,31,34,13,,
19-03-2015,1,10,13,,12,,,32,18,,14,,,11,27,10,,,22,,,,,,,14,,33,14,,,16,,,,,24,,,25,18,,26,31,8,21,
19-03-2015,2,7,9,,15,,,27,12,,13,,,11,24,9,,,25,,,,,,,13,,15,12,,,14,,,,,19,,,27,15,,17,13,8,20,
19-03-2015,3,6,9,,14,,,21,14,,,,,14,23,9,,,24,,,,,,,14,,13,13,,,14,,,,,19,,,21,15,,16,11,13,12,
19-03-2015,4,12,12,,9,,,18,16,,9,,,19,25,10,,,21,,,,,,,18,,16,,,,14,,,,,12,,,16,21,,15,14,16,14,
19-03-2015,5,18,13,,11,,,20,16,,12,,,25,22,16,,,24,,,,,,,20,,19,,,,16,,,,,15,,,16,20,,18,19,18,19,
19-03-2015,6,18,16,,15,,,24,16,,24,,,28,23,18,,,21,,,,,,,21,,25,13,,,21,,,,,21,,,18,21,,26,28,20,24,
19-03-2015,7,20,23,,15,,,28,20,,21,,,29,21,17,,,26,,,,,,,21,,32,21,,,26,,,,,31,,,23,24,,28,30,24,32,
19-03-2015,8,20,25,,17,,,27,28,,25,,,28,21,20,,,26,,,,29,,,22,,29,27,,,25,,,,,27,,,29,24,,27,29,20,33,
19-03-2015,9,11,19,,20,,,30,29,,,,,27,22,27,,,32,,,,27,,,24,,22,28,,,25,,,,,20,,,40,22,,22,23,20,36,
19-03-2015,10,7,17,,24,,,31,29,,12,,,24,17,29,,,37,,,,18,,,32,,20,28,,,19,,,,,15,,,39,18,,21,23,13,35,
19-03-2015,11,5,16,,29,,,41,23,,10,,,25,,37,,,33,,,,16,,,36,,22,24,,,17,,,,,13,,,32,17,,21,23,9,37,
19-03-2015,12,5,14,,32,,,47,20,,11,,,23,,47,,,33,,,,16,,,30,,16,22,,,16,,,,,7,,,43,22,,16,19,12,38,
19-03-2015,13,6,14,,28,,,33,17,,10,,,22,,43,,,28,,,,16,,,26,,,17,,,13,,,,,6,,,47,22,,9,15,15,28,
19-03-2015,14,7,13,,30,,,30,16,,12,,,21,,42,,,22,,,,11,,,24,,,16,,,11,,,,,4,,,38,18,,8,14,14,20,
19-03-2015,15,7,9,,29,,,29,20,,12,,,29,,45,,,33,,,,9,,,34,,13,24,,,11,,,,,4,,,27,16,,10,16,12,22,
19-03-2015,16,7,5,,34,,,42,19,,13,,,22,19,38,,,50,,,,37,,,38,,48,20,,,25,,,,,6,,,43,35,,14,37,24,39,
19-03-2015,17,19,6,,47,,,42,18,,13,,,15,30,34,,,42,,,,25,,,22,,35,20,,,25,,,,,10,,,44,33,,14,31,24,38,
19-03-2015,18,9,17,,25,,,46,30,,13,,,32,37,19,,,34,,,,17,,,35,,23,24,,,20,,,,,18,,,38,43,,19,25,26,26,
19-03-2015,19,9,42,,26,,,43,41,,12,,,38,52,42,,,42,,,,20,,,39,,40,39,,,21,,,,,17,,,42,36,,24,53,36,26,
19-03-2015,20,12,44,,27,,,53,45,,10,,,38,35,59,,,53,,,,29,,,40,,55,41,,,32,,,,,23,,,46,37,,53,71,34,43,
19-03-2015,21,12,32,,25,,,47,35,,10,,,30,15,46,,,38,,,,40,,,29,,56,37,,,32,,,,,44,,,41,35,,43,64,19,32,
19-03-2015,22,21,38,,26,,,44,33,,14,,,39,16,42,,,37,,,,30,,,34,,47,34,,,28,,,,,40,,,33,37,,36,51,25,25,
19-03-2015,23,21,22,,29,,,45,35,,24,,,40,20,37,,,43,,,,37,,,42,,53,35,,,32,,,,,29,,,40,33,,42,55,21,37,
19-03-2015,24,23,17,,22,,,42,40,,27,,,45,41,31,,,44,,,,31,,,44,,55,31,,,29,,,,,25,,,37,41,,46,51,14,45,
20-03-2015,1,29,10,,17,,,40,34,,30,,,38,34,28,,,52,,49,,40,,41,39,,49,24,,,31,,,,,34,,,33,44,,46,46,20,50,
20-03-2015,2,30,10,,16,,,35,24,,25,,,30,30,22,,,48,,49,,49,,43,38,,34,15,,,27,,,,,29,,,30,38,,38,43,24,48,
20-03-2015,3,22,14,,15,,,30,25,,19,,,33,24,20,,,48,,41,,45,,48,33,,27,10,,,26,,,,,24,,,28,36,,35,41,33,41,
20-03-2015,4,24,13,,17,,,31,25,,17,,,32,20,17,,,45,,35,,34,,41,31,,21,9,,,27,,,,,20,,,27,35,,33,38,31,36,
20-03-2015,5,21,12,,17,,,34,23,,17,,,32,18,16,,,40,,35,,30,,44,29,,28,9,,,26,,,,,21,,,23,35,,30,32,28,40,
20-03-2015,6,17,21,,21,,,32,21,,15,,,30,22,22,,,44,,42,,34,,41,34,,34,16,,,28,,,,,22,,,27,32,,29,40,26,35,
20-03-2015,7,17,25,,24,,,33,23,,14,,,38,21,26,,,38,,44,,34,,39,35,,30,22,,,31,,,,,21,,,31,32,,27,39,27,39,
20-03-2015,8,16,29,,26,,,35,27,,18,,,36,33,28,,,42,,50,,34,,43,37,,29,26,,,28,,,,,17,,,35,38,,28,36,28,43,
20-03-2015,9,17,24,,35,,,51,43,,25,,,39,65,43,,,58,,56,,33,,58,52,,39,36,,,30,,,,,33,,,50,48,,24,45,36,50,
20-03-2015,10,20,30,,53,,,76,44,,23,,,37,64,75,,,65,,61,,36,,53,80,,41,47,,,27,,,,,21,,,67,62,,28,55,38,46,
20-03-2015,11,11,23,,63,,,48,27,,19,,,47,35,66,,,50,,49,,18,,34,67,,31,32,,,18,,,,,12,,,67,48,,,58,32,28,
20-03-2015,12,10,14,,43,,,23,33,,12,,,52,19,47,,,24,,25,,11,,21,36,,19,20,,,12,,,,,11,,,40,36,,38,27,17,20,
20-03-2015,13,5,19,,25,,,21,30,,9,,,47,15,31,,,24,,20,,10,,26,30,,14,37,,,8,,,,,6,,,48,26,,27,17,12,21,
20-03-2015,14,6,18,,25,,,24,35,,9,,,29,17,39,,,36,,30,,11,,33,39,,18,31,,,10,,,,,9,,,32,21,,29,30,10,24,
20-03-2015,15,6,15,,45,,,42,23,,10,,,27,20,44,,,30,,26,,13,,48,33,,38,34,,,16,,,,,19,,,48,42,,24,31,17,33,
20-03-2015,16,7,15,,40,,,26,20,,21,,,29,24,37,,,33,,17,,22,,27,21,,23,20,,,17,,,,,13,,,51,40,,11,18,24,51,
20-03-2015,17,13,15,,50,,,41,26,,15,,,38,38,35,,,50,,33,,44,,50,31,,30,30,,,28,,,,,7,,,50,53,,10,18,26,54,
20-03-2015,18,12,20,,47,,,43,34,,19,,,35,33,45,,,41,,30,,28,,51,30,,42,43,,,27,,,,,5,,,46,50,,16,50,28,46,
20-03-2015,19,19,21,,53,,,57,54,,31,,,28,28,56,,,48,,44,,19,,53,58,,41,52,,,29,,,,,5,,,60,36,,24,55,17,40,
20-03-2015,20,9,20,,30,,,47,61,,13,,,33,19,41,,,47,,57,,32,,47,54,,34,50,,,31,,,,,8,,,47,31,,18,38,17,43,
20-03-2015,21,11,31,,28,,,41,50,,11,,,25,16,28,,,37,,43,,30,,42,35,,35,43,,,32,,,,,13,,,40,27,,39,41,18,41,
20-03-2015,22,13,32,,31,,,43,33,,14,,,26,19,25,,,37,,44,,37,,48,28,,39,32,,,38,,,,,43,,,38,32,,42,49,22,49,
20-03-2015,23,13,18,,41,,,35,37,,21,,,38,19,29,,,32,,37,,40,,38,31,,46,38,,,31,,,,,40,,,45,40,,30,46,23,48,
20-03-2015,24,26,18,,34,,,44,35,,31,,,35,27,29,,,30,,33,,42,,41,34,,31,30,,,40,,,,,28,,,44,44,,30,46,30,46,
21-03-2015,1,29,22,,26,,,51,27,,26,,42,36,28,34,,,42,,44,,30,,48,38,,43,27,,,31,,,,,34,,,49,27,,36,45,37,44,
21-03-2015,2,29,29,,24,,,50,26,,26,,39,33,25,26,,,49,,48,,41,,48,33,,46,23,,,32,,,,,27,,,40,23,,32,44,35,40,
21-03-2015,3,23,22,,23,,,36,26,,21,,30,34,24,21,,,45,,47,,36,,48,32,,41,21,,,33,,,,,28,,,32,33,,28,42,31,41,
21-03-2015,4,21,18,,24,,,31,23,,18,,29,30,21,21,,,43,,44,,34,,42,31,,37,15,,,29,,,,,25,,,29,39,,25,37,30,40,
21-03-2015,5,18,15,,21,,,28,20,,15,,24,24,21,18,,,43,,38,,30,,41,30,,37,12,,,25,,,,,26,,,25,34,,26,36,30,36,
21-03-2015,6,18,11,,20,,,25,17,,13,,22,29,19,16,,,43,,46,,32,,44,33,,35,13,,,27,,,,,27,,,24,32,,25,36,25,38,
21-03-2015,7,18,13,,20,,,26,17,,12,,21,21,18,14,,,42,,37,,32,,42,31,,28,17,,,27,,,,,24,,,24,29,,25,36,24,39,
21-03-2015,8,17,21,,22,,,29,20,,14,,25,21,30,22,,,43,,45,,37,,43,34,,28,19,,,29,,,,,19,,,32,32,,25,41,25,42,
21-03-2015,9,17,27,,32,,,47,33,,18,,42,16,44,36,,,61,,59,,50,,61,49,,39,31,,,39,,,,,17,,,52,51,,27,58,30,55,
21-03-2015,10,13,29,,34,,,66,37,,20,,60,30,35,41,,,59,,57,,52,,41,60,,42,41,,,34,,,,,9,,,66,49,,40,53,31,33,
21-03-2015,11,11,23,,36,,,43,46,,18,,47,41,18,57,,,41,,41,,42,,33,47,,30,41,,,16,,,,,4,,,51,35,,32,34,19,23,
21-03-2015,12,7,26,,28,,,25,35,,10,,32,46,11,45,,,27,,26,,26,,28,28,,13,33,,,14,,,,,4,,,41,24,,6,14,19,19,
21-03-2015,13,8,27,,28,,,25,22,,9,,20,30,8,35,,,24,,20,,15,,24,28,,11,27,,,15,,,,,4,,,34,27,,5,8,21,24,
21-03-2015,14,6,13,,30,,,28,17,,9,,15,12,9,28,,,19,,15,,15,,25,24,,16,19,,,11,,,,,3,,,37,27,,6,11,21,24,
21-03-2015,15,6,6,,18,,,18,15,,9,,13,9,11,14,,,22,,15,,12,,24,11,,12,16,,,14,,,,,4,,,26,29,,6,9,18,24,
21-03-2015,16,8,4,,9,,,13,8,,9,,12,9,15,11,,,20,,18,,17,,20,16,,15,9,,,17,,,,,3,,,14,20,,7,,19,39,
21-03-2015,17,10,6,,9,,,12,9,,10,,10,9,10,11,,,19,,16,,14,,21,8,,17,6,,,20,,,,,4,,,16,18,,6,12,17,27,
21-03-2015,18,9,5,,8,,,13,10,,9,,12,9,10,10,,,14,,18,,15,,21,8,,19,8,,,20,,,,,4,,,13,19,,6,13,11,29,
21-03-2015,19,10,5,,7,,,15,17,,11,,16,10,12,12,,,14,,24,,17,,23,9,,18,11,,,20,,,,,4,,,14,20,,7,13,10,28,
21-03-2015,20,10,4,,13,,,16,7,,13,,22,8,11,22,,,21,,22,,22,,24,12,,18,9,,,21,,,,,5,,,20,23,,8,18,16,19,
21-03-2015,21,10,7,,23,,,15,19,,15,,31,11,25,25,,,23,,29,,25,,23,13,,27,11,,,24,,,,,7,,,34,27,,11,17,24,21,
21-03-2015,22,10,14,,26,,,13,29,,14,,30,12,30,24,,,29,,28,,23,,31,20,,32,16,,,25,,,,,11,,,32,24,,14,18,32,32,
21-03-2015,23,9,12,,23,,,22,26,,12,,29,12,32,25,,,32,,31,,23,,32,26,,29,25,,,22,,,,,15,,,29,24,,14,23,31,31,
21-03-2015,24,13,10,,22,,,30,24,,12,,28,9,33,25,,,29,,29,,26,,30,17,,27,26,,,22,,,,,18,,,28,28,,17,19,29,26,
22-03-2015,1,,,,,,,,,,,,,,,,,,,,,,,,,,,,,,,,,,,,,,,,,,,,,,
22-03-2015,2,,,,,,,,,,,,,,,,,,,,,,,,,,,,,,,,,,,,,,,,,,,,,,
22-03-2015,3,20,24,,13,,,28,21,,12,,23,10,23,24,,,27,,27,,21,,27,20,,23,21,,,19,,,,,11,,,23,26,,19,25,26,25,
22-03-2015,4,19,15,,14,,,26,14,,14,,21,10,30,23,,,25,,25,,24,,26,20,,25,14,,,19,,,,,16,,,23,26,,15,23,22,21,
22-03-2015,5,17,13,,17,,,25,14,,17,,18,15,25,19,,,25,,22,,22,,26,23,,25,11,,,17,,,,,15,,,20,24,,15,22,21,22,
22-03-2015,6,15,13,,15,,,20,14,,17,,15,15,16,17,,,23,,22,,21,,22,21,,24,11,,,18,,,,,17,,,19,22,,16,22,20,21,
22-03-2015,7,14,12,,15,,,21,14,,15,,17,13,14,18,,,22,,21,,22,,22,22,,25,11,,,19,,,,,15,,,19,22,,16,23,19,23,
22-03-2015,8,11,13,,18,,,22,17,,16,,18,13,16,17,,,26,,23,,23,,26,25,,27,12,,,20,,,,,15,,,20,23,,15,22,18,25,
22-03-2015,9,12,13,,22,,,29,26,,18,,24,10,45,23,,,32,,29,,30,,27,23,,36,22,,,20,,,,,12,,,36,26,,14,33,20,32,
22-03-2015,10,13,12,,13,,,29,24,,23,,30,15,20,29,,,25,,33,,25,,30,19,,37,21,,,24,,,,,14,,,21,20,,17,47,17,28,
22-03-2015,11,10,17,,18,,,29,27,,18,,27,22,7,19,,,23,,21,,24,,18,23,,24,22,,,20,,,,,20,,,16,15,,25,16,12,21,
22-03-2015,12,6,23,,11,,,24,18,,16,,16,24,8,23,,,17,,15,,14,,17,21,,14,21,,,15,,,,,18,,,18,10,,12,12,9,18,
22-03-2015,13,4,20,,8,,,22,14,,12,,15,23,8,24,,,17,,15,,10,,15,19,,12,17,,,11,,,,,15,,,22,10,,10,11,7,18,
22-03-2015,14,5,15,,9,,,24,12,,11,,,22,7,23,,,16,,12,,13,,19,17,,13,13,,,13,,,,,10,,,22,12,,9,11,7,18,
22-03-2015,15,6,16,,9,,,25,14,,10,,14,17,7,20,,,20,,18,,12,,23,19,,14,13,,,14,,,,,10,,,24,13,,9,13,8,19,
22-03-2015,16,7,11,,11,,,21,15,,10,,15,21,6,24,,,20,,18,,13,,24,19,,16,13,,,14,,,,,9,,,24,15,,12,16,8,22,
22-03-2015,17,9,8,,12,,,27,14,,13,,15,25,5,29,,,29,,19,,16,,34,23,,23,11,,,19,,,,,7,,,18,14,,13,18,8,29,
22-03-2015,18,16,6,,20,,,27,11,,14,,19,24,9,25,,,29,,19,,33,,35,28,,28,14,,,33,,,,,7,,,25,21,,18,18,9,41,
22-03-2015,19,19,5,,22,,,24,9,,23,,18,19,27,22,,,26,,27,,54,,33,20,,32,10,,,50,,,,,5,,,29,28,,18,22,24,60,
22-03-2015,20,17,6,,31,,,37,18,,25,,21,24,32,31,,,40,,27,,40,,40,35,,36,13,,,40,,,,,11,,,37,31,,21,25,32,44,
22-03-2015,21,11,6,,41,,,31,22,,26,,27,16,31,44,,,37,,37,,42,,39,23,,33,15,,,36,,,,,18,,,35,31,,15,27,26,35,
22-03-2015,22,10,24,,44,,,39,33,,17,,41,18,20,44,,,34,,49,,49,,43,37,,36,31,,,38,,,,,22,,,55,33,,20,39,23,54,
22-03-2015,23,7,24,,19,,,47,34,,15,,49,34,21,32,,,39,,47,,28,,42,44,,29,26,,,29,,,,,19,,,37,24,,40,40,14,43,
22-03-2015,24,10,15,,16,,,37,20,,15,,45,29,20,17,,,32,,49,,25,,36,33,,28,20,,,26,,,,,26,,,28,18,,47,38,10,32,
23-03-2015,1,6,13,,9,,,29,22,,14,,35,25,19,12,,,31,,41,,18,,37,17,,30,21,,,17,,,,,32,,,20,12,,41,48,8,31,
23-03-2015,2,5,11,,9,,,22,19,,22,,17,16,18,7,,,21,,29,,12,,27,13,,22,17,,,10,,,,,35,,,15,10,,24,38,7,29,
23-03-2015,3,7,10,,8,,,22,9,,16,,10,20,26,7,,,15,,17,,15,,21,12,,12,12,,,14,,,,,20,,,15,14,,17,26,8,35,
23-03-2015,4,7,8,,9,,,28,12,,11,,10,17,24,8,,,19,,18,,14,,24,13,,14,9,,,11,,,,,13,,,22,13,,8,16,8,32,
23-03-2015,5,10,8,,12,,,34,11,,20,,11,20,31,10,,,23,,18,,22,,30,15,,20,8,,,16,,,,,12,,,34,13,,15,18,9,23,
23-03-2015,6,9,7,,16,,,34,12,,18,,13,23,35,16,,,26,,20,,28,,35,17,,17,9,,,23,,,,,10,,,33,19,,19,20,16,33,
23-03-2015,7,15,8,,20,,,30,14,,17,,18,24,33,17,,,27,,27,,28,,28,17,,25,15,,,25,,,,,12,,,33,25,,19,29,18,33,
23-03-2015,8,16,11,,20,,,34,18,,21,,23,25,32,23,,,26,,28,,28,,32,21,,27,18,,,25,,,,,18,,,35,24,,20,29,19,35,
23-03-2015,9,14,15,,17,,,30,23,,26,,28,23,32,25,,,31,,31,,23,,36,23,,25,19,,,22,,,,,20,,,33,24,,24,28,15,36,
23-03-2015,10,9,17,,17,,,26,21,,21,,26,11,13,23,,,36,,33,,18,,35,29,,21,17,,,18,,,,,24,,,25,16,,31,22,11,33,
23-03-2015,11,7,18,,17,,,30,20,,19,,29,13,9,25,,,39,,30,,17,,38,33,,27,17,,,16,,,,,16,,,27,11,,,28,12,35,
23-03-2015,12,6,,,16,,,35,28,,17,,34,22,8,,,,47,,30,,17,,32,38,,26,23,,,12,,,,,17,,,32,11,,,29,12,31,
23-03-2015,13,4,,,16,,,30,26,,14,,29,30,8,,,,23,,24,,12,,22,35,,12,28,,,10,,,,,15,,,34,12,,27,19,9,24,
23-03-2015,14,5,,,17,,,29,25,,14,,31,35,5,,,,21,,20,,18,,22,30,,11,25,,,9,,,,,14,,,37,14,,21,14,7,22,
23-03-2015,15,6,12,,18,,,29,22,,12,,24,37,6,,,,24,,28,,14,,30,28,,18,21,,,14,,,,,10,,,32,14,,14,18,6,23,
23-03-2015,16,5,9,,17,,,40,28,,14,,30,39,8,38,,,40,,42,,23,,52,33,,35,26,,,17,,,,,8,,,37,14,,18,26,6,39,
23-03-2015,17,6,11,,31,,,44,26,,23,,37,44,15,46,,,51,,44,,49,,58,48,,51,31,,,41,,,,,9,,,49,29,,18,34,14,61,
23-03-2015,18,11,7,,32,,,58,24,,15,,27,24,26,47,,,39,,35,,43,,51,30,,42,23,,,42,,,,,6,,,55,39,,13,21,26,61,
23-03-2015,19,9,22,,20,,,35,31,,12,,36,22,34,22,,,40,,40,,25,,53,29,,26,26,,,21,,,,,10,,,36,20,,24,30,,23,
23-03-2015,20,8,16,,26,,,42,24,,11,,33,14,40,20,,,35,,40,,36,,39,22,,22,20,,,24,,,,,30,,,45,27,,35,34,,21,
23-03-2015,21,11,22,,20,,,46,21,,10,,30,16,29,20,,,39,,39,,31,,45,21,,26,22,,,26,,,,,23,,,38,29,,32,42,16,31,
23-03-2015,22,11,20,,26,,,37,28,,14,,36,17,42,34,,,34,,37,,22,,33,27,,24,21,,,18,,,,,,,,31,22,,31,35,25,26,
23-03-2015,23,9,24,,31,,,27,29,,11,,28,27,37,35,,,29,,26,,18,,34,25,,26,28,,,18,,,,,,,,36,25,,22,28,19,25,
23-03-2015,24,19,9,,29,,,32,21,,16,,22,28,37,33,,,27,,25,,25,,36,29,,26,16,,,16,,,,,8,,,32,26,,16,20,31,28,
24-03-2015,1,16,7,,28,,,31,13,,22,,18,29,39,31,,,19,,17,,33,,20,24,,19,11,,,26,,,,,15,,,32,27,,17,20,24,33,
24-03-2015,2,16,4,,32,,,26,11,,14,,20,21,41,22,,,21,,18,,32,,17,17,,17,11,,,24,,,,,11,,,33,25,,12,18,,35,
24-03-2015,3,16,3,,29,,,32,9,,12,,16,18,38,18,,,18,,22,,21,,22,22,,20,8,,,18,,,,,9,,,31,13,,11,13,24,31,
24-03-2015,4,17,4,,22,,,29,14,,16,,18,19,33,18,,,17,,18,,15,,29,21,,16,7,,,14,,,,,9,,,30,26,,13,13,21,26,
24-03-2015,5,15,9,,18,,,32,13,,15,,18,15,21,17,,,18,,21,,18,,28,22,,19,9,,,17,,,,,11,,,32,28,,12,18,18,28,
24-03-2015,6,14,5,,17,,,31,14,,16,,18,22,18,14,,,23,,24,,23,,27,21,,29,13,,,21,,,,,16,,,21,27,,16,21,21,29,
24-03-2015,7,14,8,,18,,,24,12,,21,,20,26,17,13,,,26,,28,,28,,27,19,,30,14,,,26,,,,,,,,24,26,,18,27,21,35,
24-03-2015,8,13,10,,20,,,27,15,,21,,24,24,23,18,,,27,,31,,27,,31,24,,32,17,,,22,,,,,,,,24,25,,18,28,22,34,
24-03-2015,9,14,21,,32,,,43,27,,19,,28,18,53,31,,,29,,35,,30,,32,30,,29,19,,,25,,,,,,,,41,31,,22,,25,43,
24-03-2015,10,12,20,,46,,,55,37,,21,,30,11,48,55,,,32,,41,,,,41,35,,33,20,,,27,,,,,,,,49,46,,15,24,29,55,
24-03-2015,11,14,27,,63,,,44,24,,21,,27,22,38,75,,,39,,39,,,,60,30,,39,24,,,46,,,,,,,,60,47,,18,29,33,71,
24-03-2015,12,9,13,,52,,,57,18,,15,,20,27,19,46,,,34,,34,,,,58,25,,24,15,,,38,,,,,,,,56,45,,8,30,29,49,
24-03-2015,13,5,7,,37,,,41,9,,10,,12,21,14,52,,,28,,20,,,,30,26,,12,9,,,9,,,,,4,,,40,41,,5,10,24,16,
24-03-2015,14,4,9,,31,,,31,13,,9,,12,20,11,44,,,22,,19,,7,,27,21,,14,9,,,9,,,,,5,,,35,35,,11,12,27,20,
24-03-2015,15,8,6,,38,,,28,12,,10,,8,18,15,35,,,20,,17,,11,,21,17,,15,7,,,13,,,,,5,,,34,31,,3,7,21,26,
24-03-2015,16,12,7,,36,,,29,14,,10,,14,15,18,55,,,25,,,,15,,30,32,,13,9,,,18,,,,,5,,,45,36,,6,9,17,30,
24-03-2015,17,15,12,,15,,,50,25,,13,,30,12,26,33,,,39,,,,28,,42,31,,23,21,,,23,,,,,5,,,33,20,,14,21,16,39,
24-03-2015,18,16,12,,21,,,36,23,,11,,22,13,27,25,,,28,,,,22,,33,19,,37,12,,,22,,,,,,,,31,21,,21,35,13,19,
24-03-2015,19,9,16,,30,,,45,31,,15,,35,23,24,24,,,46,,,,27,,37,29,,35,21,,,26,,,,,25,,,39,31,,34,41,24,41,
24-03-2015,20,21,13,,32,,,45,35,,24,,39,35,37,35,,,46,,47,,33,,46,41,,31,27,,,27,,,,,22,,,44,47,,39,45,40,44,
24-03-2015,21,17,18,,28,,,45,41,,22,,46,35,41,38,,,47,,50,,37,,45,43,,44,29,,,36,,,,,15,,,48,48,,39,45,39,46,
24-03-2015,22,13,22,,30,,,44,39,,22,,45,36,39,27,,,45,,47,,25,,42,43,,40,27,,,33,,,,,32,,,46,36,,40,46,25,37,
24-03-2015,23,12,31,,31,,,41,30,,29,,43,36,26,25,,,39,,40,,26,,39,36,,38,32,,,32,,,,,17,,,38,22,,36,45,28,26,
24-03-2015,24,9,31,,26,,,35,31,,27,,39,34,24,30,,,38,,38,,28,,38,32,,39,35,,,23,,,,,32,,,37,35,,32,41,29,19,
25-03-2015,1,12,21,,22,,,35,31,,31,,34,32,28,26,,,35,,35,,29,,36,29,,35,31,,,30,,,,,33,,,33,34,,27,37,29,26,
25-03-2015,2,7,13,,19,,,34,30,,30,,26,27,35,17,,,29,,35,,21,,36,22,,24,27,,,27,,,,,27,,,28,30,,28,35,26,21,
25-03-2015,3,10,25,,15,,,35,19,,22,,23,18,24,20,,,32,,36,,29,,37,28,,27,24,,,27,,,,,31,,,29,31,,25,36,20,25,
25-03-2015,4,18,12,,18,,,36,27,,21,,28,28,24,22,,,37,,33,,29,,35,30,,35,28,,,25,,,,,26,,,34,31,,23,31,15,34,
25-03-2015,5,19,19,,14,,,32,22,,23,,27,27,24,18,,,34,,32,,26,,31,30,,33,18,,,24,,,,,21,,,28,32,,23,30,23,35,
25-03-2015,6,17,12,,19,,,30,20,,25,,25,34,19,21,,,31,,30,,28,,30,31,,33,12,,,23,,,,,21,,,31,32,,21,29,25,35,
25-03-2015,7,18,17,,21,,,26,19,,27,,27,28,22,23,,,29,,32,,26,,33,33,,34,20,,,22,,,,,22,,,26,34,,21,29,24,41,
25-03-2015,8,17,21,,29,,,40,24,,24,,28,20,35,27,,,34,,36,,27,,41,29,,29,24,,,28,,,,,21,,,33,35,,22,28,27,39,
25-03-2015,9,21,20,,39,,,51,36,,16,,31,13,42,46,,,32,,30,,43,,52,31,,37,27,,,43,,,,,21,,,54,44,,19,26,38,46,
25-03-2015,10,19,22,,45,,,54,32,,11,,25,8,46,81,,,26,,29,,38,,31,26,,43,33,,,29,,,,,13,,,69,38,,20,25,47,44,
25-03-2015,11,11,23,,39,,,62,24,,15,,25,24,60,73,,,33,,32,,32,,33,91,,38,26,,,33,,,,,8,,,55,33,,20,36,43,49,
25-03-2015,12,7,13,,33,,,29,16,,16,,16,26,51,39,,,25,,29,,24,,29,25,,28,16,,,,,,,,4,,,37,21,,8,23,48,52,
25-03-2015,13,7,11,,25,,,28,13,,13,,13,16,35,31,,,22,,22,,16,,24,21,,16,12,,,,,,,,6,,,34,24,,6,10,33,34,
25-03-2015,14,4,,,20,,,26,16,,13,,11,13,19,24,,,19,,18,,14,,18,21,,15,8,,,,,,,,7,,,27,32,,13,13,21,25,
25-03-2015,15,7,8,,26,,,19,19,,12,,17,13,16,24,,,19,,21,,19,,,17,,23,13,,,,,,,,7,,,20,23,,19,22,20,24,
25-03-2015,16,12,6,,18,,,22,21,,12,,15,11,22,18,,,18,,16,,17,,18,16,,18,10,,,,,,,,8,,,19,15,,16,16,22,24,
25-03-2015,17,10,10,,12,,,29,24,,17,,19,12,23,22,,,30,,30,,27,,29,31,,23,18,,,22,,,,,6,,,25,15,,22,20,25,29,
25-03-2015,18,14,8,,14,,,22,21,,18,,19,19,28,20,,,25,,24,,27,,27,19,,34,18,,,23,,,,,11,,,18,19,,28,27,21,32,
25-03-2015,19,16,8,,20,,,26,25,,18,,26,28,28,26,,,24,,24,,26,,27,18,,21,17,,,23,,,,,11,,,25,22,,20,17,23,28,
25-03-2015,20,12,9,,32,,,36,30,,25,,32,34,32,35,,,34,,36,,34,,35,26,,33,24,,,33,,,,,8,,,36,31,,28,32,35,38,
25-03-2015,21,23,5,,35,,,38,13,,19,,17,25,36,34,,,28,,31,,34,,35,31,,27,21,,,35,,,,,4,,,39,36,,14,31,35,39,
25-03-2015,22,23,8,,36,,,40,27,,11,,30,15,38,33,,,30,,31,,28,,31,35,,26,26,,,25,,,,,9,,,43,35,,24,25,33,35,
25-03-2015,23,24,15,,37,,,37,28,,19,,28,11,36,34,,,29,,29,,27,,31,36,,31,31,,,25,,,,,21,,,42,36,,19,23,32,34,
25-03-2015,24,21,10,,33,,,37,23,,22,,29,11,27,34,,,32,,32,,30,,32,32,,33,19,,,30,,,,,18,,,40,38,,25,31,27,34,
26-03-2015,1,13,5,,29,,,34,22,,23,,29,15,21,31,,,32,,32,,25,,30,29,,33,17,,,26,15,,,,18,,,37,38,,25,30,25,31,
26-03-2015,2,15,7,,28,,,34,25,,23,,27,12,21,28,,,31,,31,,26,,31,27,,31,23,,,26,14,,,,12,,,35,37,,23,28,25,29,
26-03-2015,3,14,4,,23,,,33,19,,19,,24,19,18,21,,,29,,27,,25,,29,24,,30,9,,,23,13,,,,17,,,31,34,,20,27,21,28,
26-03-2015,4,18,3,,23,,,30,14,,17,,20,9,16,18,,,28,,26,,27,,26,27,,30,7,,,24,20,,,,10,,,27,31,,19,25,22,28,
26-03-2015,5,15,3,,21,,,32,14,,13,,16,13,15,18,,,26,,28,,26,,26,24,,29,5,,,25,19,,,,9,,,24,30,,20,25,21,29,
26-03-2015,6,15,6,,20,,,31,12,,18,,20,18,14,18,,,24,,25,,26,,27,24,,32,10,,,24,23,,,,15,,,23,28,,19,24,21,35,
26-03-2015,7,15,12,,21,,,38,17,,23,,22,26,15,20,,,25,,26,,27,,29,26,,32,21,,,25,28,,,,11,,,26,31,,20,27,20,42,
26-03-2015,8,15,15,,24,,,41,21,,19,,26,20,33,24,,,26,,30,,27,,29,27,,35,18,,,28,27,,,,18,,,37,32,,21,31,21,46,
26-03-2015,9,17,14,,40,,,40,30,,10,,28,14,51,37,,,32,,29,,36,,29,35,,46,23,,,28,20,,,,20,,,50,48,,17,30,29,52,
26-03-2015,10,11,21,,45,,,33,29,,9,,25,7,52,55,,,27,,21,,30,,32,25,,40,24,,,30,20,,,,16,,,63,51,,14,23,49,57,
26-03-2015,11,8,12,,32,,,30,19,,10,,20,8,47,17,,,27,,23,,37,,22,27,,31,21,,,41,17,,,,8,,,24,28,,11,20,,44,
26-03-2015,12,8,8,,19,,,24,11,,10,,13,7,32,9,,,18,,15,,30,,17,23,,21,10,,,30,5,,,,3,,,30,18,,8,15,,32,
26-03-2015,13,11,8,,21,,,18,10,,9,,10,7,18,9,,,17,,13,,34,,18,8,,13,11,,,22,4,,,,4,,,31,20,,6,9,,23,
26-03-2015,14,18,9,,20,,,11,12,,10,,8,10,13,16,,,7,,12,,31,,11,5,,13,9,,,20,7,,,,5,,,22,24,,5,8,,25,
26-03-2015,15,17,7,,17,,,23,18,,9,,11,14,11,24,,,17,,16,,23,,19,17,,12,10,,,26,12,,,,5,,,29,20,,8,11,,39,
26-03-2015,16,14,6,,16,,,21,19,,11,,17,19,12,18,,,18,,24,,18,,24,16,,18,11,,,23,11,,,,9,,,18,20,,13,17,13,24,
26-03-2015,17,11,6,,21,,,26,23,,12,,17,11,21,37,,,24,,23,,12,,23,27,,16,13,,,17,10,,,,6,,,28,22,,10,15,20,23,
26-03-2015,18,12,6,,31,,,30,27,,15,,27,17,31,32,,,29,,32,,14,,27,23,,20,15,,,22,13,,,,8,,,30,20,,20,23,17,28,
26-03-2015,19,18,7,,37,,,39,18,,22,,18,18,33,33,,,27,,30,,20,,35,23,,28,13,,,28,13,,,,13,,,42,26,,14,25,27,35,
26-03-2015,20,20,8,,44,,,32,27,,25,,30,23,41,35,,,28,,28,,30,,30,28,,28,25,,,38,16,,,,6,,,42,34,,25,27,34,38,
26-03-2015,21,24,10,,35,,,35,29,,17,,31,28,33,33,,,33,,35,,38,,34,35,,35,27,,,36,26,,,,9,,,35,33,,29,33,35,42,
26-03-2015,22,23,9,,29,,,37,29,,28,,30,14,28,33,,,34,,35,,30,,34,36,,38,29,,,35,26,,,,9,,,41,26,,28,34,17,38,
26-03-2015,23,18,21,,33,,,42,26,,31,,31,18,30,37,,,36,,42,,28,,33,37,,39,24,,,29,26,,,,23,,,40,25,,29,36,18,37,
26-03-2015,24,14,17,,30,,,44,23,,12,,30,21,35,31,,,41,,42,,36,,41,32,,39,21,,,35,18,,,,28,,,42,41,,28,35,20,42,
27-03-2015,1,13,8,,27,,,37,16,,14,,28,16,37,27,,,,,38,,35,,41,32,,37,10,,,26,11,,,,27,,,37,40,,26,32,28,33,
27-03-2015,2,12,9,,20,,,26,16,,28,,24,18,33,24,,,,,34,,32,,39,29,,35,7,,,32,13,,,,23,,,33,33,,23,29,27,39,
27-03-2015,3,14,15,,11,,,30,9,,24,,21,18,33,20,,,,,27,,29,,29,25,,26,,,,32,12,,,,22,,,28,25,,21,29,25,39,
27-03-2015,4,11,30,,12,,,31,10,,23,,18,25,25,18,,,,,26,,23,,32,23,,33,9,,,24,17,,,,21,,,20,29,,19,27,19,35,
27-03-2015,5,10,26,,15,,,28,13,,20,,16,26,25,17,,,,,30,,23,,28,18,,29,16,,,18,20,,,,21,,,23,26,,19,25,26,33,
27-03-2015,6,11,23,,16,,,34,14,,20,,17,27,35,23,,,,,31,,24,,30,23,,27,16,,,23,25,,,,24,,,32,31,,19,27,22,35,
27-03-2015,7,17,20,,23,,,31,16,,19,,24,29,32,23,,,,,32,,27,,33,25,,31,18,,,26,29,,,,25,,,32,22,,20,27,18,33,
27-03-2015,8,18,20,,25,,,31,21,,21,,28,28,31,25,,,,,31,,22,,33,26,,34,22,,,22,26,,,,24,,,27,19,,21,33,16,27,
27-03-2015,9,13,23,,22,,,25,28,,,,31,19,24,26,,,,,33,,19,,30,27,,28,23,,,17,18,,,,23,,,25,16,,25,36,11,22,
27-03-2015,10,6,21,,14,,,27,27,,,,34,15,14,22,,,,,33,,21,,24,24,,20,22,,,18,17,,,,27,,,23,14,,30,24,8,25,
27-03-2015,11,5,18,,13,,,25,31,,,,37,14,11,22,,,,,29,,16,,28,27,,20,23,,,17,18,,,,28,,,21,10,,36,24,6,22,
27-03-2015,12,5,25,,14,,,23,31,,11,,34,17,9,26,,,,,31,,12,,31,20,,19,28,,,17,17,,,,27,,,17,,,31,28,5,19,
27-03-2015,13,5,35,,13,,,28,33,,11,,32,20,8,23,,,,,33,,10,,37,25,,17,31,,,13,18,,,,32,,,21,,,32,25,5,22,
27-03-2015,14,5,38,,11,,,24,40,,9,,41,23,10,21,,,,,34,,8,,26,27,,17,36,,,13,24,,,,29,,,22,,,40,22,5,20,
27-03-2015,15,5,18,,11,,,33,39,,10,,38,35,16,30,,,,,41,,11,,39,48,,23,32,,,14,36,,,,20,,,24,,,33,25,6,22,
27-03-2015,16,11,16,,21,,,32,,,11,,14,31,9,48,,,,,25,,15,,22,22,,19,13,,,19,19,,,,8,,,39,19,,7,16,10,27,
27-03-2015,17,13,21,,30,,,41,,,10,,17,32,16,35,,,,,19,,11,,23,32,,18,16,,,16,18,,,,11,,,27,18,,9,13,18,23,
27-03-2015,18,11,21,,38,,,40,32,,12,,27,38,26,27,,,,,32,,13,,32,44,,26,24,,,16,29,,,,10,,,29,18,,14,21,23,28,
27-03-2015,19,16,32,,38,,,53,40,,13,,32,53,27,46,,,,,48,,33,,43,56,,37,32,,,25,42,,,,17,,,57,29,,20,29,19,38,
27-03-2015,20,8,47,,22,,,37,45,,11,,43,44,24,36,,,,,45,,27,,40,47,,40,46,,,21,41,,,,29,,,38,18,,33,37,9,19,
27-03-2015,21,9,28,,21,,,29,22,,7,,24,21,24,29,,,,,28,,17,,23,24,,17,30,,,22,19,,,,15,,,25,14,,17,18,11,28,
27-03-2015,22,5,19,,21,,,31,23,,6,,24,21,24,31,,,,,25,,19,,26,30,,15,25,,,19,20,,,,9,,,22,11,,14,15,13,25,
27-03-2015,23,4,12,,20,,,32,20,,7,,21,18,23,30,,,,,25,,15,,23,28,,16,18,,,18,19,,,,10,,,23,11,,15,17,20,25,
27-03-2015,24,9,11,,27,,,29,19,,8,,23,18,20,30,,,,,23,,22,,34,29,,18,19,,,11,15,,,,11,,,32,17,,18,17,17,30,
28-03-2015,1,22,9,,24,,,27,13,,6,,20,15,14,30,,,,,22,,28,,33,30,,33,18,,,14,19,,,,8,,,30,35,,18,21,17,32,
28-03-2015,2,15,5,,18,,,30,15,,17,,22,19,22,24,,,,,26,,20,,31,27,,37,15,,,22,14,,,,7,,,31,37,,22,26,19,30,
28-03-2015,3,13,3,,19,,,28,9,,28,,15,22,26,18,,,,,28,,21,,30,25,,32,6,,,28,12,,,,9,,,29,33,,15,19,29,31,
28-03-2015,4,23,3,,14,,,31,8,,26,,13,27,25,17,,,,,26,,26,,30,25,,28,7,,,23,8,,,,10,,,31,31,,22,18,26,29,
28-03-2015,5,18,4,,13,,,35,8,,24,,14,29,22,14,,,,,26,,24,,30,21,,30,9,,,28,10,,,,11,,,30,20,,20,28,23,26,
28-03-2015,6,19,8,,16,,,32,16,,18,,19,30,21,16,,,,,28,,27,,29,24,,30,17,,,27,18,,,,11,,,22,21,,21,28,24,27,
28-03-2015,7,17,17,,18,,,31,18,,14,,22,28,16,18,,,,,33,,28,,30,27,,28,21,,,25,20,,,,12,,,22,27,,23,27,28,31,
28-03-2015,8,17,15,,19,,,32,22,,13,,25,30,24,,,,,,28,,26,,29,26,,30,21,,,25,20,,,,11,,,26,31,,22,29,28,32,
28-03-2015,9,15,23,,24,,,37,24,,27,,28,25,48,36,,,,,33,,28,,29,28,,31,21,,,25,19,,,,22,,,34,34,,20,27,29,36,
28-03-2015,10,15,18,,35,,,43,27,,24,,29,18,39,53,,,,,36,,34,,40,35,,37,22,,,28,26,,,,19,,,47,33,,18,28,34,45,
28-03-2015,11,16,22,,48,,,57,33,,26,,33,22,44,65,,,,,52,,34,,43,42,,40,27,,,29,19,,,,13,,,48,34,,23,32,31,45,
28-03-2015,12,13,21,,34,,,52,29,,26,,31,18,45,54,,,,,35,,27,,37,35,,42,29,,,21,17,,,,8,,,58,37,,10,25,27,45,
28-03-2015,13,9,12,,41,,,46,,,22,,14,19,29,35,,,,,22,,15,,26,16,,35,12,,,17,15,,,,5,,,49,29,,8,15,23,23,
28-03-2015,14,5,9,,28,,,36,,,13,,14,16,15,31,,,,,18,,10,,30,21,,19,10,,,11,12,,,,6,,,26,23,,6,19,10,27,
28-03-2015,15,7,7,,24,,,30,,,10,,10,15,8,27,,,,,16,,18,,23,20,,13,7,,,15,12,,,,6,,,35,22,,7,10,8,24,
28-03-2015,16,10,12,,20,,,35,,,10,,15,17,19,28,,,,,19,,33,,29,23,,14,12,,,34,14,,,,4,,,39,29,,6,12,9,23,
28-03-2015,17,13,20,,29,,,37,,,12,,29,19,20,35,,,,,35,,30,,39,34,,25,21,,,32,20,,,,12,,,40,18,,17,24,12,41,
28-03-2015,18,12,22,,27,,,41,26,,14,,33,14,30,21,,,,,39,,31,,44,29,,25,25,,,29,19,,,,16,,,29,26,,25,26,34,42,
28-03-2015,19,22,15,,22,,,31,19,,20,,19,22,42,33,,,,,37,,42,,38,28,,43,17,,,44,17,,,,21,,,29,37,,20,36,37,48,
28-03-2015,20,30,14,,33,,,37,29,,25,,28,30,52,38,,,,,34,,47,,33,38,,44,26,,,47,23,,,,13,,,40,41,,22,29,44,52,
28-03-2015,21,23,20,,35,,,45,34,,28,,39,34,35,38,,,,,41,,46,,39,37,,45,29,,,,26,,,,17,,,43,47,,30,35,45,51,
28-03-2015,22,5,36,,13,,,35,39,,14,,40,26,22,24,,,,,44,,26,,42,35,,44,36,,,,26,,,,35,,,23,23,,37,45,19,32,
28-03-2015,23,7,23,,20,,,29,30,,8,,30,16,20,29,,,,,30,,20,,24,27,,18,26,,,,15,,,,26,,,30,11,,28,25,18,30,
28-03-2015,24,12,19,,25,,,33,25,,10,,30,19,33,35,,,,,28,,16,,32,30,,17,23,,,,18,,,,10,,,38,37,,24,22,24,23,
29-03-2015,1,,,,,,,,,,,,,,,,,,,,,,,,,,,,,,,,,,,,,,,,,,,,,,
29-03-2015,2,,,,,,,,,,,,,,,,,,,,,,,,,,,,,,,,,,,,,,,,,,,,,,
29-03-2015,3,15,11,,33,,,40,19,,16,,28,7,26,32,,,,,23,,30,,29,28,,25,23,,,,7,,,,9,,,39,36,,18,25,25,32,
29-03-2015,4,21,13,,25,,,41,18,,22,,23,7,26,23,,,,,33,,25,,33,23,,29,26,,,,11,,,,9,,,39,36,,19,33,25,37,
29-03-2015,5,12,9,,22,,,42,22,,16,,27,8,27,19,,,,,39,,24,,36,30,,28,22,,,,13,,,,7,,,38,28,,13,30,24,27,
29-03-2015,6,17,8,,21,,,39,27,,17,,25,9,27,21,,,,,33,,17,,35,34,,27,24,,,,9,,,,11,,,38,33,,19,23,25,24,
29-03-2015,7,17,13,,23,,,36,23,,15,,26,14,27,27,,,,,33,,22,,33,34,,31,26,,,,15,,,,7,,,35,38,,23,30,23,33,
29-03-2015,8,22,16,,34,,,31,23,,15,,25,26,36,34,,,,,33,,26,,32,31,,30,22,,,,17,,,,14,,,32,35,,21,29,25,32,
29-03-2015,9,15,8,,29,,,32,14,,15,,20,19,38,27,,,,,24,,29,,29,22,,33,17,,,,12,,,,13,,,32,31,,14,22,25,36,
29-03-2015,10,10,6,,29,,,20,,,20,,13,10,33,18,,,,,17,,27,,19,18,,16,12,,,,7,,,,6,,,24,24,,9,12,23,33,
29-03-2015,11,14,9,,26,,,17,,,18,,10,5,20,21,,,,,12,,24,,13,14,,15,10,,,,6,,,,6,,,27,21,,4,8,16,24,
29-03-2015,12,13,9,,18,,,19,9,,12,,12,12,16,20,,,,,14,,15,,17,14,,14,10,,,,14,,,,5,,,22,16,,6,11,13,21,
29-03-2015,13,8,14,,12,,,13,11,,10,,12,19,10,18,,,,,17,,12,,19,21,,10,13,,,,14,,,,6,,,17,11,,8,10,7,20,
29-03-2015,14,4,13,,11,,,17,13,,10,,18,27,7,32,,,,,19,,7,,28,27,,11,18,,,,20,,,,9,,,16,10,,11,14,5,16,
29-03-2015,15,5,11,,9,,,21,17,,9,,21,18,8,28,,,,,22,,12,,35,17,,31,18,,,,13,,,,9,,,21,11,,15,24,5,26,
29-03-2015,16,7,11,,9,,,19,10,,17,,13,12,19,17,,,,,16,,22,,26,15,,24,9,,,,10,,,,10,,,20,18,,10,19,10,28,
29-03-2015,17,12,12,,11,,,18,11,,12,,17,13,16,14,,,,,16,,22,,21,17,,28,12,,,,8,,,,10,,,21,15,,11,20,14,22,
29-03-2015,18,13,18,,10,,,17,12,,12,,18,11,12,11,,,,,15,,20,,22,14,,23,15,,,,9,,,,18,,,21,11,,15,21,7,21,
29-03-2015,19,11,19,,18,,,30,10,,18,,25,21,19,22,,,,,29,,25,,25,32,,30,16,,,,23,,,,19,,,27,22,,12,29,10,31,
29-03-2015,20,9,14,,32,,,55,25,,32,,47,42,21,52,,,,,61,,26,,45,52,,61,32,,,,45,,,,24,,,43,39,,39,39,17,35,
29-03-2015,21,17,20,,19,,,32,33,,11,,41,32,27,36,,,,,41,,17,,30,34,,33,35,,,,46,,,,41,,,28,17,,54,40,17,25,
29-03-2015,22,14,30,,23,,,34,20,,13,,25,32,24,32,,,,,41,,18,,34,27,,30,23,,,,30,,,,45,,,34,29,,27,31,19,40,
29-03-2015,23,10,31,,25,,,37,25,,23,,34,21,19,26,,,,,36,,22,,36,31,,27,38,,,,30,,,,39,,,37,33,,31,39,27,30,
29-03-2015,24,12,27,,20,,,43,32,,28,,38,13,27,18,,,,,42,,25,,42,19,,38,31,,,,22,,,,29,,,37,31,,29,48,21,20,
30-03-2015,1,13,17,,12,,,41,27,,22,,27,16,27,13,,,,,37,,28,,40,11,,47,21,,,,22,,,,25,,,36,31,,28,41,29,31,
30-03-2015,2,12,9,,8,,,32,21,,22,,24,17,23,13,,,,,34,,29,,29,9,,43,13,,,,18,,,,20,,,34,23,,22,33,30,20,
30-03-2015,3,17,4,,6,,,29,11,,21,,21,18,19,12,,,,,27,,27,,21,9,,37,7,,,,14,,,,19,,,21,31,,27,37,29,31,
30-03-2015,4,12,4,,8,,,25,9,,21,,20,15,17,10,,,,,32,,32,,25,10,,30,6,,,,14,,,,19,,,19,30,,24,35,25,35,
30-03-2015,5,13,5,,9,,,23,13,,21,,18,20,15,14,,,,,35,,31,,33,30,,27,5,,,,10,,,,19,,,22,27,,22,33,23,33,
30-03-2015,6,16,5,,21,,,28,16,,21,,17,33,17,17,,,,,34,,32,,37,32,,31,9,,,,21,,,,21,,,28,25,,23,33,26,38,
30-03-2015,7,18,9,,26,,,30,19,,20,,19,36,17,24,,,,,38,,30,,35,30,,28,20,,,,35,,,,21,,,29,28,,23,33,24,44,
30-03-2015,8,16,14,,30,,,36,24,,24,,29,42,37,30,,,,,40,,34,,38,38,,29,24,,,,27,,,,23,,,33,30,,23,37,26,44,
30-03-2015,9,13,26,,35,,,43,37,,28,,41,34,37,38,,,,,55,,35,,52,49,,28,29,,,,25,,,,29,,,56,36,,24,43,27,57,
30-03-2015,10,12,28,,41,,,59,34,,21,,41,27,21,46,,,,,61,,31,,58,59,,28,35,,,,28,,,,18,,,55,44,,31,,28,68,
30-03-2015,11,7,14,,34,,,57,27,,18,,30,19,13,35,,,,,43,,21,,42,46,,27,20,,,,19,,,,13,,,48,34,,28,,22,49,
30-03-2015,12,4,17,,,,,40,19,,13,,21,26,6,28,,,,,22,,16,,20,33,,11,19,,,,,,,,13,,,27,12,,17,,9,19,
30-03-2015,13,4,21,,,,,22,20,,10,,23,22,6,19,,,,,25,,9,,31,27,,12,23,,,,,,,,8,,,18,8,,13,19,4,19,
30-03-2015,14,3,18,,10,,,18,17,,9,,20,14,7,13,,,,,28,,8,,27,18,,13,15,,,,12,,,,11,,,21,7,,22,20,4,16,
30-03-2015,15,4,13,,9,,,17,9,,8,,12,10,7,14,,,,,13,,6,,21,15,,12,,,,,8,,,,12,,,16,8,,14,11,5,19,
30-03-2015,16,4,12,,12,,,18,11,,8,,11,11,7,18,,,,,12,,6,,20,15,,11,,,,,8,,,,9,,,18,8,,10,9,4,21,
30-03-2015,17,4,14,,14,,,17,13,,8,,14,13,5,18,,,,,13,,12,,,16,,11,13,,,,12,,,,7,,,18,8,,10,11,5,20,
30-03-2015,18,5,17,,15,,,23,,,7,,16,15,8,19,,,,,16,,8,,,21,,16,14,,,,14,,,,11,,,19,10,,12,14,6,17,
30-03-2015,19,9,28,,24,,,34,,,7,,22,21,20,30,,,,,27,,23,,32,34,,24,23,,,,22,,,,18,,,30,17,,16,22,10,24,
30-03-2015,20,10,26,,36,,,59,,,15,,35,35,22,44,,,,,45,,17,,44,46,,33,48,,,,46,,,,31,,,45,33,,30,38,19,31,
30-03-2015,21,17,27,,28,,,35,29,,15,,27,36,25,30,,,,,31,,15,,31,35,,23,40,,,,59,,,,26,,,27,17,,21,25,18,25,
30-03-2015,22,13,24,,25,,,35,26,,12,,29,43,26,26,,,,,34,,17,,33,31,,34,21,,,,43,,,,25,,,36,28,,28,34,16,31,
30-03-2015,23,13,23,,33,,,36,31,,17,,27,33,22,21,,,,,35,,26,,34,34,,37,33,,,,42,,,,25,,,36,34,,32,46,21,37,
30-03-2015,24,13,11,,33,,,44,25,,18,,41,31,26,34,,,,,40,,32,,45,30,,39,23,,,,36,,,,26,,,39,44,,40,48,37,37,
31-03-2015,1,17,8,,14,,,40,16,,26,,38,32,27,24,,,36,,43,,34,,44,26,,47,16,,,36,27,,,,23,,,38,39,,38,48,32,27,
31-03-2015,2,18,7,,10,,,39,14,,27,,29,42,27,19,,,32,,40,,29,,38,21,,29,10,,,37,21,,,,28,,,24,32,,34,45,33,45,
31-03-2015,3,17,5,,8,,,38,15,,23,,18,28,24,16,,,24,,40,,33,,37,35,,20,7,,,28,12,,,,22,,,23,36,,31,38,32,37,
31-03-2015,4,24,7,,9,,,33,11,,22,,16,16,21,14,,,25,,40,,32,,41,37,,20,,,,27,12,,,,20,,,19,35,,29,35,30,34,
31-03-2015,5,14,14,,16,,,38,16,,19,,19,22,21,18,,,33,,38,,32,,38,35,,31,8,,,27,25,,,,18,,,26,35,,24,38,25,34,
31-03-2015,6,18,13,,26,,,37,24,,21,,21,43,19,24,,,37,,37,,32,,37,35,,34,17,,,31,28,,,,23,,,33,34,,24,37,29,35,
31-03-2015,7,19,15,,31,,,38,26,,24,,26,44,22,31,,,36,,36,,28,,38,37,,31,29,,,33,42,,,,23,,,37,33,,25,40,27,38,
31-03-2015,8,17,22,,34,,,42,31,,24,,32,42,38,31,,,38,,43,,31,,49,40,,31,33,,,30,38,,,,23,,,40,36,,29,39,28,40,
31-03-2015,9,17,28,,40,,,55,38,,26,,39,38,34,46,,,62,,52,,44,,59,53,,30,25,,,35,22,,,,19,,,49,31,,32,45,35,56,
31-03-2015,10,22,,,34,,,75,39,,20,,66,36,32,75,,,66,,50,,50,,54,56,,32,38,,,44,29,,,,17,,,52,37,,28,48,36,71,
31-03-2015,11,16,,,59,,,61,42,,18,,56,40,15,69,,,51,,49,,32,,50,,,,40,,,34,38,,,,16,,,57,45,,29,45,34,51,
31-03-2015,12,10,25,,50,,,45,33,,16,,41,39,10,55,,,37,,34,,24,,32,,,,36,,,22,40,,,,14,,,54,29,,32,27,13,48,
31-03-2015,13,7,16,,16,,,35,22,,13,,28,21,7,31,,,33,,25,,11,,41,,,,26,,,18,18,,,,13,,,21,17,,17,19,6,37,
31-03-2015,14,5,18,,10,,,19,23,,13,,27,20,8,15,,,22,,27,,8,,30,,,,24,,,10,19,,,,11,,,19,9,,19,21,6,18,
31-03-2015,15,6,18,,10,,,17,20,,10,,21,14,7,19,,,18,,21,,8,,24,,,12,19,,,10,12,,,,13,,,16,9,,19,15,7,22,
31-03-2015,16,5,19,,13,,,14,15,,9,,20,14,10,17,,,16,,19,,9,,15,,,13,16,,,11,12,,,,10,,,20,10,,14,13,7,20,
31-03-2015,17,6,18,,13,,,20,17,,9,,20,15,11,,,,18,,17,,12,,24,,,14,14,,,13,11,,,,11,,,21,10,,13,13,6,26,
31-03-2015,18,6,21,,15,,,29,21,,9,,23,19,12,,,,,,27,,10,,26,,,15,18,,,15,17,,,,10,,,26,11,,15,17,7,28,
31-03-2015,19,18,23,,28,,,45,31,,10,,30,26,25,36,,,,,42,,24,,41,,,24,27,,,23,25,,,,15,,,38,24,,22,27,12,33,
31-03-2015,20,16,13,,43,,,48,37,,23,,35,40,31,43,,,33,,51,,25,,40,,,33,41,,,34,38,,,,8,,,43,47,,18,30,38,34,
31-03-2015,21,18,12,,34,,,42,28,,19,,40,16,33,28,,,40,,44,,20,,57,,,37,31,,,32,22,,,,24,,,48,28,,20,31,20,33,
31-03-2015,22,21,12,,28,,,43,15,,27,,25,20,25,30,,,44,,40,,23,,56,,,46,18,,,30,18,,,,14,,,31,30,,23,28,25,41,
31-03-2015,23,22,14,,33,,,46,22,,32,,49,23,30,15,,,47,,55,,36,,52,,,32,23,,,35,30,,,,13,,,50,41,,34,37,24,50,
31-03-2015,24,18,15,,15,,,45,21,,38,,47,49,35,14,,,45,,59,,43,,52,,,48,20,,,32,23,,,,24,,,35,47,,49,45,26,49,
