Fecha,Hora,ACO,AJU,ARA,ATI,AZC,CAM,CCA,CES,MON,CHO,COY,CUA,CUT,FAC,HGM,IMP,IZT,LAG,LLA,LPR,MER,NEZ,PED,PLA,SAG,SFE,SJA,SUR,TAC,TAH,TAX,TEC,TLA,TLI,TPN,UAX,UIZ,VAL,VIF,XAL,
01-09-2011,1,,,,,,0.50,,,0.10,0.00,,,,0.50,,,0.30,,,0.30,0.20,0.30,0.40,,0.00,,0.3,0.4,,0.10,,,0.40,0.30,0.4,,0.40,,0.30,0.10,
01-09-2011,2,,,,,,0.30,,,0.10,0.00,,,,0.50,,,0.20,,,0.20,0.10,0.30,0.30,,0.00,,0.2,0.4,,0.00,,,0.30,0.40,0.4,,0.30,,0.30,0.10,
01-09-2011,3,,,,,,0.40,,,0.10,0.00,,,,0.50,,,0.20,,,0.20,0.10,0.20,0.30,,0.00,,0.2,0.5,,0.00,,,0.20,0.40,0.3,,0.30,,0.20,0.10,
01-09-2011,4,,,,,,0.40,,,0.10,0.00,,,,0.40,,,0.20,,,0.20,0.20,0.30,0.20,,0.00,,0.4,0.3,,0.10,,,0.20,0.40,0.5,,0.30,,0.20,0.00,
01-09-2011,5,,,,,,0.50,,,0.10,0.00,,,,0.50,,,0.40,,,0.30,0.50,0.50,0.30,,0.20,,0.7,0.5,,0.30,,,0.30,0.30,0.5,,0.40,,0.40,0.10,
01-09-2011,6,,,,,,0.90,,,0.30,0.20,,,,1.00,,,0.90,,,0.80,1.00,0.80,0.50,,0.40,,1.1,0.9,,0.50,,,0.80,0.40,0.8,,0.80,,0.80,0.50,
01-09-2011,7,,,,,,1.50,,,0.40,0.90,,,,1.40,,,1.40,,,1.00,1.60,1.10,0.80,,0.50,,1.4,1.1,,1.10,,,1.30,1.00,0.8,,1.60,,1.50,0.90,
01-09-2011,8,,,,,,1.80,,,0.40,0.70,,,,2.00,,,2.20,,,1.40,2.30,1.90,1.40,,0.70,,1.6,1.3,,1.20,,,1.30,0.80,1.0,,1.60,,1.30,2.00,
01-09-2011,9,,,,,,1.70,,,0.30,0.20,,,,1.80,,,1.80,,,1.50,2.00,1.40,1.60,,0.60,,1.7,1.7,,0.80,,,,1.10,,,1.10,,1.30,,
01-09-2011,10,,,,,,1.90,,,0.20,0.20,,,,1.60,,,1.50,,,1.10,2.20,0.90,1.20,,0.30,,1.8,1.0,,0.40,,,,0.90,,,0.90,,1.10,,
01-09-2011,11,,,,,,1.70,,,0.20,0.10,,,,1.60,,,1.00,,,0.90,1.40,0.50,0.70,,0.30,,1.0,0.7,,0.10,,,,0.80,,,0.70,,0.80,,
01-09-2011,12,,,,,,1.30,,,0.20,0.20,,,,1.70,,,0.80,,,0.80,,0.40,0.40,,0.20,,0.6,0.5,,0.10,,,,0.90,,,0.40,,0.70,,
01-09-2011,13,,,,,,1.10,,,0.20,0.30,,,,1.90,,,,,,0.80,0.50,0.40,0.40,,0.10,,0.5,0.5,,0.10,,,1.20,1.00,,,0.40,,0.50,,
01-09-2011,14,,,,,,1.10,,,0.20,0.20,,,,1.70,,,0.60,,,0.50,0.40,0.50,0.50,,0.30,,0.5,0.5,,0.10,,,1.20,0.90,0.7,,0.50,,0.50,,
01-09-2011,15,,,,,,1.00,,,0.20,0.20,,,,1.70,,,0.50,,,0.40,0.40,0.40,0.30,,0.30,,0.5,0.2,,0.10,,,0.90,0.60,0.6,,0.40,,0.60,,
01-09-2011,16,,,,,,1.20,,,0.20,0.20,,,,1.50,,,0.70,,,0.60,0.80,0.40,0.60,,0.30,,0.4,0.7,,0.10,,,1.10,0.80,0.7,,0.30,,0.60,,
01-09-2011,17,,,,,,1.00,,,0.30,0.20,,,,1.40,,,0.80,,,1.50,1.40,0.50,0.60,,0.30,,0.8,1.2,,0.10,,,1.10,1.10,0.8,,0.30,,0.90,0.40,
01-09-2011,18,,,,,,1.00,,,0.30,0.20,,,,2.10,,,1.10,,,1.10,1.20,0.60,0.80,,0.40,,0.8,1.6,,0.10,,,1.30,0.70,1.0,,0.40,,0.50,0.50,
01-09-2011,19,,,,,,1.20,,,0.20,0.20,,,,1.50,,,1.40,,,0.50,1.60,0.60,1.10,,0.60,,0.9,2.3,,0.40,,,1.20,1.00,0.8,,0.70,,0.60,0.70,
01-09-2011,20,,,,,,1.20,,,0.20,0.20,,,,1.20,,,1.60,,,1.00,1.40,0.60,1.10,,0.40,,0.8,1.9,,0.50,,,1.30,0.90,1.1,,0.70,,1.00,0.80,
01-09-2011,21,,,,,,1.10,,,0.20,0.20,,,,1.60,,,1.50,,,0.90,1.20,0.80,0.50,,0.30,,1.1,1.6,,0.50,,,1.60,1.00,1.1,,1.30,,0.70,0.70,
01-09-2011,22,,,,,,1.30,,,0.20,0.10,,,,1.40,,,1.20,,,0.90,1.30,0.80,0.50,,0.30,,1.1,0.9,,0.60,,,1.00,0.70,1.6,,1.80,,0.60,0.50,
01-09-2011,23,,,,,,0.60,,,0.20,0.10,,,,0.60,,,0.60,,,0.60,0.70,0.60,0.40,,0.10,,0.9,0.9,,0.40,,,0.40,0.50,1.2,,0.80,,0.40,0.40,
01-09-2011,24,,,,,,0.50,,,0.20,0.00,,,,0.60,,,0.30,,,0.80,0.40,0.70,0.20,,0.10,,0.5,0.6,,0.30,,,0.20,0.40,1.2,,0.50,,0.30,0.40,
02-09-2011,1,,,,,,0.60,,,0.20,0.00,,,,0.60,,,0.20,,,0.50,0.40,0.50,0.10,,0.00,,0.4,0.4,,0.30,,,0.10,0.20,0.8,,0.40,,0.20,0.10,
02-09-2011,2,,,,,,0.40,,,0.20,0.00,,,,0.50,,,0.20,,,0.20,0.20,0.40,0.40,,0.00,,0.4,0.6,,0.00,,,0.10,0.20,0.7,,0.40,,0.20,0.10,
02-09-2011,3,,,,,,0.40,,,0.20,0.00,,,,0.50,,,0.20,,,0.20,0.30,0.40,0.30,,0.10,,0.3,0.6,,0.10,,,0.10,0.20,0.7,,0.50,,0.20,0.20,
02-09-2011,4,,,,,,0.40,,,0.20,0.00,,,,0.60,,,0.50,,,0.30,0.20,0.40,0.30,,0.10,,0.3,0.6,,0.10,,,0.20,0.20,0.8,,0.40,,0.20,0.20,
02-09-2011,5,,,,,,0.50,,,0.30,0.50,,,,0.70,,,0.40,,,0.70,0.40,0.50,0.30,,0.50,,0.4,0.9,,0.20,,,0.30,0.30,0.8,,0.50,,0.20,0.60,
02-09-2011,6,,,,,,0.90,,,0.50,0.40,,,,1.30,,,0.70,,,1.10,0.70,0.60,0.40,,0.90,,0.8,1.3,,0.40,,,0.90,0.50,1.2,,1.30,,0.40,1.50,
02-09-2011,7,,,,,,1.50,,,0.60,0.60,,,,2.50,,,1.90,,,2.00,1.00,0.80,0.50,,1.00,,1.3,1.4,,0.50,,,1.50,0.90,1.6,,1.50,,0.90,1.80,
02-09-2011,8,,,,,,1.70,,,0.70,0.80,,,,2.70,,,1.60,,,2.30,1.40,0.90,0.60,,0.50,,1.3,1.6,,0.50,,,1.10,1.30,2.2,,1.80,,1.30,2.70,
02-09-2011,9,,,,,,1.50,,,0.40,0.90,,,,1.50,,,1.80,,,1.80,1.50,1.30,0.90,,0.50,,1.3,1.2,,0.50,,,1.40,1.20,1.6,,1.50,,0.80,1.60,
02-09-2011,10,,,,,,1.50,,,0.30,0.60,,,,1.50,,,1.10,,,1.30,1.30,0.90,0.90,,0.50,,1.5,0.6,,0.40,,,1.30,0.90,1.1,,1.00,,1.20,1.50,
02-09-2011,11,,,,,,1.10,,,0.30,0.50,,,,1.40,,,0.70,,,1.40,0.70,0.70,0.60,,0.80,,1.2,0.6,,0.20,,,1.30,0.70,1.1,,0.60,,0.90,1.60,
02-09-2011,12,,,,,,1.10,,,0.30,0.30,,,,1.40,,,0.70,,,1.40,0.70,0.60,0.50,,0.70,,0.8,0.5,,0.10,,,1.20,0.80,0.8,,0.50,,1.00,1.20,
02-09-2011,13,,,,,,1.10,,,0.30,0.40,,,,1.30,,,0.70,,,1.20,0.70,0.70,0.50,,0.50,,0.7,0.6,,0.10,,,1.20,0.80,0.7,,0.50,,1.10,1.20,
02-09-2011,14,,,,,,1.20,,,0.30,0.40,,,,1.40,,,0.90,,,1.10,0.70,0.60,0.50,,0.50,,0.7,0.6,,0.10,,,1.40,0.90,0.3,,0.50,,0.80,1.00,
02-09-2011,15,,,,,,1.20,,,0.30,0.30,,,,1.40,,,0.80,,,1.00,0.60,0.50,0.50,,0.30,,0.6,0.7,,0.10,,,1.20,0.80,0.4,,0.40,,0.60,0.70,
02-09-2011,16,,,,,,1.00,,,0.30,0.40,,,,1.30,,,0.70,,,0.70,0.50,0.50,0.40,,0.20,,0.5,0.8,,0.20,,,1.60,0.80,0.5,,0.40,,0.40,0.30,
02-09-2011,17,,,,,,0.80,,,0.30,0.30,,,,0.60,,,0.80,,,0.70,0.70,0.50,0.40,,0.30,,0.6,0.8,,0.20,,,0.70,0.70,0.4,,0.50,,0.50,0.60,
02-09-2011,18,,,,,,1.10,,,0.30,0.40,,,,1.10,,,0.90,,,1.30,1.10,0.60,0.60,,0.50,,0.6,1.3,,0.20,,,0.70,0.70,0.7,,0.70,,0.70,0.80,
02-09-2011,19,,,,,,1.40,,,0.30,0.50,,,,2.00,,,1.40,,,1.50,1.50,0.70,0.80,,0.90,,1.0,1.2,,0.30,,,1.60,0.70,,,1.60,,,1.40,
02-09-2011,20,,,,,,,,,0.40,0.60,,,,1.10,,,1.70,,,1.20,1.70,1.50,1.00,,1.10,,1.3,1.0,,0.60,,,1.00,0.80,1.1,,1.90,,0.60,1.30,
02-09-2011,21,,,,,,1.20,,,0.30,0.80,,,,0.50,,,1.70,,,1.70,1.20,1.20,1.50,,0.60,,1.6,1.8,,,,,1.00,0.70,1.5,,2.30,,0.60,0.90,
02-09-2011,22,,,,,,0.80,,,0.40,0.40,,,,0.60,,,1.30,,,1.20,1.10,1.70,1.50,,0.80,,1.6,2.0,,,,,1.00,0.60,1.0,,1.80,,1.00,0.70,
02-09-2011,23,,,,,,1.20,,,0.40,0.90,,,,0.90,,,1.30,,,1.00,1.60,1.50,0.80,,0.80,,1.4,1.3,,,,,1.00,0.70,1.0,,1.50,,0.90,0.80,
02-09-2011,24,,,,,,1.20,,,0.50,1.00,,,,0.90,,,1.00,,,0.90,1.30,1.00,0.80,,1.10,,1.5,0.8,,,,,0.80,0.80,1.2,,1.10,,1.20,0.90,
03-09-2011,1,,,,,,1.10,,,0.70,0.90,,,,1.10,,,1.00,,,1.10,1.10,0.90,0.90,,0.70,,1.2,0.7,,,,,0.90,0.80,0.8,,0.90,,1.10,0.90,
03-09-2011,2,,,,,,1.10,,,0.70,0.60,,,,0.90,,,1.00,,,0.90,1.10,0.80,0.90,,0.70,,1.1,1.1,,,,,1.00,0.40,0.4,,0.70,,0.90,0.90,
03-09-2011,3,,,,,,1.20,,,0.60,0.60,,,,0.80,,,,,,1.00,1.10,0.80,0.80,,0.70,,1.3,1.2,,,,,0.90,0.50,0.5,,0.90,,0.90,0.80,
03-09-2011,4,,,,,,1.30,,,0.60,0.50,,,,0.90,,,1.00,,,1.20,1.40,0.90,0.80,,0.40,,1.2,1.4,,,,,0.90,0.80,0.4,,0.90,,0.90,1.00,
03-09-2011,5,,,,,,1.30,,,0.50,0.10,,,,1.20,,,1.10,,,1.10,1.60,0.80,0.90,,0.40,,0.9,1.3,,0.70,,,1.10,0.80,0.6,,1.00,,1.00,1.10,
03-09-2011,6,,,,,,1.30,,,0.40,0.20,,,,1.50,,,1.30,,,1.30,1.50,0.80,0.80,,0.70,,1.1,1.5,,0.60,,,1.30,1.00,0.7,,1.00,,1.30,1.00,
03-09-2011,7,,,,,,2.10,,,0.40,0.40,,,,2.20,,,1.60,,,1.60,1.80,1.00,1.20,,0.90,,1.4,2.0,,0.60,,,1.20,1.90,0.6,,1.20,,1.40,2.10,
03-09-2011,8,,,,,,,,,0.40,0.50,,,,2.70,,,2.10,,,1.20,2.00,1.40,1.40,,1.20,,1.3,1.8,,0.80,,,2.40,1.80,1.1,,2.30,,1.50,1.90,
03-09-2011,9,,,,,,1.60,,,0.30,0.30,,,,2.00,,,1.60,,,1.80,1.60,1.30,1.00,,0.60,,1.7,1.5,,0.70,,,2.20,1.80,1.3,,1.90,,1.30,1.70,
03-09-2011,10,,,,,,1.10,,,0.30,0.30,,,,1.70,,,1.70,,,1.70,1.40,1.10,0.90,,0.60,,2.0,1.2,,0.60,,,1.50,1.30,1.3,,1.80,,,1.20,
03-09-2011,11,,,,,,1.00,,,0.30,0.30,,,,0.80,,,1.30,,,1.60,1.40,1.00,0.80,,0.60,,1.8,1.0,,0.60,,,1.00,1.00,1.0,,1.30,,0.80,1.20,
03-09-2011,12,,,,,,1.00,,,0.40,0.20,,,,0.70,,,0.90,,,1.40,1.20,0.90,0.50,,0.50,,1.4,0.9,,0.50,,,0.70,0.90,0.9,,0.90,,0.80,1.10,
03-09-2011,13,,,,,,1.00,,,0.30,0.20,,,,0.30,,,1.10,,,1.60,1.30,0.80,0.20,,0.70,,1.2,0.8,,0.50,,,0.60,0.50,0.9,,0.90,,0.60,1.30,
03-09-2011,14,,,,,,1.20,,,0.30,0.20,,,,1.00,,,1.30,,,2.70,1.50,1.30,0.30,,1.00,,1.0,1.4,,0.40,,,1.30,0.40,0.9,,1.50,,0.40,1.80,
03-09-2011,15,,,,,,0.70,,,0.50,0.30,,,,1.00,,,2.30,,,1.00,1.10,1.40,0.90,,0.60,,1.0,1.4,,0.60,,,0.60,0.40,1.3,,1.60,,0.30,1.00,
03-09-2011,16,,,,,,1.30,,,0.70,0.30,,,,0.80,,,2.30,,,1.30,2.00,1.50,0.80,,0.80,,1.2,1.7,,0.60,,,1.00,0.30,1.2,,2.40,,0.30,0.90,
03-09-2011,17,,,,,,0.90,,,0.50,0.30,,,,1.40,,,2.20,,,1.00,1.50,0.70,0.70,,0.60,,0.9,1.5,,0.60,,,1.00,1.10,1.0,,1.50,,0.60,0.60,
03-09-2011,18,,,,,,1.00,,,0.30,0.30,,,,2.20,,,1.70,,,1.80,1.10,0.70,0.90,,0.50,,0.9,1.4,,0.40,,,1.50,0.70,1.0,,1.00,,0.60,0.60,
03-09-2011,19,,,,,,1.40,,,0.30,0.20,,,,2.10,,,2.00,,,1.70,1.10,0.80,0.90,,0.70,,1.0,1.1,,0.50,,,2.00,1.00,1.4,,1.30,,1.20,0.80,
03-09-2011,20,,,,,,1.40,,,0.20,0.20,,,,1.60,,,1.60,,,1.70,1.20,0.70,0.80,,0.50,,1.1,0.8,,0.50,,,1.70,1.40,1.3,,1.10,,0.90,0.60,
03-09-2011,21,,,,,,1.10,,,0.20,0.20,,,,1.40,,,1.50,,,1.10,0.90,0.70,0.60,,0.50,,1.1,0.7,,0.50,,,1.80,1.50,1.3,,1.30,,1.00,0.70,
03-09-2011,22,,,,,,1.10,,,0.40,0.10,,,,1.30,,,1.50,,,0.80,1.00,0.70,0.60,,0.60,,0.8,1.1,,0.50,,,1.20,1.00,1.1,,1.00,,0.60,0.80,
03-09-2011,23,,,,,,0.80,,,0.40,0.20,,,,0.70,,,1.10,,,0.40,0.80,0.50,0.60,,0.70,,0.5,0.9,,0.40,,,0.60,0.50,1.1,,0.60,,0.50,0.40,
03-09-2011,24,,,,,,0.50,,,0.30,0.10,,,,0.30,,,0.70,,,0.40,0.60,0.40,0.60,,0.40,,0.5,1.0,,0.20,,,0.50,0.40,0.7,,0.80,,0.40,0.20,
04-09-2011,1,,,,,,0.40,,,0.30,0.10,,,,0.60,,,0.40,,,0.60,0.40,0.60,0.40,,0.20,,0.5,0.8,,0.30,,,0.50,0.30,0.6,,0.60,,0.40,0.40,
04-09-2011,2,,,,,,0.50,,,0.30,0.10,,,,0.40,,,0.40,,,0.50,0.60,0.60,0.40,,0.20,,0.7,0.8,,0.30,,,0.40,0.50,0.4,,0.40,,0.30,0.40,
04-09-2011,3,,,,,,0.40,,,0.30,0.10,,,,0.50,,,0.70,,,0.50,0.60,0.60,0.50,,0.40,,0.6,0.7,,0.40,,,0.40,0.50,0.4,,0.60,,0.30,0.40,
04-09-2011,4,,,,,,0.50,,,0.30,0.20,,,,0.60,,,0.90,,,0.50,0.80,0.60,0.50,,0.40,,0.9,1.0,,0.50,,,0.50,0.40,0.5,,0.90,,0.30,0.60,
04-09-2011,5,,,,,,0.60,,,0.50,0.40,,,,0.60,,,1.20,,,0.60,1.30,0.80,0.50,,0.40,,1.1,1.0,,0.50,,,0.70,0.50,0.3,,1.10,,0.30,0.80,
04-09-2011,6,,,,,,1.00,,,0.40,0.50,,,,0.90,,,2.00,,,1.10,1.40,1.30,0.50,,0.40,,1.5,1.3,,0.70,,,0.80,0.60,0.4,,1.60,,0.40,0.70,
04-09-2011,7,,,,,,1.50,,,0.80,0.50,,,,1.40,,,3.00,,,1.30,2.00,1.40,0.70,,0.50,,1.3,1.8,,0.60,,,1.20,0.70,0.5,,2.00,,0.50,1.30,
04-09-2011,8,,,,,,1.70,,,1.10,0.70,,,,1.30,,,3.20,,,1.20,2.10,1.30,0.90,,0.50,,1.1,1.9,,0.60,,,1.20,0.90,0.9,,1.90,,0.50,1.00,
04-09-2011,9,,,,,,1.10,,,0.30,0.60,,,,1.20,,,1.50,,,1.30,1.30,1.10,0.60,,0.30,,0.9,1.0,,0.50,,,1.00,1.10,1.1,,1.40,,0.60,0.80,
04-09-2011,10,,,,,,1.20,,,0.40,0.40,,,,1.10,,,1.30,,,1.20,1.30,1.00,0.40,,0.40,,0.8,0.8,,0.60,,,0.80,1.30,1.0,,1.10,,0.60,0.80,
04-09-2011,11,,,,,,1.10,,,0.40,0.50,,,,0.90,,,1.20,,,1.20,1.40,0.90,0.50,,0.50,,0.9,1.0,,0.60,,,0.80,1.00,0.9,,1.50,,0.70,0.90,
04-09-2011,12,,,,,,0.80,,,0.30,0.40,,,,0.90,,,0.90,,,0.90,1.10,1.10,0.60,,0.60,,0.8,0.7,,0.50,,,0.90,0.90,1.0,,1.00,,0.80,0.70,
04-09-2011,13,,,,,,0.70,,,0.20,0.10,,,,0.80,,,1.00,,,1.20,0.70,0.80,0.70,,0.40,,0.8,0.9,,0.30,,,1.10,0.70,0.9,,0.80,,0.40,0.60,
04-09-2011,14,,,,,,0.80,,,0.30,0.20,,,,1.10,,,0.90,,,1.60,1.10,0.40,0.60,,0.30,,0.6,1.0,,0.30,,,1.20,0.50,1.1,,0.80,,0.30,0.30,
04-09-2011,15,,,,,,1.00,,,0.20,0.40,,,,1.40,,,1.20,,,2.10,2.00,0.60,0.70,,0.20,,1.0,1.2,,0.40,,,1.10,0.30,1.0,,1.30,,0.20,0.40,
04-09-2011,16,,,,,,1.00,,,0.30,0.50,,,,0.70,,,1.30,,,1.60,1.50,0.70,0.80,,0.40,,1.2,0.9,,0.40,,,,0.40,1.1,,1.00,,0.50,0.80,
04-09-2011,17,,,,,,0.80,,,0.40,0.30,,,,1.00,,,1.10,,,,0.90,1.30,0.60,,0.70,,1.1,1.1,,0.70,,,0.70,0.60,1.3,,0.90,,0.40,0.80,
04-09-2011,18,,,,,,1.20,,,0.40,0.70,,,,1.30,,,1.80,,,,1.20,1.40,0.80,,1.20,,1.3,,,0.90,,,0.70,0.70,1.4,,1.20,,0.90,0.80,
04-09-2011,19,,,,,,1.10,,,0.30,0.80,,,,1.10,,,1.60,,,,1.00,1.50,0.90,,2.20,,1.0,,,1.10,,,1.30,0.70,1.2,,1.50,,0.50,1.00,
04-09-2011,20,,,,,,1.00,,,0.40,0.90,,,,1.90,,,1.50,,,,1.20,,0.70,,1.20,,1.2,1.1,,0.80,,,0.90,0.60,1.5,,1.40,,0.60,1.10,
04-09-2011,21,,,,,,0.90,,,0.40,0.70,,,,0.60,,,1.20,,,,0.80,,0.70,,1.10,,0.8,,,0.60,,,0.50,0.60,1.2,,1.60,,0.60,0.20,
04-09-2011,22,,,,,,0.60,,,0.30,0.60,,,,0.40,,,0.60,,,,0.60,,0.60,,,,0.6,0.5,,0.60,,,0.50,0.50,1.1,,0.90,,0.40,0.10,
04-09-2011,23,,,,,,0.50,,,0.30,0.50,,,,0.20,,,0.60,,,,0.70,,0.30,,0.50,,0.5,0.2,,0.50,,,0.40,0.40,0.6,,0.90,,0.40,0.00,
04-09-2011,24,,,,,,0.40,,,0.20,0.50,,,,0.20,,,0.50,,,0.60,0.50,,0.20,,0.20,,0.6,0.5,,0.30,,,0.20,0.50,0.4,,0.70,,0.50,0.20,
05-09-2011,1,,,,,,0.30,,,0.30,0.30,,,,0.20,,,0.40,,,0.30,0.30,,0.20,,0.10,,0.5,0.4,,0.20,,,0.20,0.40,0.4,,0.60,,0.30,0.00,
05-09-2011,2,,,,,,0.20,,,0.30,0.10,,,,0.10,,,0.20,,,0.20,0.30,,0.20,,0.00,,0.4,0.3,,0.20,,,0.10,0.30,0.4,,0.50,,0.20,0.00,
05-09-2011,3,,,,,,0.20,,,0.40,0.10,,,,0.10,,,0.20,,,0.30,0.20,,0.20,,0.00,,0.4,0.3,,0.20,,,0.10,0.30,0.3,,0.40,,0.20,0.00,
05-09-2011,4,,,,,,0.30,,,0.30,0.10,,,,0.20,,,0.30,,,0.30,0.40,,0.20,,0.10,,0.4,0.3,,0.30,,,0.20,0.20,0.4,,0.40,,0.20,0.10,
05-09-2011,5,,,,,,0.30,,,0.40,0.20,,,,0.40,,,0.40,,,0.50,0.80,,0.20,,0.60,,0.4,0.1,,0.20,,,0.40,0.40,0.5,,0.80,,0.30,0.10,
05-09-2011,6,,,,,,0.80,,,0.40,0.50,,,,0.90,,,1.20,,,0.90,1.20,,0.50,,1.20,,0.6,0.7,,0.50,,,0.80,0.70,0.6,,1.60,,0.50,0.40,
05-09-2011,7,,,,,,1.40,,,0.30,1.10,,,,1.10,,,2.30,,,1.20,1.70,,0.80,,2.00,,1.1,1.3,,0.60,,,1.10,0.90,0.6,,2.10,,0.90,1.00,
05-09-2011,8,,,,,,1.90,,,0.40,1.60,,,,1.00,,,3.50,,,1.70,2.50,2.40,1.00,,2.10,,1.6,1.5,,1.00,,,1.30,1.00,0.8,,2.10,,1.00,0.60,
05-09-2011,9,,,,,,1.60,,,0.40,1.30,,,,0.70,,,2.30,,,1.70,2.50,2.00,0.90,,1.10,,1.5,1.3,,1.10,,,1.10,1.00,0.7,,2.60,,0.70,0.70,
05-09-2011,10,,,,,,0.70,,,0.30,0.90,,,,0.50,,,1.30,,,0.90,1.40,0.80,0.60,,0.60,,0.6,0.9,,0.80,,,0.70,0.60,0.7,,1.10,,0.50,0.30,
05-09-2011,11,,,,,,0.50,,,0.30,0.30,,,,0.60,,,0.70,,,0.80,0.50,0.60,0.60,,0.40,,0.5,0.6,,0.50,,,,0.40,1.2,,,,0.30,0.30,
05-09-2011,12,,,,,,0.60,,,0.20,0.20,,,,0.80,,,0.90,,,0.60,0.50,0.60,0.50,,0.40,,0.4,0.4,,0.50,,,0.70,0.30,1.2,,,,0.30,0.30,
05-09-2011,13,,,,,,0.50,,,0.20,0.30,,,,0.80,,,0.70,,,1.00,0.40,0.50,0.60,,0.30,,0.3,0.4,,0.40,,,,0.30,1.1,,,,0.40,0.40,
05-09-2011,14,,,,,,0.50,,,0.20,0.30,,,,0.70,,,0.60,,,0.70,0.30,0.50,0.40,,0.20,,0.3,0.2,,0.60,,,0.70,0.30,0.9,,,,0.20,0.30,
05-09-2011,15,,,,,,0.60,,,0.20,0.20,,,,0.80,,,0.60,,,0.50,0.30,0.50,,,0.10,,0.3,0.0,,0.40,,,0.60,0.30,0.7,,,,0.30,0.20,
05-09-2011,16,,,,,,0.50,,,0.20,0.40,,,,0.80,,,0.70,,,0.50,0.30,0.50,0.40,,0.20,,0.3,0.1,,0.50,,,0.70,0.30,0.6,,0.20,,0.30,0.40,
05-09-2011,17,,,,,,0.60,,,0.30,0.30,,,,0.90,,,,,,0.70,0.40,0.60,0.40,,0.30,,0.4,0.2,,0.70,,,0.70,0.40,0.6,,0.30,,0.40,0.40,
05-09-2011,18,,,,,,0.80,,,0.30,0.40,,,,1.10,,,,,,0.70,0.60,0.80,0.50,,0.40,,0.5,0.9,,0.90,,,0.90,0.60,0.7,,0.60,,0.50,0.60,
05-09-2011,19,,,,,,0.70,,,0.40,0.60,,,,1.10,,,,,,0.60,0.50,0.80,0.70,,0.40,,0.5,0.7,,0.90,,,0.80,0.50,0.7,,0.60,,0.40,0.50,
05-09-2011,20,,,,,,0.70,,,0.30,0.70,,,,0.90,,,,,,0.50,0.50,0.70,0.60,,0.30,,0.5,0.5,,0.80,,,1.00,0.50,0.8,,0.60,,0.50,0.40,
05-09-2011,21,,,,,,0.60,,,0.30,0.70,,,,0.90,,,,,,,0.40,0.50,0.50,,0.30,,0.5,0.3,,0.50,,,0.60,0.40,0.7,,0.50,,0.40,0.40,
05-09-2011,22,,,,,,0.50,,,0.30,0.50,,,,0.80,,,0.60,,,0.60,0.40,0.60,0.50,,0.30,,0.5,0.3,,0.50,,,0.40,0.50,0.8,,0.60,,0.40,0.30,
05-09-2011,23,,,,,,0.40,,,0.30,0.40,,,,0.60,,,0.50,,,0.50,0.40,0.60,0.40,,0.20,,0.4,0.2,,0.50,,,0.40,0.40,0.8,,0.50,,0.40,0.20,
05-09-2011,24,,,,,,0.40,,,0.20,0.30,,,,0.50,,,0.40,,,0.40,0.30,0.50,0.40,,0.10,,0.4,0.0,,0.40,,,0.30,0.40,0.7,,0.40,,0.40,0.10,
06-09-2011,1,,,,,,0.30,,,0.20,0.20,,,,0.40,,,0.30,,,0.40,0.30,0.40,0.30,,0.10,,0.3,0.1,,0.30,,,0.30,0.40,0.6,,,,0.30,0.00,
06-09-2011,2,,,,,,0.30,,,0.20,0.10,,,,0.40,,,0.30,,,0.30,0.20,0.30,0.30,,0.00,,0.3,0.1,,0.20,,,0.20,0.30,0.5,,0.30,,0.20,0.00,
06-09-2011,3,,,,,,0.30,,,0.20,0.10,,,,0.40,,,0.30,,,0.30,0.20,0.40,0.30,,0.00,,0.3,0.0,,0.20,,,0.20,0.30,0.4,,0.40,,0.20,0.00,
06-09-2011,4,,,,,,0.30,,,0.20,0.30,,,,0.70,,,0.40,,,0.30,0.30,0.40,0.30,,0.00,,0.3,0.0,,0.30,,,0.20,0.40,0.4,,0.60,,0.30,0.00,
06-09-2011,5,,,,,,0.40,,,0.20,0.70,,,,0.60,,,0.60,,,0.60,0.40,0.60,0.30,,0.30,,0.4,0.4,,0.40,,,0.30,0.50,0.5,,0.60,,0.30,0.40,
06-09-2011,6,,,,,,1.00,,,0.30,1.70,,,,1.00,,,0.80,,,1.10,0.60,1.00,0.40,,0.70,,0.6,0.7,,0.60,,,0.60,0.70,1.1,,0.90,,0.40,0.30,
06-09-2011,7,,,,,,1.10,,,0.30,2.70,,,,1.30,,,1.20,,,1.20,1.20,1.40,0.70,,0.90,,0.8,1.2,,1.00,,,1.00,0.80,0.9,,0.90,,0.60,0.40,
06-09-2011,8,,,,,,1.20,,,0.40,2.00,,,,0.90,,,1.30,,,1.40,1.00,1.40,0.70,,0.80,,0.8,1.5,,1.20,,,1.30,0.80,1.3,,1.20,,0.50,0.90,
06-09-2011,9,,,,,,1.00,,,0.30,0.60,,,,1.10,,,0.90,,,0.80,0.90,0.90,0.90,,0.50,,0.6,0.9,,0.90,,,1.00,0.90,1.2,,0.80,,0.50,0.30,
06-09-2011,10,,,,,,0.80,,,,0.50,,,,0.90,,,0.90,,,0.90,,0.70,0.90,,,,0.5,0.9,,0.60,,,0.80,0.60,1.2,,0.70,,0.40,0.40,
06-09-2011,11,,,,,,0.80,,,,0.40,,,,0.80,,,0.80,,,0.60,,0.70,0.70,,,,0.5,0.9,,0.40,,,0.80,0.50,1.1,,0.60,,0.40,0.30,
06-09-2011,12,,,,,,0.80,,,,0.50,,,,0.90,,,1.00,,,0.90,,0.70,0.70,,,,0.5,0.9,,0.50,,,0.90,0.60,1.0,,0.60,,0.40,0.20,
06-09-2011,13,,,,,,0.70,,,,0.60,,,,0.90,,,0.90,,,1.30,,0.60,0.70,,,,0.5,0.9,,0.50,,,0.80,0.60,1.0,,0.60,,0.40,0.30,
06-09-2011,14,,,,,,0.50,,,,0.40,,,,0.90,,,0.70,,,0.80,0.80,0.60,0.60,,,,0.5,0.6,,0.80,,,0.60,0.40,0.9,,0.70,,0.30,0.20,
06-09-2011,15,,,,,,0.60,,,0.10,0.40,,,,0.90,,,0.80,,,0.60,0.60,0.50,0.60,,,,0.4,0.5,,0.50,,,0.50,0.50,0.7,,0.40,,0.40,0.20,
06-09-2011,16,,,,,,0.60,,,0.10,0.40,,,,0.90,,,0.70,,,0.60,0.60,0.60,0.60,,0.30,,0.4,0.4,,0.40,,,0.50,0.60,0.7,,0.50,,0.40,0.20,
06-09-2011,17,,,,,,0.60,,,0.10,0.50,,,,0.70,,,0.70,,,0.70,0.70,0.60,0.50,,0.30,,0.5,0.5,,0.50,,,0.70,0.70,0.8,,0.70,,0.40,0.20,
06-09-2011,18,,,,,,0.60,,,0.10,0.60,,,,0.80,,,0.70,,,0.70,0.60,0.60,0.60,,0.20,,0.5,1.3,,0.70,,,0.80,0.50,0.7,,0.60,,0.40,0.20,
06-09-2011,19,,,,,,0.60,,,0.10,0.40,,,,0.80,,,0.80,,,1.10,0.70,0.60,0.60,,0.30,,0.5,0.8,,0.60,,,0.60,0.50,0.9,,0.50,,0.40,0.20,
06-09-2011,20,,,,,,0.50,,,0.20,0.50,,,,0.70,,,,,,0.90,0.70,,0.60,,0.30,,0.6,0.7,,0.40,,,0.70,0.50,0.9,,0.80,,0.50,0.10,
06-09-2011,21,,,,,,0.60,,,0.20,0.50,,,,0.70,,,0.80,,,1.00,0.70,0.90,0.50,,0.40,,0.6,1.1,,0.50,,,0.60,0.50,0.9,,0.70,,0.50,0.30,
06-09-2011,22,,,,,,0.50,,,0.20,0.60,,,,0.60,,,0.80,,,0.70,0.50,0.70,0.50,,0.30,,0.5,1.1,,0.50,,,0.50,0.50,0.9,,0.70,,0.40,0.20,
06-09-2011,23,,,,,,0.40,,,0.10,0.40,,,,0.60,,,0.60,,,0.50,0.30,0.40,0.40,,0.10,,0.4,0.9,,0.40,,,0.40,0.40,0.6,,0.40,,0.30,0.10,
06-09-2011,24,,,,,,0.30,,,0.10,0.20,,,,0.50,,,0.30,,,0.40,0.20,0.40,0.30,,0.00,,0.3,0.7,,0.30,,,0.20,0.30,0.7,,0.40,,0.20,0.00,
07-09-2011,1,,,,,,0.20,,,0.10,0.20,,,,0.40,,,0.30,,,0.30,0.10,0.30,0.40,,0.00,,0.2,0.7,,0.30,,,0.20,0.20,0.5,,0.30,,0.20,0.00,
07-09-2011,2,,,,,,0.20,,,0.00,0.20,,,,0.40,,,0.20,,,0.30,0.10,0.30,0.30,,0.00,,0.2,0.6,,0.30,,,0.10,0.20,0.5,,0.20,,0.10,0.00,
07-09-2011,3,,,,,,0.20,,,0.00,0.20,,,,0.40,,,0.20,,,0.30,0.10,0.30,0.30,,0.00,,0.3,0.5,,0.20,,,0.20,0.20,0.5,,0.20,,0.10,0.00,
07-09-2011,4,,,,,,0.30,,,0.10,0.20,,,,0.30,,,0.30,,,0.40,0.10,0.30,0.20,,0.10,,0.3,0.5,,0.20,,,0.20,0.20,0.9,,0.30,,0.20,0.00,
07-09-2011,5,,,,,,0.40,,,0.20,0.40,,,,0.40,,,0.60,,,1.00,0.30,0.60,0.20,,0.50,,0.5,0.2,,0.30,,,0.40,0.40,0.6,,0.40,,0.40,1.00,
07-09-2011,6,,,,,,1.00,,,0.20,0.80,,,,1.00,,,1.50,,,2.00,0.70,1.20,0.30,,,,1.3,0.5,,0.50,,,1.30,1.20,1.4,,0.90,,1.40,1.80,
07-09-2011,7,,,,,,2.00,,,0.90,2.60,,,,3.30,,,2.30,,,2.50,1.20,1.70,0.60,,1.50,,2.4,1.2,,1.20,,,1.80,1.70,1.0,,1.70,,1.30,2.60,
07-09-2011,8,,,,,,2.00,,,1.10,1.80,,,,1.70,,,2.20,,,1.50,1.60,1.40,1.00,,1.20,,1.5,1.9,,1.30,,,1.70,1.10,1.2,,1.60,,1.30,1.70,
07-09-2011,9,,,,,,1.30,,,0.70,0.90,,,,1.20,,,1.90,,,1.10,1.80,0.70,1.20,,0.90,,1.0,1.2,,0.90,,,1.20,0.50,1.2,,1.20,,0.60,1.00,
07-09-2011,10,,,,,,1.10,,,0.30,0.70,,,,1.20,,,1.90,,,1.60,1.70,0.60,1.40,,0.40,,1.1,1.5,,1.00,,,0.90,0.50,1.5,,1.10,,0.30,1.00,
07-09-2011,11,,,,,,0.80,,,0.20,0.60,,,,1.20,,,1.80,,,1.70,1.70,0.80,1.10,,0.40,,1.2,1.5,,1.00,,,1.10,0.50,1.3,,1.40,,0.30,0.80,
07-09-2011,12,,,,,,0.80,,,0.20,0.50,,,,1.10,,,,,,1.50,1.60,0.70,0.90,,0.20,,0.8,1.2,,1.00,,,0.80,0.30,1.2,,1.10,,,0.50,
07-09-2011,13,,,,,,0.60,,,0.20,0.50,,,,1.00,,,1.50,,,1.30,1.20,0.70,0.70,,0.20,,0.7,1.0,,0.70,,,0.80,0.30,1.0,,0.80,,,0.50,
07-09-2011,14,,,,,,0.70,,,0.10,0.50,,,,0.90,,,1.40,,,1.00,1.10,0.60,0.70,,0.20,,0.6,0.8,,0.60,,,0.60,0.30,0.8,,0.70,,0.20,0.40,
07-09-2011,15,,,,,,0.50,,,0.10,0.30,,,,0.80,,,1.00,,,0.60,0.80,0.50,0.60,,0.10,,0.4,0.5,,0.50,,,0.70,0.30,0.7,,0.50,,0.20,0.30,
07-09-2011,16,,,,,,0.50,,,0.10,0.30,,,,0.80,,,0.80,,,0.50,0.60,0.50,0.50,,0.10,,0.3,0.5,,0.70,,,0.50,0.30,0.5,,0.40,,0.30,0.30,
07-09-2011,17,,,,,,0.50,,,0.10,0.30,,,,0.80,,,0.60,,,0.60,0.50,0.60,0.50,,0.10,,0.4,0.3,,0.70,,,0.50,0.30,0.6,,0.40,,0.30,0.30,
07-09-2011,18,,,,,,0.50,,,0.10,0.30,,,,0.90,,,0.70,,,0.60,0.60,0.70,0.50,,0.20,,0.4,0.8,,0.70,,,0.60,0.40,0.5,,0.50,,0.40,0.30,
07-09-2011,19,,,,,,0.70,,,0.10,0.30,,,,0.80,,,0.90,,,0.90,0.50,0.70,0.50,,0.30,,0.5,0.7,,0.70,,,0.40,0.40,0.5,,0.60,,0.40,0.20,
07-09-2011,20,,,,,,0.60,,,0.10,0.30,,,,0.90,,,,,,1.00,0.40,0.60,0.50,,0.30,,0.5,0.5,,,,,0.60,0.50,0.5,,0.60,,0.40,0.30,
07-09-2011,21,,,,,,0.60,,,0.20,0.20,,,,0.80,,,,,,0.90,0.40,0.70,0.60,,0.50,,0.5,0.8,,0.80,,,0.50,0.50,0.7,,0.80,,0.50,0.30,
07-09-2011,22,,,,,,0.50,,,0.10,0.20,,,,0.50,,,0.80,,,0.90,0.50,0.70,0.50,,0.60,,0.5,1.1,,0.90,,,0.40,0.60,0.8,,0.70,,0.50,0.40,
07-09-2011,23,,,,,,0.40,,,0.10,0.40,,,,0.40,,,0.80,,,0.80,0.40,0.60,0.40,,0.30,,0.5,0.9,,0.80,,,0.40,0.50,0.6,,0.50,,0.40,0.20,
07-09-2011,24,,,,,,0.40,,,0.10,0.30,,,,0.50,,,0.50,,,0.60,0.30,0.50,0.40,,0.20,,0.4,0.6,,0.60,,,0.30,0.40,0.4,,0.60,,0.40,0.20,
08-09-2011,1,,,,,,0.40,,,0.20,0.20,,,,0.50,,,0.50,,,0.50,0.30,0.40,0.40,,0.10,,0.4,0.3,,0.50,,,0.40,0.30,0.2,,0.50,,0.30,0.40,
08-09-2011,2,,,,,,0.40,,,0.20,0.20,,,,0.60,,,0.50,,,0.40,0.30,0.40,0.50,,0.10,,0.4,0.2,,0.50,,,0.30,0.20,0.3,,0.40,,0.30,0.60,
08-09-2011,3,,,,,,0.40,,,0.20,0.30,,,,0.50,,,0.50,,,0.50,0.30,0.40,0.50,,0.10,,0.6,0.4,,0.40,,,0.30,0.20,0.2,,0.40,,0.30,0.40,
08-09-2011,4,,,,,,0.50,,,0.20,0.30,,,,0.50,,,0.50,,,0.70,0.30,0.30,0.50,,0.10,,0.5,0.5,,0.40,,,0.20,0.20,0.2,,0.40,,0.40,0.30,
08-09-2011,5,,,,,,0.80,,,0.30,0.60,,,,0.80,,,1.00,,,1.40,0.80,0.70,0.70,,0.60,,0.6,0.7,,1.00,,,0.60,0.60,0.3,,0.60,,0.50,1.00,
08-09-2011,6,,,,,,2.00,,,0.70,0.80,,,,2.00,,,1.90,,,2.30,1.20,1.20,0.90,,0.90,,1.5,1.2,,0.80,,,1.20,1.00,0.3,,1.50,,0.70,1.60,
08-09-2011,7,,,,,,2.50,,,1.30,1.80,,,,4.00,,,2.80,,,3.00,,1.80,1.10,,1.40,,1.9,1.9,,1.40,,,2.40,1.50,0.3,,2.50,,1.00,2.20,
08-09-2011,8,,,,,,2.70,,,1.40,2.30,,,,2.70,,,2.60,,,3.60,,1.70,1.40,,,,2.3,2.5,,2.40,,,,1.80,0.5,,2.70,,1.00,3.70,
08-09-2011,9,,,,,,1.30,,,1.10,2.20,,,,1.10,,,2.90,,,3.40,,1.40,1.10,,2.00,,2.2,2.4,,2.00,,,,1.10,1.0,,1.80,,1.10,3.40,
08-09-2011,10,,,,,,0.90,,,0.30,,,,,1.20,,,2.30,,,,1.50,1.20,1.60,,1.20,,1.9,2.7,,1.50,,,1.00,0.80,1.4,,2.00,,0.50,2.70,
08-09-2011,11,,,,,,0.80,,,0.10,,,,,1.10,,,1.90,,,,1.40,1.30,1.90,,1.00,,1.8,2.4,,1.60,,,1.20,0.70,1.4,,2.20,,,2.30,
08-09-2011,12,,,,,,0.90,,,0.10,,,,,1.00,,,1.40,,,,0.90,1.20,1.20,,0.50,,1.3,1.3,,1.50,,,1.00,0.50,1.7,,,,,1.00,
08-09-2011,13,,,,,,1.00,,,0.20,,,,,0.90,,,1.60,,,,1.30,0.90,0.80,,0.20,,0.8,,,1.60,,,0.70,0.40,1.2,,1.30,,,0.50,
08-09-2011,14,,,,,,0.80,,,0.20,0.40,,,,0.90,,,1.30,,,0.90,0.70,0.60,0.80,,0.20,,0.5,1.0,,1.10,,,0.50,0.30,1.0,,0.70,,,0.40,
08-09-2011,15,,,,,,0.60,,,0.10,0.50,,,,0.80,,,0.90,,,0.90,0.40,0.50,0.80,,0.20,,0.4,0.8,,0.40,,,,0.20,1.1,,0.30,,0.20,0.30,
08-09-2011,16,,,,,,0.50,,,0.10,0.40,,,,0.80,,,0.80,,,0.80,0.60,0.60,0.70,,0.20,,0.4,0.4,,0.40,,,0.50,0.20,1.1,,0.40,,0.20,0.20,
08-09-2011,17,,,,,,0.60,,,0.10,0.40,,,,0.80,,,0.70,,,1.10,0.70,0.70,0.60,,0.20,,0.4,0.4,,0.40,,,0.40,0.30,0.8,,0.40,,,0.20,
08-09-2011,18,,,,,,0.70,,,0.10,0.50,,,,0.70,,,0.70,,,0.80,0.70,0.70,0.60,,0.30,,0.4,0.8,,0.50,,,0.50,0.30,0.8,,0.60,,0.30,0.30,
08-09-2011,19,,,,,,0.80,,,0.10,0.60,,,,0.70,,,0.80,,,0.80,0.80,0.90,0.60,,0.30,,0.5,0.6,,0.60,,,0.60,0.40,0.8,,0.80,,0.40,0.30,
08-09-2011,20,,,,,,0.70,,,0.20,0.80,,,,0.90,,,,,,0.70,0.80,1.00,0.70,,0.40,,0.6,0.7,,0.70,,,0.50,0.60,0.7,,0.70,,0.30,0.20,
08-09-2011,21,,,,,,0.70,,,0.20,0.60,,,,0.80,,,1.00,,,0.60,0.40,0.90,0.70,,0.40,,0.6,1.0,,0.60,,,0.40,0.60,0.8,,0.70,,0.50,0.20,
08-09-2011,22,,,,,,0.70,,,0.20,0.70,,,,0.70,,,1.40,,,0.70,0.50,0.70,0.60,,0.40,,0.6,1.0,,0.40,,,0.50,0.50,0.8,,0.50,,0.40,0.20,
08-09-2011,23,,,,,,0.50,,,0.20,1.10,,,,0.60,,,0.90,,,0.70,0.30,0.50,0.50,,0.30,,0.5,1.0,,0.40,,,0.40,0.40,0.7,,0.40,,0.40,0.20,
08-09-2011,24,,,,,,0.50,,,0.10,0.70,,,,0.60,,,0.60,,,0.70,0.40,0.50,0.50,,0.10,,0.4,0.7,,0.30,,,0.40,0.40,0.6,,0.60,,,0.30,
09-09-2011,1,,,,,,0.50,,,0.20,0.60,,,,0.60,,,0.50,,,0.60,0.40,0.40,0.50,,0.10,,0.4,0.6,,0.40,,,0.30,0.40,0.4,,0.50,,,0.20,
09-09-2011,2,,,,,,0.40,,,0.20,0.50,,,,0.50,,,0.50,,,0.70,0.40,0.30,0.50,,0.20,,0.6,0.4,,0.40,,,0.30,0.30,0.3,,0.40,,,0.20,
09-09-2011,3,,,,,,0.50,,,0.20,0.40,,,,0.60,,,0.40,,,0.70,0.30,0.40,0.60,,0.10,,0.4,0.1,,0.30,,,0.40,0.20,0.3,,0.40,,,0.20,
09-09-2011,4,,,,,,0.50,,,0.30,0.70,,,,0.60,,,0.50,,,0.80,0.40,0.40,0.30,,0.20,,0.4,0.1,,0.30,,,0.50,0.20,0.4,,0.30,,,0.60,
09-09-2011,5,,,,,,1.90,,,0.40,0.70,,,,0.70,,,0.90,,,1.20,0.80,0.70,0.40,,0.60,,1.4,0.3,,0.30,,,0.60,0.70,0.4,,0.60,,,0.90,
09-09-2011,6,,,,,,1.50,,,1.00,2.00,,,,1.80,,,2.10,,,2.90,1.30,1.00,0.80,,0.90,,1.9,1.1,,0.80,,,1.20,1.10,0.4,,1.40,,,1.40,
09-09-2011,7,,,,,,2.50,,,1.80,2.20,,,,4.10,,,3.20,,,4.10,1.70,1.80,1.50,,1.20,,1.7,2.6,,1.00,,,2.00,2.00,0.5,,2.60,,1.50,2.60,
09-09-2011,8,,,,,,3.10,,,1.80,3.10,,,,2.80,,,2.30,,,3.70,2.50,2.00,1.10,,1.70,,1.9,3.5,,2.60,,,2.90,1.60,0.7,,1.90,,,3.50,
09-09-2011,9,,,,,,2.00,,,1.30,1.90,,,,1.20,,,2.50,,,2.70,2.20,1.10,1.20,,1.40,,1.6,2.6,,1.30,,,2.10,2.10,1.3,,1.40,,0.70,3.40,
09-09-2011,10,,,,,,1.60,,,0.40,1.40,,,,1.40,,,2.70,,,2.40,2.60,0.80,1.80,,1.00,,1.5,2.2,,,,,1.40,1.90,1.8,,1.30,,0.60,2.40,
09-09-2011,11,,,,,,1.10,,,0.20,0.80,,,,0.90,,,2.30,,,2.20,1.90,1.00,1.40,,0.50,,1.5,1.9,,,,,1.20,0.70,1.5,,1.60,,0.40,1.10,
09-09-2011,12,,,,,,0.80,,,0.40,0.50,,,,0.60,,,1.70,,,1.70,1.50,0.90,0.70,,0.30,,1.0,1.1,,,,,0.80,0.20,1.2,,1.20,,0.30,0.40,
09-09-2011,13,,,,,,0.60,,,0.20,0.60,,,,0.60,,,1.20,,,0.70,1.10,0.70,0.70,,0.20,,0.5,0.7,,,,,1.00,0.30,1.0,,0.60,,0.40,0.30,
09-09-2011,14,,,,,,0.50,,,0.20,0.50,,,,0.70,,,0.90,,,0.70,0.60,0.60,0.60,,0.20,,0.4,0.5,,0.80,,,0.70,0.20,0.9,,0.30,,0.20,0.30,
09-09-2011,15,,,,,,0.50,,,0.20,0.50,,,,0.60,,,0.70,,,0.50,0.40,0.60,0.50,,0.20,,0.4,0.3,,0.60,,,0.40,0.20,0.9,,0.30,,0.20,0.30,
09-09-2011,16,,,,,,0.50,,,0.10,0.40,,,,0.60,,,0.60,,,0.60,0.40,0.60,0.50,,0.30,,0.4,0.2,,0.60,,,0.50,0.20,0.8,,0.40,,0.20,0.30,
09-09-2011,17,,,,,,0.50,,,0.10,0.40,,,,0.50,,,0.60,,,0.70,0.60,0.70,0.40,,0.20,,0.4,0.5,,0.60,,,0.40,0.30,0.8,,0.40,,0.10,0.40,
09-09-2011,18,,,,,,0.60,,,0.10,0.40,,,,0.60,,,0.70,,,0.60,0.60,0.70,0.50,,0.20,,0.3,0.9,,0.80,,,0.60,0.30,0.9,,0.40,,0.20,0.30,
09-09-2011,19,,,,,,0.70,,,0.20,0.50,,,,0.70,,,0.70,,,0.50,0.60,0.80,0.60,,0.30,,0.4,0.5,,0.80,,,0.60,0.30,1.0,,0.50,,0.30,0.20,
09-09-2011,20,,,,,,,,,0.20,0.60,,,,0.80,,,0.90,,,0.70,0.60,0.90,0.70,,0.60,,0.5,0.6,,0.80,,,0.60,0.50,1.1,,0.70,,0.40,0.20,
09-09-2011,21,,,,,,0.60,,,0.20,0.50,,,,0.70,,,0.90,,,0.50,0.40,0.80,0.70,,0.50,,0.6,0.6,,0.70,,,0.50,0.50,1.1,,0.60,,0.40,0.40,
09-09-2011,22,,,,,,0.60,,,0.20,0.60,,,,0.70,,,0.90,,,0.60,0.40,0.70,0.70,,0.50,,0.5,0.3,,0.70,,,0.40,0.50,1.0,,0.50,,0.40,0.20,
09-09-2011,23,,,,,,0.60,,,0.20,,,,,0.50,,,0.90,,,0.80,0.40,0.60,0.50,,0.40,,0.5,0.5,,0.70,,,0.50,0.40,0.9,,0.50,,0.30,0.20,
09-09-2011,24,,,,,,0.50,,,0.20,,,,,0.80,,,0.80,,,0.80,0.50,0.60,0.70,,0.20,,0.4,0.8,,0.70,,,0.40,0.40,0.7,,0.80,,0.30,0.30,
10-09-2011,1,,,,,,0.60,,,0.40,0.40,,,,0.90,,,0.60,,,0.50,0.40,0.70,0.60,,0.30,,0.5,0.8,,0.80,,,0.40,0.40,0.6,,0.70,,0.40,0.50,
10-09-2011,2,,,,,,0.80,,,0.30,0.30,,,,0.60,,,0.70,,,0.50,0.50,0.60,0.60,,0.30,,0.5,0.8,,0.70,,,0.40,0.50,0.5,,0.70,,0.70,0.60,
10-09-2011,3,,,,,,0.70,,,0.30,0.30,,,,0.60,,,0.80,,,0.60,0.50,0.50,0.40,,0.30,,0.7,0.9,,0.80,,,0.30,0.30,0.4,,0.70,,0.60,0.40,
10-09-2011,4,,,,,,0.60,,,0.30,0.40,,,,0.70,,,0.80,,,0.90,0.60,0.50,0.30,,0.20,,0.5,0.8,,0.70,,,0.50,0.50,0.4,,0.70,,0.60,0.40,
10-09-2011,5,,,,,,0.70,,,0.50,0.70,,,,0.90,,,1.10,,,1.70,0.70,0.80,0.40,,0.40,,0.6,1.0,,1.30,,,0.50,0.40,0.4,,0.80,,0.60,0.90,
10-09-2011,6,,,,,,1.30,,,1.10,0.90,,,,1.10,,,1.60,,,1.90,0.90,1.40,0.30,,0.80,,0.9,0.9,,0.60,,,0.90,0.80,0.5,,1.20,,0.70,1.80,
10-09-2011,7,,,,,,2.00,,,0.90,2.00,,,,2.20,,,2.60,,,2.50,1.20,1.20,0.80,,1.40,,1.4,1.2,,1.00,,,1.90,1.20,0.6,,2.00,,1.00,2.10,
10-09-2011,8,,,,,,2.20,,,1.70,1.60,,,,2.60,,,2.80,,,2.50,1.20,1.40,1.00,,2.00,,1.4,1.7,,2.30,,,2.70,2.00,1.1,,1.90,,1.50,3.00,
10-09-2011,9,,,,,,1.90,,,0.70,1.80,,,,2.50,,,1.90,,,2.20,1.70,1.20,1.30,,1.20,,1.8,1.7,,1.50,,,2.10,1.70,1.5,,1.30,,1.00,2.20,
10-09-2011,10,,,,,,1.30,,,0.40,1.50,,,,2.10,,,1.90,,,2.00,1.70,1.20,1.00,,1.00,,1.6,1.5,,1.20,,,1.90,1.40,1.3,,1.50,,0.70,2.70,
10-09-2011,11,,,,,,0.90,,,0.30,,,,,1.20,,,1.60,,,1.20,1.10,1.00,0.80,,0.90,,1.1,1.3,,1.10,,,1.00,0.80,0.8,,,,0.50,1.40,
10-09-2011,12,,,,,,0.90,,,0.30,,,,,1.10,,,1.30,,,1.30,1.00,1.00,0.80,,0.30,,1.0,0.9,,1.10,,,0.80,0.40,1.0,,,,0.20,0.70,
10-09-2011,13,,,,,,0.70,,,0.20,,,,,1.00,,,1.20,,,1.20,0.80,0.70,0.60,,0.20,,0.5,0.7,,1.00,,,0.70,0.30,1.1,,0.90,,0.20,0.40,
10-09-2011,14,,,,,,0.50,,,0.10,,,,,0.90,,,1.00,,,0.70,0.70,0.50,0.60,,0.20,,0.4,0.7,,0.80,,,0.50,0.20,1.1,,0.50,,0.10,0.20,
10-09-2011,15,,,,,,0.40,,,0.10,,,,,0.90,,,0.90,,,0.60,0.30,0.50,0.60,,0.20,,0.3,0.7,,0.60,,,0.50,0.20,1.1,,0.40,,0.20,0.20,
10-09-2011,16,,,,,,0.40,,,0.10,,,,,0.80,,,0.70,,,0.90,0.40,0.60,0.40,,0.10,,0.3,0.2,,0.60,,,0.30,0.20,0.8,,0.40,,0.20,0.10,
10-09-2011,17,,,,,,0.40,,,0.10,,,,,0.80,,,0.60,,,0.50,0.40,0.50,0.30,,0.10,,0.3,0.2,,0.50,,,0.30,0.20,0.7,,,,0.10,0.10,
10-09-2011,18,,,,,,0.40,,,0.10,,,,,0.80,,,0.60,,,0.50,0.30,0.50,0.30,,0.20,,0.3,0.2,,0.50,,,0.20,0.20,0.6,,0.20,,0.20,0.10,
10-09-2011,19,,,,,,0.40,,,0.10,,,,,0.90,,,0.70,,,0.50,0.30,0.60,0.30,,0.20,,0.4,0.1,,0.50,,,0.20,0.30,0.7,,0.20,,0.30,0.30,
10-09-2011,20,,,,,,0.50,,,0.20,,,,,0.80,,,0.80,,,0.60,0.30,0.80,0.30,,0.20,,0.4,0.2,,0.70,,,0.30,0.30,0.6,,0.30,,0.30,0.20,
10-09-2011,21,,,,,,0.50,,,0.20,,,,,0.80,,,0.70,,,0.50,0.40,0.80,0.40,,0.40,,0.5,0.5,,0.60,,,0.40,0.50,0.8,,0.40,,0.40,0.20,
10-09-2011,22,,,,,,0.60,,,0.20,,,,,0.70,,,0.60,,,0.50,0.40,0.70,0.40,,0.40,,0.4,0.8,,0.70,,,0.40,0.40,0.8,,0.40,,0.40,0.10,
10-09-2011,23,,,,,,0.40,,,0.20,,,,,0.60,,,0.50,,,0.60,0.30,0.60,0.30,,0.20,,0.4,0.8,,0.60,,,0.20,0.30,0.7,,0.30,,0.30,0.10,
10-09-2011,24,,,,,,0.40,,,0.20,,,,,0.60,,,0.50,,,0.50,0.30,0.50,0.30,,0.20,,0.5,0.5,,0.60,,,0.30,0.30,0.7,,0.40,,0.20,0.00,
11-09-2011,1,,,,,,0.30,,,0.10,,,,,0.60,,,0.40,,,0.40,0.20,0.40,0.20,,0.10,,0.3,0.5,,0.60,,,0.10,0.30,0.5,,0.30,,0.20,0.00,
11-09-2011,2,,,,,,0.30,,,0.10,,,,,0.60,,,0.40,,,0.30,0.20,0.40,0.20,,0.10,,0.3,0.4,,0.40,,,0.10,0.10,0.4,,0.20,,0.20,0.00,
11-09-2011,3,,,,,,0.30,,,0.10,,,,,0.60,,,0.30,,,0.30,0.20,0.40,0.20,,0.00,,0.3,0.4,,0.30,,,0.10,0.10,0.5,,0.20,,0.20,0.00,
11-09-2011,4,,,,,,0.20,,,0.10,,,,,0.60,,,0.30,,,0.30,0.20,0.40,0.20,,0.00,,0.3,0.4,,0.30,,,0.10,0.10,0.4,,0.20,,0.10,0.00,
11-09-2011,5,,,,,,0.20,,,0.10,,,,,0.60,,,0.30,,,0.40,0.20,0.40,0.20,,0.00,,0.2,0.4,,0.40,,,0.10,0.10,0.5,,0.30,,0.10,0.10,
11-09-2011,6,,,,,,0.30,,,0.10,,,,,0.70,,,0.40,,,0.50,0.40,0.50,0.20,,0.00,,0.3,0.5,,0.40,,,0.20,0.10,0.5,,0.30,,0.20,0.10,
11-09-2011,7,,,,,,0.40,,,0.20,,,,,0.80,,,0.50,,,0.60,0.50,0.50,0.30,,0.10,,0.3,0.7,,0.40,,,0.20,0.20,0.7,,0.30,,0.30,0.20,
11-09-2011,8,,,,,,0.40,,,0.20,,,,,0.80,,,0.70,,,0.60,0.60,0.70,0.30,,0.30,,0.4,0.5,,0.60,,,0.30,0.30,0.8,,0.40,,0.30,0.20,
11-09-2011,9,,,,,,0.50,,,0.20,,,,,0.90,,,0.60,,,1.00,0.80,0.60,0.30,,0.30,,0.4,0.3,,0.50,,,0.40,0.40,0.8,,0.50,,0.20,0.20,
11-09-2011,10,,,,,,0.50,,,0.30,,,,,0.90,,,0.70,,,1.00,0.90,0.60,0.40,,0.30,,0.4,0.4,,0.60,,,0.30,0.30,0.8,,0.40,,0.20,0.50,
11-09-2011,11,,,,,,0.40,,,0.20,,,,,0.80,,,0.60,,,0.90,0.80,0.60,0.30,,0.30,,0.5,0.3,,0.70,,,0.30,0.30,0.8,,0.50,,0.20,0.70,
11-09-2011,12,,,,,,0.50,,,0.20,,,,,0.80,,,0.80,,,1.00,0.70,0.70,0.30,,0.30,,0.5,0.4,,0.70,,,0.40,0.40,1.0,,0.50,,0.20,0.50,
11-09-2011,13,,,,,,0.50,,,0.20,,,,,0.80,,,0.60,,,0.90,0.80,0.70,0.30,,0.20,,0.4,0.3,,0.80,,,0.40,0.40,0.8,,0.50,,0.20,0.30,
11-09-2011,14,,,,,,0.50,,,0.20,,,,,0.70,,,0.70,,,1.20,0.60,0.60,0.30,,0.20,,0.4,0.3,,0.90,,,0.30,0.30,0.8,,0.40,,0.20,0.20,
11-09-2011,15,,,,,,0.50,,,0.20,,,,,0.70,,,0.70,,,1.00,0.80,0.60,0.30,,0.20,,0.4,0.4,,0.80,,,0.30,0.30,0.8,,0.50,,0.20,0.10,
11-09-2011,16,,,,,,0.50,,,0.20,,,,,0.80,,,0.70,,,0.80,0.60,0.60,0.30,,0.20,,0.4,0.5,,0.70,,,0.30,0.30,0.9,,0.40,,0.30,0.20,
11-09-2011,17,,,,,,0.50,,,0.20,,,,,0.90,,,0.70,,,0.80,0.60,0.60,0.40,,0.30,,0.4,0.5,,0.60,,,0.40,0.30,1.0,,0.40,,0.40,0.20,
11-09-2011,18,,,,,,0.60,,,0.20,,,,,0.80,,,0.70,,,1.20,0.60,0.70,0.40,,0.30,,0.5,0.6,,0.70,,,0.40,0.50,1.1,,0.40,,0.40,0.40,
11-09-2011,19,,,,,,0.60,,,0.20,,,,,1.10,,,0.90,,,1.00,0.80,0.80,0.40,,0.40,,0.6,0.5,,0.70,,,0.60,0.70,1.1,,0.50,,0.40,0.40,
11-09-2011,20,,,,,,0.70,,,0.20,,,,,1.00,,,1.10,,,0.80,0.90,0.80,0.50,,0.40,,0.6,1.1,,0.80,,,0.50,0.40,1.2,,0.60,,0.40,0.40,
11-09-2011,21,,,,,,0.60,,,0.30,,,,,0.90,,,1.10,,,0.60,0.80,0.80,0.50,,0.40,,0.5,1.3,,0.80,,,0.50,0.50,1.0,,0.60,,0.50,0.20,
11-09-2011,22,,,,,,0.70,,,0.20,,,,,0.80,,,1.00,,,0.50,0.70,0.70,0.40,,0.30,,0.4,1.1,,0.80,,,0.50,0.50,1.1,,0.60,,0.40,0.00,
11-09-2011,23,,,,,,0.60,,,0.20,,,,,0.70,,,0.80,,,0.40,0.60,0.60,0.40,,0.10,,0.3,0.9,,0.70,,,0.30,0.40,0.9,,0.60,,0.20,0.00,
11-09-2011,24,,,,,,0.40,,,0.30,,,,,0.60,,,0.60,,,0.30,0.40,0.50,0.30,,0.10,,0.3,0.7,,0.60,,,0.20,0.30,0.8,,0.50,,0.20,0.00,
12-09-2011,1,,,,,,0.40,,,0.30,,,,,0.60,,,0.50,,,0.20,0.30,0.40,0.30,,0.00,,0.3,0.7,,0.40,,,0.20,0.30,0.7,,0.40,,0.20,0.00,
12-09-2011,2,,,,,,0.40,,,0.30,,,,,0.60,,,0.50,,,0.30,0.30,0.40,0.20,,0.10,,0.3,0.7,,0.50,,,0.20,0.20,0.6,,0.40,,0.20,0.00,
12-09-2011,3,,,,,,0.30,,,0.30,,,,,0.60,,,0.60,,,0.30,0.30,0.50,0.30,,0.10,,0.4,0.7,,0.50,,,0.20,0.20,0.6,,0.30,,0.20,0.10,
12-09-2011,4,,,,,,0.40,,,0.40,,,,,0.70,,,0.50,,,0.50,0.50,0.60,0.20,,0.10,,0.4,0.7,,0.60,,,0.20,0.20,0.6,,0.50,,0.20,0.30,
12-09-2011,5,,,,,,0.50,,,0.40,,,,,0.70,,,0.70,,,0.80,0.70,0.70,0.40,,0.30,,0.5,0.6,,0.70,,,0.40,0.50,0.7,,0.80,,0.40,1.00,
12-09-2011,6,,,,,,0.90,,,0.50,,,,,0.80,,,1.20,,,0.80,1.10,0.90,0.50,,0.80,,0.7,1.2,,1.00,,,0.80,0.80,0.7,,1.40,,0.40,1.20,
12-09-2011,7,,,,,,1.60,,,0.70,,,,,2.40,,,1.60,,,2.50,2.10,1.60,1.00,,1.60,,2.0,2.3,,1.60,,,1.20,1.50,0.5,,2.10,,1.20,1.70,
12-09-2011,8,,,,,,1.70,,,0.90,,,,,1.30,,,2.00,,,1.60,2.00,1.50,1.30,,,,1.8,2.3,,1.40,,,1.40,1.90,0.8,,2.40,,1.00,2.20,
12-09-2011,9,,,,,,1.10,,,0.90,,,,,1.30,,,1.70,,,1.10,1.80,,,,1.00,,1.3,1.5,,1.30,,,1.00,0.50,1.0,,,,0.40,1.60,
12-09-2011,10,,,,,,0.70,,,0.40,,,,,1.10,,,1.00,,,0.90,1.00,,,,0.40,,1.3,1.0,,1.40,,,0.70,,1.2,,1.50,,0.20,0.90,
12-09-2011,11,,,,,,0.60,,,0.30,,,,,1.00,,,0.80,,,0.90,0.90,1.10,,,0.30,,1.0,0.6,,1.30,,,0.60,,0.9,,0.70,,0.20,0.90,
12-09-2011,12,,,,,,0.60,,,0.30,,,,,0.90,,,0.90,,,1.10,0.90,0.80,,,0.20,,0.7,0.5,,1.10,,,0.80,,0.8,,0.80,,0.20,0.70,
12-09-2011,13,,,,,,0.50,,,0.20,,,,,1.00,,,0.90,,,0.50,0.90,0.50,,,0.10,,0.5,0.6,,0.90,,,0.60,,1.0,,0.60,,0.20,0.10,
12-09-2011,14,,,,,,0.40,,,0.10,,,,,1.00,,,0.70,,,0.50,0.60,0.50,0.60,,0.00,,0.3,0.6,,0.80,,,0.50,0.20,1.0,,0.30,,0.10,0.10,
12-09-2011,15,,,,,,0.50,,,0.10,,,,,1.00,,,0.60,,,0.60,0.50,0.50,0.50,,0.20,,0.3,0.4,,0.40,,,0.40,0.20,1.0,,0.30,,0.10,0.20,
12-09-2011,16,,,,,,0.40,,,0.20,,,,,1.00,,,0.60,,,0.50,0.40,0.50,0.30,,0.20,,0.2,0.5,,0.40,,,0.40,0.10,0.8,,0.30,,0.20,0.10,
12-09-2011,17,,,,,,0.50,,,0.30,,,,,1.00,,,0.50,,,0.60,0.50,,0.30,,0.10,,0.3,0.8,,0.40,,,0.40,0.20,0.7,,0.30,,0.20,0.30,
12-09-2011,18,,,,,,0.60,,,0.20,,,,,0.70,,,1.00,,,0.60,0.60,0.60,0.30,,0.30,,0.6,0.9,,0.30,,,0.40,0.20,0.9,,0.40,,0.30,0.40,
12-09-2011,19,,,,,,0.80,,,0.20,,,,,0.70,,,1.10,,,0.30,0.60,0.60,0.50,,0.40,,0.7,0.9,,0.40,,,0.40,0.30,0.9,,0.40,,0.20,0.40,
12-09-2011,20,,,,,,0.70,,,0.20,,,,,0.90,,,0.90,,,0.40,0.50,0.60,0.70,,0.20,,0.5,0.7,,0.50,,,0.40,0.30,0.7,,0.40,,0.30,0.30,
12-09-2011,21,,,,,,0.60,,,0.20,,,,,0.80,,,1.10,,,0.40,0.50,0.60,0.50,,0.20,,0.5,0.8,,0.60,,,0.30,0.30,0.8,,0.60,,0.40,0.40,
12-09-2011,22,,,,,,0.50,,,0.20,,,,,0.70,,,0.80,,,0.30,0.50,0.60,0.30,,0.20,,0.5,0.5,,0.80,,,0.30,0.30,0.8,,0.60,,0.30,0.20,
12-09-2011,23,,,,,,0.40,,,0.30,,,,,0.70,,,0.60,,,0.50,0.40,0.50,0.20,,0.20,,0.4,0.7,,0.60,,,0.20,0.20,0.6,,0.60,,0.20,0.10,
12-09-2011,24,,,,,,0.30,,,0.10,,,,,0.50,,,0.40,,,0.40,0.20,0.40,0.10,,0.00,,0.3,0.5,,0.50,,,0.10,0.10,0.6,,0.40,,0.10,0.00,
13-09-2011,1,,,,,,0.20,,,0.10,,,,,0.50,,,0.30,,,0.30,0.20,0.30,0.10,,0.00,,0.3,0.5,,0.30,,,0.10,0.10,0.4,,0.30,,0.10,0.00,
13-09-2011,2,,,,,,0.30,,,0.20,,,,,0.50,,,0.30,,,0.20,0.20,0.30,0.10,,0.00,,0.3,0.4,,0.30,,,0.10,0.10,0.4,,0.30,,0.10,0.00,
13-09-2011,3,,,,,,0.20,,,0.20,,,,,0.50,,,0.30,,,0.20,0.20,0.20,0.10,,0.00,,0.2,0.4,,0.30,,,0.10,0.10,0.4,,0.30,,0.10,0.00,
13-09-2011,4,,,,,,0.30,,,0.20,,,,,0.40,,,0.30,,,0.30,0.20,0.40,0.10,,0.00,,0.2,0.4,,0.30,,,0.10,0.20,0.4,,0.40,,0.10,0.00,
13-09-2011,5,,,,,,0.30,,,0.30,,,,,0.50,,,0.40,,,0.70,0.50,0.60,0.10,,0.20,,0.6,0.3,,0.30,,,0.20,0.40,0.4,,0.60,,0.40,1.00,
13-09-2011,6,,,,,,0.80,,,0.30,,,,,1.90,,,0.70,,,1.20,1.20,1.00,0.40,,0.70,,0.6,0.6,,0.60,,,0.80,0.70,0.6,,1.20,,0.60,1.80,
13-09-2011,7,,,,,,1.50,,,1.10,,,,,3.70,,,1.40,,,1.50,1.40,1.60,0.90,,0.80,,1.2,2.2,,1.00,,,1.50,0.90,0.6,,1.70,,1.30,3.30,
13-09-2011,8,,,,,,1.60,,,0.90,,,,,2.20,,,1.50,,,2.10,1.70,1.40,1.10,,1.10,,1.9,1.8,,1.20,,,1.50,1.00,0.7,,1.70,,0.90,4.00,
13-09-2011,9,,,,,,1.10,,,0.40,,,,,1.40,,,1.60,,,2.20,1.20,1.00,0.40,,0.60,,1.3,0.8,,1.10,,,1.10,1.10,1.2,,1.70,,0.60,3.40,
13-09-2011,10,,,,,,1.00,,,0.20,,,,,1.10,,,1.20,,,1.90,1.10,0.70,0.30,,0.30,,,0.7,,1.20,,,0.80,0.90,0.9,,1.20,,0.50,1.50,
13-09-2011,11,,,,,,0.90,,,0.20,,,,,1.00,,,1.10,,,1.20,0.90,0.90,0.40,,0.30,,,0.6,,0.90,,,0.90,,0.5,,1.10,,0.20,0.50,
13-09-2011,12,,,,,,0.60,,,0.20,,,,,1.10,,,1.10,,,0.60,0.50,0.50,0.60,,0.20,,,0.6,,1.10,,,0.60,,0.7,,0.80,,0.20,0.30,
13-09-2011,13,,,,,,0.50,,,0.10,,,,,1.00,,,0.60,,,0.70,0.30,0.30,0.60,,0.10,,0.3,0.6,,1.00,,,0.40,,0.9,,0.20,,0.20,0.20,
13-09-2011,14,,,,,,0.50,,,0.10,0.20,,,,1.10,,,0.50,,,0.60,0.30,0.30,0.40,,0.10,,0.2,0.3,,0.40,,,0.40,,0.8,,0.00,,0.20,0.20,
13-09-2011,15,,,,,,0.40,,,0.10,0.30,,,,0.90,,,0.50,,,0.40,0.30,0.30,0.30,,0.00,,0.2,0.0,,0.30,,,0.40,,0.6,,0.00,,0.20,0.20,
13-09-2011,16,,,,,,0.40,,,0.20,0.40,,,,0.90,,,0.60,,,0.40,0.30,0.40,0.20,,0.00,,0.2,0.2,,0.30,,,0.20,,0.4,,0.00,,0.10,0.10,
13-09-2011,17,,,,,,0.50,,,0.30,0.40,,,,0.90,,,0.70,,,0.50,0.40,0.40,0.30,,0.00,,0.3,0.6,,0.30,,,0.30,0.20,0.4,,0.20,,0.10,0.00,
13-09-2011,18,,,,,,0.50,,,0.30,0.30,,,,0.80,,,0.90,,,0.30,0.60,0.60,0.30,,0.10,,0.6,0.8,,0.30,,,0.30,0.30,0.8,,0.50,,0.20,0.10,
13-09-2011,19,,,,,,0.60,,,0.30,0.20,,,,1.10,,,1.00,,,0.60,0.80,0.60,0.50,,0.50,,0.7,1.1,,0.40,,,0.40,0.20,0.8,,0.50,,0.20,0.40,
13-09-2011,20,,,,,,1.10,,,0.30,0.30,,,,1.00,,,,,,0.60,0.70,0.60,0.50,,0.50,,0.9,1.4,,0.50,,,0.30,0.30,0.9,,0.60,,0.40,0.70,
13-09-2011,21,,,,,,0.70,,,0.30,0.20,,,,0.80,,,1.30,,,0.70,0.80,0.70,0.50,,0.60,,0.9,1.0,,0.60,,,0.30,0.30,1.1,,0.90,,0.40,0.80,
13-09-2011,22,,,,,,0.50,,,0.30,0.10,,,,0.60,,,1.00,,,0.60,0.70,0.80,0.30,,0.30,,0.8,0.5,,0.60,,,0.30,0.30,0.8,,1.10,,0.30,0.20,
13-09-2011,23,,,,,,0.30,,,0.30,0.10,,,,0.50,,,0.50,,,0.50,0.40,0.70,0.20,,0.20,,0.5,0.8,,0.60,,,0.30,0.30,0.7,,0.80,,0.20,0.30,
13-09-2011,24,,,,,,0.30,,,0.40,0.00,,,,0.40,,,0.40,,,0.40,0.20,0.50,0.10,,0.10,,0.4,0.6,,0.50,,,0.20,0.20,0.7,,0.50,,0.20,0.40,
14-09-2011,1,,,,,,0.40,,,0.50,0.00,,,,0.40,,,0.40,,,0.50,0.20,0.40,0.10,,0.00,,0.4,0.8,,0.50,,,0.20,0.20,0.6,,0.40,,0.20,0.40,
14-09-2011,2,,,,,,0.40,,,0.50,0.00,,,,0.50,,,0.40,,,0.30,0.30,0.30,0.10,,0.00,,0.5,0.6,,0.50,,,0.20,0.20,0.6,,0.50,,0.20,0.70,
14-09-2011,3,,,,,,0.30,,,0.40,0.30,,,,0.50,,,0.40,,,0.40,0.30,0.30,0.10,,0.00,,0.4,0.5,,0.40,,,0.20,0.10,0.5,,0.40,,0.20,0.20,
14-09-2011,4,,,,,,0.40,,,0.40,0.40,,,,0.60,,,0.40,,,0.50,0.30,0.30,0.10,,0.10,,0.4,0.6,,0.40,,,0.30,0.20,0.6,,0.30,,0.20,0.80,
14-09-2011,5,,,,,,0.50,,,0.60,0.80,,,,0.80,,,0.50,,,0.70,0.60,0.40,0.20,,0.40,,1.3,0.7,,0.60,,,0.40,0.40,0.8,,0.60,,0.40,1.70,
14-09-2011,6,,,,,,0.90,,,0.60,1.40,,,,2.20,,,1.30,,,1.40,1.00,0.60,0.40,,0.90,,1.9,0.6,,0.70,,,0.80,0.80,1.0,,1.00,,0.50,1.90,
14-09-2011,7,,,,,,1.50,,,1.00,3.00,,,,3.80,,,2.50,,,1.80,1.60,0.80,0.90,,0.90,,2.2,1.1,,0.80,,,1.40,0.80,,,1.50,,0.50,2.60,
14-09-2011,8,,,,,,1.90,,,0.90,2.40,,,,2.90,,,2.70,,,3.30,1.90,1.30,1.00,,1.30,,2.3,1.4,,1.50,,,1.80,1.00,0.8,,1.70,,1.00,3.00,
14-09-2011,9,,,,,,1.20,,,0.80,0.40,,,,1.60,,,2.90,,,3.50,2.30,,0.60,,1.00,,2.0,1.4,,1.50,,,1.50,1.00,0.9,,2.10,,0.60,2.60,
14-09-2011,10,,,,,,0.70,,,0.30,0.50,,,,1.50,,,2.40,,,3.10,2.70,,0.50,,0.70,,1.8,1.4,,1.50,,,1.10,0.80,0.8,,2.00,,0.40,1.80,
14-09-2011,11,,,,,,,,,0.40,0.50,,,,1.30,,,1.60,,,1.50,1.50,,0.70,,0.40,,1.3,0.9,,1.70,,,0.80,0.50,0.6,,1.60,,0.20,0.70,
14-09-2011,12,,,,,,0.80,,,0.30,0.40,,,,1.00,,,1.10,,,0.50,0.50,,0.70,,0.30,,0.4,0.8,,1.10,,,0.60,0.40,0.7,,1.00,,0.20,0.30,
14-09-2011,13,,,,,,0.60,,,0.10,0.30,,,,0.80,,,0.70,,,0.40,0.30,0.40,0.70,,0.20,,0.3,0.5,,0.70,,,0.50,0.20,0.7,,0.30,,0.20,0.20,
14-09-2011,14,,,,,,0.50,,,0.10,0.20,,,,0.80,,,0.70,,,0.60,0.30,0.40,0.40,,0.30,,0.3,0.2,,0.50,,,0.50,0.10,0.6,,0.30,,0.10,0.20,
14-09-2011,15,,,,,,0.50,,,0.10,0.10,,,,0.80,,,0.60,,,0.30,0.30,0.40,0.40,,0.20,,0.3,0.1,,0.40,,,0.50,0.10,0.3,,0.20,,0.10,0.00,
14-09-2011,16,,,,,,0.50,,,0.10,0.30,,,,0.70,,,0.60,,,0.50,0.50,0.40,0.40,,0.10,,0.3,0.2,,0.40,,,0.30,0.10,0.4,,0.20,,0.20,0.10,
14-09-2011,17,,,,,,0.50,,,0.10,0.30,,,,0.70,,,0.70,,,0.60,0.50,0.50,0.30,,0.10,,0.3,0.2,,0.40,,,0.40,0.20,0.3,,0.20,,0.20,0.10,
14-09-2011,18,,,,,,0.60,,,0.10,0.30,,,,0.70,,,0.60,,,0.60,0.70,0.50,0.30,,0.10,,0.3,0.5,,0.40,,,0.40,0.20,0.5,,0.40,,0.20,0.10,
14-09-2011,19,,,,,,0.70,,,0.20,0.30,,,,0.90,,,0.70,,,0.50,0.80,0.70,0.40,,0.20,,0.3,0.7,,0.50,,,0.40,0.20,0.5,,0.50,,0.30,0.20,
14-09-2011,20,,,,,,0.70,,,0.30,0.30,,,,1.00,,,0.90,,,0.40,0.50,0.70,0.50,,0.20,,0.4,0.5,,1.00,,,0.50,0.40,0.6,,0.50,,0.40,0.30,
14-09-2011,21,,,,,,0.70,,,0.30,0.40,,,,0.90,,,1.00,,,0.40,0.50,0.60,0.40,,0.30,,0.6,1.0,,0.90,,,0.40,0.30,0.6,,0.50,,0.40,0.30,
14-09-2011,22,,,,,,0.60,,,0.40,0.20,,,,0.80,,,1.10,,,0.50,0.70,0.60,0.50,,0.30,,0.5,0.7,,0.70,,,0.50,0.40,0.9,,0.50,,0.40,0.40,
14-09-2011,23,,,,,,0.60,,,0.50,0.20,,,,0.50,,,0.90,,,0.50,0.50,0.50,0.40,,0.20,,0.5,0.7,,0.70,,,0.40,0.50,0.8,,0.60,,0.30,0.40,
14-09-2011,24,,,,,,0.50,,,0.40,0.10,,,,0.40,,,0.70,,,0.70,0.40,0.50,0.30,,0.20,,0.6,0.7,,0.60,,,0.20,0.40,0.7,,0.70,,0.30,0.30,
15-09-2011,1,,,,,,0.50,,,0.40,0.10,,,,0.60,,,0.50,,,0.40,0.40,0.50,0.40,,0.20,,0.5,0.7,,0.50,,,0.30,0.40,0.6,,0.50,,0.20,0.90,
15-09-2011,2,,,,,,0.50,,,0.40,0.00,,,,0.60,,,0.50,,,0.30,0.30,0.40,0.40,,0.10,,0.6,0.5,,0.30,,,0.30,0.20,0.6,,0.40,,0.20,0.40,
15-09-2011,3,,,,,,0.40,,,0.50,0.00,,,,0.50,,,0.50,,,0.60,0.40,0.40,0.30,,0.10,,0.7,0.8,,0.30,,,0.30,0.20,0.5,,0.50,,0.20,0.40,
15-09-2011,4,,,,,,0.50,,,0.60,0.00,,,,0.60,,,0.80,,,0.60,0.60,0.40,0.70,,0.10,,1.2,0.7,,0.40,,,0.20,0.50,0.5,,0.70,,0.20,1.20,
15-09-2011,5,,,,,,0.70,,,0.80,0.70,,,,0.80,,,0.80,,,1.00,0.80,0.50,0.40,,0.60,,1.2,1.0,,1.20,,,0.70,0.70,0.5,,0.90,,0.50,1.40,
15-09-2011,6,,,,,,1.30,,,1.00,1.60,,,,1.40,,,1.80,,,1.50,1.10,0.80,0.60,,0.80,,2.7,0.9,,0.80,,,1.10,0.90,0.5,,1.40,,0.50,1.80,
15-09-2011,7,,,,,,2.50,,,1.50,2.90,,,,2.30,,,,,,2.40,2.30,1.20,1.00,,2.10,,4.0,2.2,,1.40,,,2.10,1.10,0.5,,1.70,,1.40,2.50,
15-09-2011,8,,,,,,2.10,,,1.40,1.50,,,,2.00,,,3.50,,,2.60,2.30,1.20,1.10,,2.20,,3.2,2.5,,2.70,,,1.90,1.50,1.1,,1.80,,1.70,3.30,
15-09-2011,9,,,,,,,,,0.80,0.70,,,,1.50,,,2.00,,,2.80,2.20,1.00,1.40,,0.80,,1.9,1.9,,1.10,,,1.50,1.20,1.5,,1.20,,1.00,2.00,
15-09-2011,10,,,,,,,,,0.50,0.70,,,,1.30,,,1.90,,,2.40,1.80,0.80,1.10,,0.50,,1.4,1.4,,0.70,,,1.20,0.70,1.3,,1.20,,0.70,1.20,
15-09-2011,11,,,,,,,,,0.30,0.60,,,,1.10,,,1.40,,,1.70,1.50,0.80,0.90,,0.50,,1.0,1.1,,0.70,,,0.90,1.00,1.0,,0.90,,0.50,1.00,
15-09-2011,12,,,,,,1.10,,,0.30,0.50,,,,0.90,,,1.30,,,1.60,1.10,0.80,0.70,,0.30,,0.7,0.9,,0.60,,,1.20,1.30,0.9,,0.80,,0.60,0.70,
15-09-2011,13,,,,,,1.20,,,0.20,0.40,,,,1.20,,,1.10,,,1.10,0.70,0.80,0.70,,0.20,,0.6,0.8,,0.40,,,1.20,1.20,0.9,,0.80,,0.70,0.50,
15-09-2011,14,,,,,,0.80,,,0.20,0.30,,,,1.40,,,1.00,,,0.90,0.60,0.60,0.80,,0.10,,0.5,0.6,,0.30,,,1.20,0.60,0.8,,0.80,,0.40,0.30,
15-09-2011,15,,,,,,0.60,,,0.30,0.30,,,,1.30,,,1.00,,,0.70,0.40,0.50,0.80,,0.20,,0.3,0.6,,0.20,,,1.00,0.40,0.9,,0.60,,0.30,0.30,
15-09-2011,16,,,,,,0.90,,,0.20,0.30,,,,1.00,,,0.90,,,1.00,0.20,0.50,0.60,,0.20,,0.3,0.4,,0.30,,,0.90,0.20,0.7,,0.50,,0.40,0.30,
15-09-2011,17,,,,,,0.70,,,,0.50,,,,1.10,,,0.90,,,0.60,0.30,0.50,0.40,,0.20,,0.4,0.2,,0.20,,,0.50,0.30,0.6,,0.40,,0.40,0.20,
15-09-2011,18,,,,,,0.70,,,0.20,0.50,,,,0.80,,,1.10,,,0.60,0.60,0.50,0.40,,0.30,,0.4,0.2,,0.30,,,0.70,0.40,0.7,,0.50,,0.40,0.20,
15-09-2011,19,,,,,,0.70,,,0.30,0.50,,,,0.90,,,1.30,,,0.40,1.10,0.60,0.40,,0.40,,0.6,0.7,,0.40,,,0.50,0.50,0.6,,0.60,,0.50,0.40,
15-09-2011,20,,,,,,0.60,,,0.30,0.50,,,,0.80,,,1.20,,,0.40,0.70,0.70,0.60,,0.50,,0.6,0.8,,0.80,,,0.50,0.40,0.5,,0.60,,0.40,0.50,
15-09-2011,21,,,,,,0.60,,,0.30,0.50,,,,0.70,,,1.10,,,0.50,0.50,0.50,0.60,,0.30,,0.5,1.1,,0.40,,,0.40,0.50,0.7,,0.60,,0.40,0.60,
15-09-2011,22,,,,,,0.50,,,0.30,0.50,,,,0.70,,,0.60,,,0.80,0.60,0.60,0.30,,0.40,,0.6,1.0,,0.40,,,0.40,0.50,0.7,,0.70,,,0.40,
15-09-2011,23,,,,,,0.70,,,0.40,0.40,,,,0.90,,,0.90,,,1.00,0.70,0.70,0.40,,,,0.6,1.2,,0.70,,,0.40,0.60,0.6,,0.70,,,0.30,
15-09-2011,24,,,,,,0.70,,,0.40,0.40,,,,1.20,,,1.40,,,1.10,0.80,0.70,0.50,,0.20,,0.6,1.2,,0.70,,,0.50,0.60,0.7,,0.80,,,0.30,
16-09-2011,1,,,,,,0.80,,,0.60,0.40,,,,1.20,,,1.20,,,0.90,0.70,0.80,0.80,,0.40,,0.5,1.4,,0.90,,,0.50,0.30,0.6,,1.10,,,0.60,
16-09-2011,2,,,,,,0.60,,,0.60,0.60,,,,0.50,,,1.20,,,0.70,0.80,0.90,0.60,,0.30,,0.7,1.3,,0.80,,,0.40,0.30,0.5,,1.10,,,0.20,
16-09-2011,3,,,,,,0.50,,,0.50,0.40,,,,0.60,,,1.00,,,0.70,1.00,1.10,0.50,,0.40,,0.7,1.7,,0.90,,,0.40,0.20,0.5,,1.10,,,0.40,
16-09-2011,4,,,,,,0.50,,,0.50,0.40,,,,0.60,,,0.90,,,0.60,0.90,0.90,0.20,,0.30,,0.9,0.8,,0.40,,,0.30,0.20,0.5,,0.70,,,0.40,
16-09-2011,5,,,,,,0.40,,,0.50,0.30,,,,0.60,,,0.40,,,0.80,0.50,0.40,0.20,,0.30,,0.6,0.7,,0.40,,,0.30,0.20,0.5,,0.30,,,0.50,
16-09-2011,6,,,,,,0.40,,,0.50,0.40,,,,0.60,,,0.40,,,0.90,0.50,0.50,0.20,,0.40,,0.5,0.8,,0.40,,,0.40,0.30,0.6,,0.40,,,0.60,
16-09-2011,7,,,,,,0.60,,,0.60,0.70,,,,1.10,,,0.80,,,0.90,1.00,0.80,0.50,,0.40,,0.8,1.1,,0.50,,,0.40,0.40,0.5,,0.50,,,0.70,
16-09-2011,8,,,,,,0.60,,,0.80,0.90,,,,1.10,,,0.90,,,1.10,1.10,0.80,0.70,,0.40,,0.9,0.9,,0.80,,,0.60,0.60,0.6,,0.70,,,0.70,
16-09-2011,9,,,,,,0.60,,,0.50,1.00,,,,0.70,,,0.70,,,0.90,0.80,0.90,0.60,,0.30,,0.9,0.6,,0.60,,,0.60,0.60,1.0,,0.60,,,0.60,
16-09-2011,10,,,,,,0.70,,,0.30,0.50,,,,0.50,,,0.60,,,1.10,0.70,0.80,0.30,,0.20,,0.8,0.5,,0.60,,,0.70,0.70,0.8,,0.50,,,0.50,
16-09-2011,11,,,,,,0.80,,,0.30,0.40,,,,0.60,,,0.60,,,1.10,0.50,0.80,0.30,,0.10,,0.7,0.3,,0.40,,,0.70,0.60,0.7,,0.50,,,0.60,
16-09-2011,12,,,,,,0.60,,,0.20,0.30,,,,0.70,,,0.70,,,0.90,0.50,0.70,0.30,,0.10,,0.7,0.2,,0.30,,,0.40,0.60,0.6,,0.40,,0.30,0.60,
16-09-2011,13,,,,,,0.70,,,0.20,0.20,,,,0.70,,,0.80,,,0.80,0.50,0.60,0.20,,0.10,,0.5,0.2,,0.30,,,0.40,0.50,0.6,,0.50,,0.30,0.40,
16-09-2011,14,,,,,,0.70,,,0.30,0.30,,,,0.80,,,0.70,,,0.70,0.50,0.40,0.20,,0.10,,0.5,0.0,,0.20,,,0.50,0.50,0.5,,0.30,,0.20,0.30,
16-09-2011,15,,,,,,0.70,,,0.20,0.30,,,,0.80,,,0.60,,,0.50,0.30,0.30,0.20,,0.00,,0.4,0.0,,0.20,,,0.50,0.30,0.6,,0.20,,0.30,0.20,
16-09-2011,16,,,,,,0.50,,,0.20,0.30,,,,0.90,,,0.50,,,0.40,0.20,0.30,0.20,,0.10,,0.3,0.0,,0.20,,,0.50,0.30,0.3,,0.20,,0.20,0.10,
16-09-2011,17,,,,,,0.50,,,0.20,,,,,1.00,,,0.60,,,0.40,0.20,0.30,0.10,,0.20,,0.4,0.0,,0.20,,,0.30,0.30,0.3,,,,0.20,0.10,
16-09-2011,18,,,,,,0.50,,,0.20,0.30,,,,1.10,,,0.60,,,0.50,0.20,0.30,0.10,,0.20,,0.4,0.1,,0.30,,,0.30,0.40,0.5,,0.40,,0.20,0.20,
16-09-2011,19,,,,,,0.40,,,0.30,0.40,,,,0.70,,,0.70,,,0.30,0.30,0.50,0.20,,0.20,,0.4,0.2,,0.40,,,0.30,0.20,0.6,,0.60,,0.30,0.30,
16-09-2011,20,,,,,,0.50,,,0.20,0.50,,,,0.50,,,0.60,,,0.40,0.30,0.50,0.30,,0.20,,0.3,0.7,,0.50,,,0.40,0.30,0.5,,0.60,,0.30,0.30,
16-09-2011,21,,,,,,0.50,,,0.40,,,,,0.50,,,0.70,,,0.50,0.30,0.50,0.30,,0.20,,0.4,0.5,,0.30,,,0.30,0.30,0.8,,0.70,,0.30,0.40,
16-09-2011,22,,,,,,0.50,,,0.20,0.50,,,,0.40,,,0.70,,,0.60,0.50,0.30,0.30,,0.40,,0.6,0.6,,0.30,,,0.40,0.40,0.9,,0.40,,0.30,0.30,
16-09-2011,23,,,,,,0.40,,,0.20,0.50,,,,0.50,,,0.50,,,0.70,0.40,0.40,0.30,,0.20,,0.5,0.5,,0.50,,,0.30,0.30,0.7,,0.50,,0.20,0.40,
16-09-2011,24,,,,,,0.60,,,0.30,0.50,,,,0.60,,,0.50,,,0.50,0.40,0.50,0.40,,0.10,,0.5,0.9,,0.50,,,0.40,0.30,0.7,,0.60,,0.30,0.20,
17-09-2011,1,,,,,,0.50,,,0.20,0.40,,,,0.60,,,0.50,,,0.50,0.50,0.50,0.50,,0.00,,1.0,0.8,,0.60,,,0.30,0.30,0.6,,0.50,,0.30,0.20,
17-09-2011,2,,,,,,0.40,,,0.30,0.20,,,,0.60,,,0.60,,,0.50,0.40,0.40,0.40,,0.00,,0.7,0.9,,0.50,,,0.20,0.30,0.6,,0.50,,0.20,0.30,
17-09-2011,3,,,,,,0.40,,,0.40,0.20,,,,0.50,,,0.50,,,0.70,0.30,0.30,0.50,,0.20,,0.4,1.0,,0.50,,,0.20,0.20,0.6,,0.60,,0.20,0.30,
17-09-2011,4,,,,,,0.40,,,0.30,0.20,,,,0.60,,,0.40,,,0.50,0.30,0.30,0.40,,0.00,,0.4,0.8,,0.60,,,0.20,0.20,0.6,,0.50,,0.20,0.40,
17-09-2011,5,,,,,,0.50,,,0.40,0.20,,,,0.80,,,0.40,,,0.80,0.50,0.40,0.60,,0.10,,0.4,0.7,,0.60,,,0.20,0.30,0.5,,0.70,,0.20,0.60,
17-09-2011,6,,,,,,0.60,,,0.30,0.60,,,,0.90,,,0.70,,,0.80,1.10,0.70,0.40,,0.20,,0.5,0.8,,0.90,,,0.50,0.40,0.5,,0.80,,0.30,1.00,
17-09-2011,7,,,,,,1.00,,,0.70,1.00,,,,1.40,,,1.00,,,1.20,1.20,0.80,0.70,,0.60,,0.8,0.8,,1.20,,,0.90,0.60,0.4,,1.00,,0.40,1.50,
17-09-2011,8,,,,,,1.10,,,0.70,1.20,,,,2.30,,,1.00,,,1.40,1.40,0.90,0.40,,0.60,,1.4,1.4,,1.10,,,1.60,0.90,0.6,,1.50,,0.80,1.40,
17-09-2011,9,,,,,,1.20,,,0.70,0.80,,,,1.30,,,1.10,,,1.80,1.10,0.80,0.30,,0.60,,0.8,1.1,,0.90,,,1.50,0.80,,,1.20,,0.60,0.90,
17-09-2011,10,,,,,,0.80,,,0.30,0.90,,,,1.10,,,1.20,,,1.00,0.80,0.60,0.40,,0.30,,0.7,0.6,,0.60,,,0.90,0.50,0.8,,1.00,,0.30,0.60,
17-09-2011,11,,,,,,0.80,,,0.30,0.70,,,,0.80,,,1.10,,,1.10,0.80,0.50,0.40,,0.20,,0.7,0.6,,0.90,,,0.70,0.40,0.7,,0.80,,0.20,0.30,
17-09-2011,12,,,,,,0.60,,,0.20,0.40,,,,0.80,,,1.00,,,0.90,0.80,0.50,0.40,,0.10,,0.5,0.7,,0.60,,,0.50,0.30,0.7,,0.70,,0.20,0.30,
17-09-2011,13,,,,,,0.50,,,0.20,0.30,,,,0.80,,,0.80,,,0.70,0.40,0.30,0.50,,0.10,,0.3,0.6,,0.60,,,0.40,0.20,0.8,,0.50,,0.30,0.20,
17-09-2011,14,,,,,,0.40,,,0.10,0.30,,,,0.80,,,0.60,,,0.70,0.30,0.30,0.40,,0.10,,0.3,0.4,,0.50,,,0.40,0.20,0.8,,0.30,,0.20,0.10,
17-09-2011,15,,,,,,0.40,,,0.10,0.20,,,,0.80,,,0.60,,,0.80,0.30,0.30,0.30,,0.00,,0.3,0.2,,0.30,,,0.30,0.20,0.5,,0.30,,0.20,0.10,
17-09-2011,16,,,,,,0.40,,,0.10,0.40,,,,0.70,,,0.60,,,1.10,0.20,0.30,0.20,,0.00,,0.3,0.1,,0.30,,,0.40,0.20,0.5,,0.30,,0.20,0.10,
17-09-2011,17,,,,,,0.40,,,0.10,0.40,,,,0.70,,,0.60,,,0.80,0.30,0.40,0.20,,0.20,,0.2,0.3,,0.30,,,0.20,0.20,0.4,,0.30,,0.20,0.00,
17-09-2011,18,,,,,,0.40,,,0.10,0.50,,,,0.70,,,0.70,,,0.40,0.40,0.50,0.20,,0.10,,0.2,0.3,,0.30,,,0.30,0.20,0.4,,0.30,,0.20,0.10,
17-09-2011,19,,,,,,0.50,,,0.30,0.40,,,,0.90,,,0.70,,,0.40,0.30,0.50,0.30,,0.20,,0.3,0.4,,0.50,,,0.20,0.30,0.5,,0.40,,0.30,0.20,
17-09-2011,20,,,,,,0.50,,,0.40,0.40,,,,0.80,,,1.00,,,0.30,0.50,0.70,0.40,,0.40,,0.4,0.6,,0.60,,,0.30,0.40,0.8,,0.60,,0.40,0.30,
17-09-2011,21,,,,,,0.50,,,0.40,0.30,,,,0.70,,,0.90,,,0.90,0.30,0.70,0.30,,0.40,,0.5,0.6,,0.70,,,0.20,0.40,0.7,,0.60,,0.40,0.20,
17-09-2011,22,,,,,,0.40,,,0.30,0.40,,,,0.50,,,0.80,,,0.50,0.50,0.80,0.30,,0.30,,0.4,0.5,,0.80,,,0.40,0.40,0.7,,0.70,,0.40,0.20,
17-09-2011,23,,,,,,0.40,,,0.20,0.50,,,,0.40,,,0.50,,,0.50,0.50,0.60,0.20,,0.20,,0.5,0.5,,0.70,,,0.40,0.40,0.6,,0.70,,0.40,0.10,
17-09-2011,24,,,,,,0.40,,,0.30,0.70,,,,0.40,,,0.50,,,0.50,0.30,0.50,0.20,,0.10,,0.4,0.3,,0.50,,,0.30,0.40,0.6,,0.60,,0.20,0.40,
18-09-2011,1,,,,,,0.50,,,0.40,0.60,,,,0.60,,,0.50,,,0.40,0.40,0.50,0.20,,0.00,,0.4,0.2,,0.40,,,0.30,0.30,0.6,,0.50,,0.20,0.30,
18-09-2011,2,,,,,,0.40,,,0.30,0.70,,,,0.70,,,0.50,,,0.40,0.30,0.40,0.30,,0.00,,0.6,0.2,,0.30,,,0.30,0.30,0.5,,0.60,,0.20,0.50,
18-09-2011,3,,,,,,0.50,,,0.40,0.80,,,,0.70,,,0.50,,,0.20,0.30,0.40,0.30,,0.00,,0.6,0.3,,0.40,,,0.30,0.30,0.4,,0.60,,0.10,0.40,
18-09-2011,4,,,,,,0.40,,,0.50,0.90,,,,0.60,,,0.50,,,0.30,0.30,0.30,0.20,,0.00,,0.5,0.2,,0.40,,,0.30,0.20,0.4,,0.60,,0.10,0.30,
18-09-2011,5,,,,,,0.40,,,0.40,0.90,,,,0.50,,,0.50,,,0.30,0.30,0.40,0.20,,0.00,,0.7,0.2,,0.40,,,0.20,0.10,0.4,,0.60,,0.20,0.40,
18-09-2011,6,,,,,,0.40,,,0.30,0.90,,,,0.70,,,0.50,,,0.70,0.50,0.40,0.30,,0.10,,0.7,0.3,,0.70,,,0.20,0.30,0.5,,0.70,,0.30,0.60,
18-09-2011,7,,,,,,0.50,,,0.40,1.30,,,,1.00,,,0.90,,,0.90,0.70,0.60,0.50,,0.30,,0.5,0.5,,0.70,,,0.30,0.50,0.5,,0.90,,0.50,1.20,
18-09-2011,8,,,,,,0.60,,,0.60,0.80,,,,1.10,,,0.80,,,0.80,0.80,0.70,0.60,,0.50,,1.4,0.6,,0.70,,,0.60,0.70,0.8,,1.10,,0.80,0.90,
18-09-2011,9,,,,,,0.60,,,0.30,0.70,,,,0.60,,,0.70,,,1.40,0.80,0.60,0.30,,0.50,,0.9,0.6,,0.60,,,0.60,0.40,0.6,,1.10,,0.70,0.60,
18-09-2011,10,,,,,,0.60,,,0.20,0.60,,,,0.70,,,0.80,,,1.00,0.60,0.60,0.20,,0.20,,0.6,0.5,,0.90,,,0.50,0.30,0.5,,1.10,,0.30,0.40,
18-09-2011,11,,,,,,0.60,,,0.20,0.40,,,,0.80,,,0.80,,,0.80,0.50,0.40,0.30,,0.10,,0.4,0.5,,0.80,,,0.30,0.30,0.4,,0.60,,0.20,0.20,
18-09-2011,12,,,,,,0.50,,,0.20,0.30,,,,0.70,,,0.70,,,0.50,0.40,0.30,0.30,,0.10,,0.3,0.6,,0.40,,,0.30,0.20,0.4,,0.40,,0.20,0.20,
18-09-2011,13,,,,,,0.40,,,0.10,0.20,,,,0.70,,,0.60,,,0.40,0.20,0.40,0.30,,0.10,,0.2,0.4,,0.30,,,0.30,0.20,0.5,,0.30,,0.20,0.00,
18-09-2011,14,,,,,,0.30,,,0.10,0.20,,,,0.70,,,0.60,,,0.50,0.20,0.30,0.30,,0.00,,0.2,0.3,,0.30,,,0.30,0.20,0.6,,0.30,,0.20,0.00,
18-09-2011,15,,,,,,0.40,,,0.10,0.20,,,,0.60,,,0.50,,,0.50,0.20,0.30,0.20,,0.00,,0.2,0.2,,0.30,,,0.30,0.20,0.5,,0.30,,0.20,0.00,
18-09-2011,16,,,,,,0.40,,,0.10,0.10,,,,0.70,,,0.50,,,0.50,0.20,0.20,0.20,,0.00,,0.2,0.1,,0.30,,,0.20,0.10,0.3,,0.20,,0.20,0.00,
18-09-2011,17,,,,,,0.40,,,0.10,0.20,,,,,,,0.50,,,0.40,0.20,0.30,0.20,,0.00,,0.2,0.1,,0.30,,,0.20,0.10,0.3,,0.20,,0.20,0.00,
18-09-2011,18,,,,,,0.40,,,0.10,0.40,,,,0.60,,,0.50,,,0.30,0.30,0.40,0.20,,0.00,,0.2,0.2,,0.30,,,0.20,0.30,0.3,,0.30,,0.20,0.10,
18-09-2011,19,,,,,,0.40,,,0.20,0.50,,,,0.60,,,0.50,,,0.40,0.40,0.50,0.20,,0.20,,0.3,0.3,,0.50,,,0.30,0.30,0.4,,0.50,,0.30,0.10,
18-09-2011,20,,,,,,0.50,,,0.20,0.60,,,,0.50,,,0.60,,,0.40,0.40,0.60,0.20,,0.30,,0.4,0.5,,0.60,,,0.30,0.40,0.4,,0.50,,0.30,0.10,
18-09-2011,21,,,,,,0.40,,,0.20,0.40,,,,0.60,,,0.70,,,0.50,0.20,0.60,0.30,,0.30,,0.3,0.5,,0.60,,,0.40,0.60,0.4,,0.50,,0.30,0.10,
18-09-2011,22,,,,,,0.40,,,0.20,0.50,,,,0.50,,,0.60,,,0.40,0.30,0.50,0.30,,0.20,,0.3,0.5,,0.60,,,0.30,0.60,0.5,,0.50,,0.30,0.00,
18-09-2011,23,,,,,,0.40,,,0.20,0.40,,,,0.40,,,0.40,,,0.30,0.20,0.40,0.20,,0.10,,0.2,0.2,,0.40,,,0.20,0.30,0.4,,0.40,,0.30,0.00,
18-09-2011,24,,,,,,0.30,,,0.20,0.40,,,,0.40,,,0.40,,,0.30,0.20,0.30,0.10,,0.00,,0.2,0.1,,0.40,,,0.20,0.20,0.4,,0.50,,0.20,0.00,
19-09-2011,1,,,,,,0.30,,,0.20,0.40,,,,0.40,,,0.40,,,0.20,0.20,0.30,0.10,,0.00,,0.2,0.1,,0.30,,,0.10,0.20,0.3,,0.40,,0.10,0.00,
19-09-2011,2,,,,,,0.30,,,0.20,0.40,,,,0.40,,,0.30,,,0.20,0.10,0.30,0.10,,0.00,,0.3,0.0,,0.30,,,0.10,0.20,0.3,,0.40,,0.20,0.00,
19-09-2011,3,,,,,,0.30,,,0.30,0.40,,,,0.40,,,0.30,,,0.20,0.10,0.30,0.10,,0.00,,0.3,0.0,,0.30,,,0.00,0.10,0.3,,0.40,,0.30,0.00,
19-09-2011,4,,,,,,0.30,,,0.40,0.50,,,,0.50,,,0.40,,,0.20,0.20,0.30,0.10,,0.10,,0.4,0.0,,0.30,,,0.00,0.20,0.2,,0.40,,0.20,0.10,
19-09-2011,5,,,,,,0.40,,,0.40,0.70,,,,0.80,,,0.50,,,0.60,0.30,0.50,0.40,,0.30,,1.1,0.2,,0.40,,,0.20,0.30,0.5,,0.60,,0.30,0.80,
19-09-2011,6,,,,,,0.80,,,0.40,0.90,,,,1.30,,,1.10,,,1.00,0.70,0.70,0.40,,0.70,,1.2,0.6,,0.50,,,0.50,0.50,0.7,,0.90,,0.30,0.40,
19-09-2011,7,,,,,,1.00,,,1.00,1.70,,,,0.90,,,1.00,,,1.40,1.30,0.80,0.50,,0.90,,1.1,0.8,,0.90,,,0.90,0.90,0.8,,1.80,,0.60,1.00,
19-09-2011,8,,,,,,1.30,,,1.20,1.90,,,,0.80,,,1.20,,,1.90,1.50,,0.40,,1.10,,1.7,0.9,,1.20,,,1.00,0.70,0.9,,1.90,,0.80,0.60,
19-09-2011,9,,,,,,0.70,,,0.60,1.20,,,,0.80,,,1.00,,,1.10,1.10,1.10,0.30,,0.90,,1.0,0.8,,1.30,,,0.50,0.80,0.7,,2.00,,0.50,0.50,
19-09-2011,10,,,,,,0.60,,,0.40,0.90,,,,0.80,,,,,,0.70,0.90,0.90,0.30,,0.60,,0.9,0.5,,0.80,,,0.60,0.60,0.6,,1.50,,0.30,1.10,
19-09-2011,11,,,,,,0.80,,,0.30,0.80,,,,,,,,,,0.90,1.00,0.60,0.40,,0.50,,0.8,0.6,,0.80,,,0.60,0.40,0.5,,1.40,,0.30,0.90,
19-09-2011,12,,,,,,0.80,,,0.20,0.80,,,,,,,,,,1.00,0.90,0.60,0.60,,0.20,,0.8,0.7,,1.00,,,0.60,0.60,0.5,,1.30,,0.30,0.90,
19-09-2011,13,,,,,,0.80,,,0.20,0.80,,,,,,,1.00,,,1.10,0.60,0.40,0.60,,0.20,,0.6,0.9,,1.00,,,0.70,0.30,0.8,,1.00,,0.30,0.30,
19-09-2011,14,,,,,,0.80,,,0.20,0.70,,,,,,,0.90,,,0.70,0.40,0.40,0.70,,0.10,,0.3,0.8,,0.60,,,0.70,0.20,0.8,,0.50,,0.20,,
19-09-2011,15,,,,,,0.50,,,0.20,0.50,,,,,,,0.60,,,0.30,0.30,0.30,0.60,,0.00,,0.3,0.5,,0.40,,,0.50,0.10,0.6,,0.40,,0.20,0.10,
19-09-2011,16,,,,,,0.50,,,0.20,0.60,,,,,,,0.50,,,0.60,0.30,0.30,0.50,,0.10,,0.3,0.4,,0.40,,,0.40,0.10,0.6,,0.30,,0.20,0.10,
19-09-2011,17,,,,,,0.50,,,0.20,0.50,,,,0.90,,,0.60,,,0.60,0.50,0.50,0.40,,0.10,,0.3,0.5,,0.40,,,0.30,0.20,0.5,,0.50,,0.20,0.10,
19-09-2011,18,,,,,,0.50,,,0.20,0.50,,,,1.00,,,0.60,,,0.60,0.50,0.50,0.40,,0.10,,0.3,,,0.50,,,0.30,0.20,0.4,,0.60,,0.30,0.20,
19-09-2011,19,,,,,,0.60,,,0.30,0.80,,,,1.00,,,0.80,,,0.30,0.40,0.50,0.40,,0.10,,0.3,0.3,,0.50,,,0.30,0.30,0.6,,0.50,,0.30,0.30,
19-09-2011,20,,,,,,0.60,,,0.20,0.70,,,,1.10,,,0.70,,,0.40,0.40,0.50,0.30,,0.20,,0.4,0.3,,0.70,,,0.30,0.30,0.5,,0.50,,0.30,0.20,
19-09-2011,21,,,,,,0.60,,,0.20,0.50,,,,0.90,,,0.60,,,0.50,0.40,0.50,0.30,,0.20,,0.4,0.4,,0.90,,,0.30,0.30,0.6,,0.50,,0.20,0.10,
19-09-2011,22,,,,,,0.40,,,0.40,0.70,,,,0.90,,,0.60,,,0.50,0.30,0.40,0.30,,0.20,,0.3,0.4,,0.50,,,0.20,0.20,0.6,,0.50,,0.20,0.00,
19-09-2011,23,,,,,,0.30,,,0.40,0.40,,,,0.80,,,0.50,,,0.30,0.30,0.40,0.20,,0.00,,0.3,0.2,,0.40,,,0.20,0.20,0.4,,0.50,,0.10,0.00,
19-09-2011,24,,,,,,0.30,,,0.20,0.30,,,,0.70,,,0.30,,,0.20,0.10,0.30,0.10,,0.00,,0.2,0.0,,0.40,,,0.10,0.20,0.3,,0.40,,0.20,0.00,
20-09-2011,1,,,,,,0.30,,,0.20,0.20,,,,0.70,,,0.30,,,0.20,0.10,0.20,0.10,,0.00,,0.2,0.0,,0.30,,,0.10,0.20,0.2,,0.30,,0.10,0.00,
20-09-2011,2,,,,,,0.20,,,0.10,0.10,,,,0.70,,,0.30,,,0.20,0.10,0.20,0.10,,0.00,,0.2,0.0,,0.30,,,0.10,0.20,0.2,,0.30,,0.10,0.00,
20-09-2011,3,,,,,,0.30,,,0.10,0.10,,,,0.70,,,0.30,,,0.20,0.10,0.20,0.10,,0.00,,0.2,0.0,,0.20,,,0.10,0.10,0.2,,0.30,,0.10,0.00,
20-09-2011,4,,,,,,0.30,,,0.10,0.10,,,,0.70,,,0.30,,,0.20,0.10,0.20,0.10,,0.00,,0.2,0.0,,0.20,,,0.10,0.10,0.3,,0.30,,0.10,0.00,
20-09-2011,5,,,,,,0.30,,,0.10,0.30,,,,0.70,,,0.30,,,0.50,0.40,0.40,0.10,,0.10,,0.2,0.1,,0.30,,,0.20,0.30,0.3,,0.40,,0.20,0.10,
20-09-2011,6,,,,,,0.60,,,0.20,0.40,,,,1.30,,,0.60,,,0.50,0.60,0.70,0.30,,0.40,,0.5,0.5,,0.50,,,0.70,0.60,0.8,,0.80,,0.50,0.70,
20-09-2011,7,,,,,,1.20,,,0.30,2.30,,,,2.10,,,1.30,,,1.10,1.10,1.30,0.50,,0.80,,1.0,0.9,,0.90,,,1.20,0.80,0.7,,1.40,,0.90,0.90,
20-09-2011,8,,,,,,1.50,,,0.40,1.50,,,,1.40,,,1.30,,,0.70,1.50,1.30,0.60,,1.00,,0.8,1.3,,1.40,,,1.00,1.20,0.9,,1.30,,0.70,1.50,
20-09-2011,9,,,,,,1.00,,,0.30,0.90,,,,1.30,,,1.00,,,0.90,0.80,0.70,0.40,,0.60,,1.0,1.1,,1.20,,,0.70,1.00,0.8,,1.20,,0.40,1.00,
20-09-2011,10,,,,,,0.80,,,0.20,,,,,1.20,,,0.90,,,0.70,,0.70,0.40,,0.30,,0.7,0.9,,1.30,,,0.80,0.50,0.6,,1.00,,0.20,0.20,
20-09-2011,11,,,,,,0.70,,,0.30,0.40,,,,1.10,,,1.00,,,0.80,,0.40,0.50,,0.20,,0.4,0.7,,1.00,,,0.50,0.20,0.5,,0.80,,0.20,0.40,
20-09-2011,12,,,,,,0.60,,,0.20,0.40,,,,1.10,,,0.70,,,0.30,,0.40,0.60,,0.10,,0.3,0.6,,0.70,,,0.40,0.20,0.7,,0.50,,0.20,0.30,
20-09-2011,13,,,,,,0.60,,,0.20,0.50,,,,1.00,,,0.60,,,0.50,0.30,0.30,0.70,,0.10,,0.3,0.2,,0.40,,,0.40,0.20,0.9,,0.40,,0.20,0.20,
20-09-2011,14,,,,,,0.60,,,0.20,0.50,,,,1.00,,,0.60,,,0.90,0.20,0.30,0.50,,0.00,,0.2,0.1,,0.40,,,0.40,0.20,0.7,,0.40,,0.10,0.10,
20-09-2011,15,,,,,,0.50,,,0.20,0.50,,,,0.90,,,0.60,,,0.50,0.40,0.40,0.50,,0.10,,0.2,0.1,,0.30,,,0.40,0.20,0.7,,0.40,,0.20,0.20,
20-09-2011,16,,,,,,0.50,,,0.10,0.60,,,,0.90,,,0.70,,,0.50,0.40,0.40,0.30,,0.00,,0.3,0.2,,0.30,,,0.30,0.20,0.5,,0.40,,0.20,0.20,
20-09-2011,17,,,,,,0.50,,,0.20,0.70,,,,0.90,,,0.90,,,0.30,0.30,0.40,0.30,,0.10,,0.3,0.3,,0.40,,,0.40,0.20,0.8,,0.40,,0.20,0.20,
20-09-2011,18,,,,,,0.60,,,0.20,0.70,,,,0.90,,,0.80,,,0.40,0.40,0.50,0.30,,0.10,,0.3,0.8,,0.50,,,0.40,0.20,0.7,,0.50,,0.30,0.20,
20-09-2011,19,,,,,,0.60,,,0.30,0.60,,,,0.90,,,0.80,,,0.20,0.40,0.60,0.30,,0.10,,0.4,0.8,,0.60,,,0.40,0.20,0.6,,0.60,,0.30,0.10,
20-09-2011,20,,,,,,0.60,,,0.20,0.40,,,,0.90,,,0.60,,,0.30,0.30,,0.30,,0.10,,0.4,0.3,,0.50,,,0.30,0.20,0.6,,0.60,,0.20,0.20,
20-09-2011,21,,,,,,0.50,,,0.20,,,,,0.80,,,0.60,,,0.30,0.30,0.50,0.30,,0.10,,0.4,0.3,,0.40,,,0.20,0.20,0.7,,0.50,,0.30,0.10,
20-09-2011,22,,,,,,0.40,,,0.20,,,,,0.90,,,0.50,,,0.30,0.30,0.50,0.30,,0.10,,0.3,0.7,,0.40,,,0.20,0.20,0.7,,0.40,,0.20,0.00,
20-09-2011,23,,,,,,0.30,,,0.20,0.20,,,,0.60,,,0.50,,,0.30,0.20,0.40,0.20,,0.00,,0.2,0.7,,0.40,,,0.10,0.10,0.6,,0.40,,0.10,0.00,
20-09-2011,24,,,,,,0.30,,,0.20,0.30,,,,0.40,,,0.40,,,0.20,0.10,0.30,0.20,,0.00,,0.3,0.1,,0.30,,,0.10,0.10,0.6,,0.40,,0.10,0.00,
21-09-2011,1,,,,,,0.30,,,0.20,0.30,,,,0.40,,,0.40,,,0.20,0.10,0.30,0.20,,0.00,,0.2,0.0,,0.30,,,0.10,0.10,0.6,,0.40,,0.10,0.10,
21-09-2011,2,,,,,,0.30,,,0.20,0.40,,,,0.50,,,0.40,,,,0.10,0.20,0.20,,0.00,,0.3,0.5,,0.20,,,0.10,0.10,0.5,,0.40,,0.10,0.00,
21-09-2011,3,,,,,,0.30,,,0.30,0.30,,,,0.40,,,0.30,,,0.20,0.10,0.20,0.40,,0.00,,0.2,0.7,,0.30,,,0.10,0.10,0.5,,0.30,,0.10,0.00,
21-09-2011,4,,,,,,0.30,,,0.30,0.30,,,,0.40,,,0.40,,,0.10,0.20,0.30,0.20,,0.00,,0.3,0.6,,0.20,,,0.20,0.20,0.5,,0.30,,0.10,0.00,
21-09-2011,5,,,,,,0.30,,,0.30,0.40,,,,0.40,,,0.60,,,0.20,0.20,0.40,0.20,,0.20,,0.3,0.7,,0.30,,,0.30,0.20,0.7,,0.40,,0.10,0.30,
21-09-2011,6,,,,,,0.60,,,0.20,0.50,,,,0.60,,,0.70,,,1.20,0.50,0.70,0.30,,0.70,,0.5,0.6,,0.60,,,0.50,0.30,0.8,,0.60,,0.30,0.50,
21-09-2011,7,,,,,,1.10,,,0.30,1.10,,,,1.20,,,1.00,,,1.30,1.10,1.30,0.40,,0.80,,0.7,1.0,,0.60,,,0.80,0.60,0.9,,1.30,,0.50,0.70,
21-09-2011,8,,,,,,1.00,,,0.50,1.00,,,,1.00,,,1.40,,,1.60,1.10,1.40,0.50,,1.00,,0.9,0.9,,0.90,,,1.30,0.90,1.4,,1.50,,0.60,1.20,
21-09-2011,9,,,,,,1.10,,,0.40,0.90,,,,0.80,,,1.10,,,0.90,1.00,1.10,0.40,,0.70,,1.0,0.8,,1.50,,,1.00,0.70,1.0,,1.20,,0.30,0.50,
21-09-2011,10,,,,,,1.00,,,0.30,0.80,,,,0.70,,,1.10,,,0.40,0.80,0.70,0.30,,0.30,,0.8,0.7,,0.90,,,0.70,0.40,0.9,,1.10,,0.20,0.30,
21-09-2011,11,,,,,,0.70,,,0.20,0.40,,,,0.70,,,1.00,,,0.30,0.80,0.60,0.30,,0.10,,0.6,0.7,,0.70,,,0.40,0.30,0.8,,1.00,,,0.30,
21-09-2011,12,,,,,,0.50,,,0.20,0.50,,,,0.80,,,0.90,,,0.40,0.50,0.40,0.50,,0.10,,0.3,0.7,,0.90,,,0.50,0.20,0.8,,0.60,,0.20,0.20,
21-09-2011,13,,,,,,0.60,,,0.20,0.50,,,,0.90,,,,,,0.50,0.40,0.40,0.60,,0.10,,0.3,0.6,,0.80,,,0.50,0.10,0.9,,0.40,,0.20,0.10,
21-09-2011,14,,,,,,0.50,,,0.20,,,,,0.80,,,0.70,,,0.50,0.50,0.40,0.50,,0.00,,0.2,0.2,,0.60,,,0.40,0.10,0.9,,0.50,,0.20,0.10,
21-09-2011,15,,,,,,0.50,,,0.20,0.40,,,,0.70,,,0.70,,,0.50,0.50,0.40,0.30,,0.10,,0.3,0.2,,0.40,,,0.40,0.10,0.7,,0.40,,0.20,0.10,
21-09-2011,16,,,,,,0.50,,,0.20,0.60,,,,0.70,,,0.60,,,0.60,0.50,0.50,0.30,,0.10,,0.2,0.2,,,,,0.30,0.10,0.6,,0.40,,0.30,0.10,
21-09-2011,17,,,,,,0.50,,,0.20,0.80,,,,0.70,,,0.70,,,0.30,0.60,,0.20,,0.00,,0.2,0.3,,0.50,,,0.20,0.10,0.6,,0.50,,0.20,0.10,
21-09-2011,18,,,,,,0.60,,,0.20,0.70,,,,0.80,,,0.80,,,0.30,0.50,0.60,0.30,,0.10,,0.3,1.0,,0.60,,,0.40,0.10,0.5,,0.60,,0.30,0.00,
21-09-2011,19,,,,,,0.60,,,0.40,0.40,,,,0.70,,,0.70,,,0.30,0.60,0.70,0.30,,0.10,,0.3,0.8,,0.60,,,0.30,0.20,0.6,,0.70,,0.30,0.00,
21-09-2011,20,,,,,,0.50,,,0.20,0.30,,,,0.60,,,0.60,,,0.30,0.50,0.70,0.30,,0.10,,0.3,0.4,,0.50,,,0.30,0.20,0.6,,0.60,,0.30,0.00,
21-09-2011,21,,,,,,0.40,,,0.20,0.40,,,,0.70,,,0.60,,,0.40,0.40,0.70,0.30,,0.10,,0.3,0.4,,0.50,,,0.20,0.20,0.5,,0.70,,0.30,0.00,
21-09-2011,22,,,,,,0.40,,,0.30,0.30,,,,0.60,,,0.60,,,0.40,0.40,0.60,0.20,,0.10,,0.4,0.3,,0.40,,,0.20,0.20,0.7,,0.70,,0.30,0.00,
21-09-2011,23,,,,,,0.40,,,0.30,0.30,,,,0.40,,,0.50,,,0.30,0.30,0.50,0.20,,0.00,,0.4,0.2,,0.50,,,0.10,0.20,0.6,,0.50,,0.30,0.10,
21-09-2011,24,,,,,,0.30,,,0.20,0.20,,,,0.30,,,0.40,,,0.30,0.20,0.30,0.10,,0.00,,0.3,0.1,,0.40,,,0.10,0.10,0.4,,0.40,,0.20,0.00,
22-09-2011,1,,,,,,0.30,,,0.20,0.20,,,,0.30,,,0.30,,,0.20,0.10,0.30,0.10,,0.00,,0.2,0.6,,0.30,,,0.10,0.10,0.3,,0.40,,0.20,0.00,
22-09-2011,2,,,,,,0.30,,,0.20,0.20,,,,0.30,,,0.30,,,0.10,0.10,0.20,0.10,,0.00,,0.2,0.6,,0.30,,,0.10,0.10,0.4,,0.30,,0.10,0.00,
22-09-2011,3,,,,,,0.30,,,0.20,0.10,,,,0.30,,,0.30,,,0.10,0.10,0.20,0.10,,0.00,,0.2,0.6,,0.20,,,0.10,0.10,0.4,,0.30,,0.20,0.00,
22-09-2011,4,,,,,,0.30,,,0.20,0.20,,,,0.20,,,0.30,,,0.20,0.20,0.30,0.10,,0.00,,0.2,0.6,,0.20,,,0.10,0.10,0.4,,0.30,,0.20,0.00,
22-09-2011,5,,,,,,0.30,,,0.20,0.20,,,,0.30,,,0.40,,,0.40,0.40,0.40,0.10,,0.20,,0.3,0.7,,0.30,,,0.10,0.20,0.6,,0.40,,0.20,0.10,
22-09-2011,6,,,,,,0.60,,,0.20,0.50,,,,0.50,,,0.70,,,0.60,0.70,0.90,0.30,,0.50,,0.6,0.6,,0.50,,,0.40,0.50,0.9,,0.90,,0.40,0.20,
22-09-2011,7,,,,,,0.80,,,0.30,0.80,,,,0.70,,,1.10,,,2.10,1.10,1.50,0.50,,0.60,,1.3,1.2,,1.00,,,0.70,0.90,0.7,,1.50,,0.60,0.90,
22-09-2011,8,,,,,,0.80,,,0.40,1.20,,,,0.80,,,1.00,,,1.00,1.10,1.30,0.40,,0.50,,1.0,1.1,,1.30,,,0.80,0.90,1.4,,1.60,,0.60,0.30,
22-09-2011,9,,,,,,0.70,,,0.30,0.60,,,,0.70,,,0.80,,,0.90,0.80,0.80,0.40,,0.30,,0.5,0.9,,1.00,,,,0.50,0.9,,1.10,,0.30,0.30,
22-09-2011,10,,,,,,0.60,,,0.30,0.70,,,,0.70,,,0.70,,,0.40,0.40,0.60,0.40,,0.30,,0.4,,,0.60,,,,0.20,0.6,,0.70,,0.30,0.40,
22-09-2011,11,,,,,,0.50,,,0.30,0.70,,,,0.70,,,0.70,,,0.30,0.40,0.40,0.40,,0.10,,0.4,,,0.60,,,,0.20,0.6,,0.60,,0.20,0.20,
22-09-2011,12,,,,,,0.50,,,0.20,,,,,0.60,,,0.70,,,0.50,0.30,,0.40,,0.00,,0.3,,,0.70,,,,0.30,0.5,,0.60,,0.20,0.20,
22-09-2011,13,,,,,,0.40,,,0.20,0.60,,,,0.50,,,0.60,,,0.60,0.40,0.40,,,0.00,,,0.6,,0.60,,,,0.40,0.7,,0.60,,0.30,0.20,
22-09-2011,14,,,,,,0.40,,,0.20,0.80,,,,0.60,,,0.70,,,0.90,0.40,0.50,0.50,,0.00,,,0.6,,0.50,,,0.50,0.30,0.9,,0.50,,0.20,,
22-09-2011,15,,,,,,0.50,,,0.40,1.20,,,,0.90,,,0.80,,0.40,0.50,0.40,0.50,0.50,,0.10,,,0.7,,0.40,,,0.70,0.40,0.9,,0.70,,0.20,0.30,
22-09-2011,16,,,,,,0.70,,,0.50,0.80,,,,0.90,,,1.00,,0.40,0.50,0.70,0.60,0.50,,0.20,,,0.6,,0.50,,,0.60,0.30,0.7,,0.80,,0.20,0.30,
22-09-2011,17,,,,,,0.70,,,0.50,0.70,,,,0.90,,,1.20,,0.40,0.40,0.50,0.80,0.50,,0.20,,,1.0,,0.40,,,0.60,0.20,0.8,,0.80,,0.30,0.20,
22-09-2011,18,,,,,,0.70,,,0.20,0.70,,,,1.00,,,1.20,,0.50,0.40,0.50,0.60,0.60,,0.20,,,1.2,,0.50,,,0.40,0.20,1.1,,0.80,,0.40,0.20,
22-09-2011,19,,,,,,0.70,,,0.30,0.40,,,,0.80,,,0.90,,0.50,0.40,0.40,0.80,0.50,,0.30,,,1.0,,0.40,,,0.40,0.30,1.0,,0.70,,0.40,0.20,
22-09-2011,20,,,,,,0.70,,,0.40,0.20,,,,0.70,,,0.80,,0.60,0.40,0.60,0.70,0.50,,0.30,,,0.7,,0.60,,,0.20,0.40,0.6,,0.70,,0.40,0.10,
22-09-2011,21,,,,,,0.60,,,0.30,0.30,,,,0.60,,,0.80,,0.50,0.30,0.40,0.50,0.30,,0.40,,,0.6,,0.70,,,0.20,0.40,0.7,,0.70,,0.30,0.10,
22-09-2011,22,,,,,,0.60,,,0.30,0.10,,,,0.60,,,0.80,,0.50,0.30,0.60,0.50,0.30,,0.30,,,0.6,,0.50,,,0.30,0.30,0.8,,0.80,,0.30,0.10,
22-09-2011,23,,,,,,0.50,,,0.20,0.10,,,,0.40,,,0.70,,0.30,0.30,0.40,0.50,0.30,,0.20,,,1.0,,0.20,,,0.20,0.20,0.7,,0.90,,0.20,0.30,
22-09-2011,24,,,,,,0.40,,,0.20,0.10,,,,0.30,,,0.50,,0.30,0.30,0.30,0.50,0.20,,0.10,,,0.9,,0.20,,,0.00,0.10,0.6,,0.80,,0.20,0.10,
23-09-2011,1,,,,,,0.40,,,0.20,0.10,,,,0.30,,,0.40,,0.30,0.20,0.20,0.40,0.20,,0.00,,,0.8,,0.30,,,0.00,0.10,0.5,,0.70,,0.10,0.00,
23-09-2011,2,,,,,,0.30,,,0.20,0.10,,,,0.30,,,0.40,,0.20,0.20,0.20,0.20,0.20,,0.00,,,0.9,,0.30,,,0.00,0.10,0.5,,0.40,,0.10,0.00,
23-09-2011,3,,,,,,0.30,,,0.20,0.10,,,,0.20,,,0.40,,0.20,0.10,0.20,0.20,0.10,,0.00,,,0.4,,0.30,,,0.00,0.10,0.5,,0.40,,0.10,0.00,
23-09-2011,4,,,,,,0.30,,,0.20,0.20,,,,0.30,,,0.30,,0.20,0.20,0.10,0.30,0.10,,0.00,,,0.2,,0.30,,,0.00,0.10,0.5,,0.30,,0.10,0.00,
23-09-2011,5,,,,,,0.40,,,0.20,0.40,,,,0.40,,,0.50,,0.40,0.30,0.20,0.40,0.20,,0.10,,,0.4,,0.40,,,0.10,0.10,0.5,,0.40,,0.20,0.00,
23-09-2011,6,,,,,,0.60,,,0.30,0.90,,,,0.70,,,0.90,,0.30,0.30,0.30,0.60,0.30,,0.20,,,1.0,,0.70,,,0.20,0.30,0.8,,0.60,,0.20,0.40,
23-09-2011,7,,,,,,0.80,,,0.20,1.50,,,,1.00,,,1.10,,0.60,0.50,0.40,0.80,0.40,,0.30,,,1.2,,0.80,,,0.50,0.40,0.8,,0.80,,0.50,0.50,
23-09-2011,8,,,,,,1.00,,,0.30,1.40,,,,1.10,,,1.20,,0.80,1.00,0.90,1.00,0.70,,0.30,,,1.2,,0.90,,,0.50,0.40,1.0,,1.00,,0.40,,
23-09-2011,9,,,,,,0.80,,,0.40,0.50,,,,0.90,,,1.00,,0.80,1.20,1.10,0.80,0.70,,0.30,,,1.5,,0.90,,,0.70,,1.1,,1.10,,0.30,0.10,
23-09-2011,10,,,,,,0.50,,,0.50,0.50,,,,0.60,,,0.80,,0.40,0.60,0.60,0.70,0.50,,,,,1.1,,0.70,,,0.60,,1.0,,0.80,,0.20,0.20,
23-09-2011,11,,,,,,0.60,,,0.50,0.70,,,,0.90,,,0.70,,0.30,0.50,0.60,0.70,0.50,,,,,0.8,,0.60,,,0.50,0.20,0.9,,0.70,,0.20,0.20,
23-09-2011,12,,,,,,0.60,,,0.30,0.70,,,,0.80,,,0.50,,0.30,0.50,0.60,0.50,0.50,,,,,0.9,,0.70,,,0.70,0.20,0.9,,0.70,,0.20,,
23-09-2011,13,,,,,,0.60,,,0.30,,,,,0.70,,,0.90,,0.30,0.80,0.50,0.40,0.50,,,,0.4,1.1,,0.60,,,1.40,0.20,0.9,,1.00,,0.40,0.20,
23-09-2011,14,,,,,,0.70,,,0.50,0.70,,,,0.90,,,1.40,,0.50,0.70,0.90,1.10,0.60,,,,0.7,1.5,,0.70,,,0.80,0.20,1.1,,1.30,,0.20,0.80,
23-09-2011,15,,,,,,1.00,,,0.60,0.80,,,,1.00,,,1.30,,1.00,0.90,1.50,1.30,0.60,,,,0.7,1.6,,0.70,,,0.80,0.50,0.9,,1.30,,0.50,0.90,
23-09-2011,16,,,,,,1.00,,,0.40,0.80,,,,1.20,,,1.40,,0.70,1.40,1.80,1.50,0.70,,,,0.8,1.5,,0.70,,,1.20,0.30,0.9,,1.50,,0.40,1.10,
23-09-2011,17,,,,,,1.00,,,0.30,0.90,,,,0.90,,,1.40,,0.50,1.30,1.70,0.90,0.70,,,,0.8,1.2,,,,,1.30,0.60,1.0,,1.80,,0.40,0.50,
23-09-2011,18,,,,,,0.90,,,0.40,1.30,,,,0.80,,,1.20,,0.60,1.20,1.30,1.10,0.80,,0.50,,0.9,1.8,,0.90,,,1.00,0.80,0.9,,1.90,,0.50,0.50,
23-09-2011,19,,,,,,1.20,,,0.50,1.50,,,,0.50,,,1.00,,0.70,1.90,1.10,1.10,1.30,,0.70,,0.7,1.9,,0.70,,,0.60,0.50,0.9,,1.40,,0.60,0.30,
23-09-2011,20,,,,,,1.00,,,0.70,1.40,,,,0.50,,,1.10,,0.60,1.40,1.10,1.30,1.50,,0.90,,0.8,2.0,,0.80,,,0.60,0.50,0.8,,2.00,,0.60,0.30,
23-09-2011,21,,,,,,0.90,,,0.70,1.40,,,,0.50,,,1.20,,0.60,1.00,1.10,1.30,1.60,,0.90,,0.9,2.2,,0.80,,,0.70,0.50,0.8,,2.00,,0.60,0.30,
23-09-2011,22,,,,,,0.70,,,0.70,1.40,,,,0.30,,,1.00,,0.60,0.60,0.70,1.20,1.10,,0.70,,0.8,2.1,,1.00,,,0.50,0.50,0.7,,1.60,,0.40,0.30,
23-09-2011,23,,,,,,0.50,,,0.60,1.40,,,,0.40,,,0.80,,0.40,0.60,0.30,0.70,0.50,,0.20,,0.4,1.6,,1.30,,,0.40,0.40,0.7,,0.90,,0.30,0.20,
23-09-2011,24,,,,,,0.50,,,0.30,1.20,,,,0.40,,,0.50,,0.30,0.30,0.30,0.50,0.40,,0.10,,0.3,1.1,,1.00,,,0.30,0.30,0.8,,0.60,,0.30,0.10,
24-09-2011,1,,,,,,0.40,,,0.30,0.60,,,,0.40,,,0.50,,0.30,0.30,0.40,0.40,0.30,,0.10,,0.3,1.1,,0.50,,,0.20,0.20,0.7,,,,0.20,0.10,
24-09-2011,2,,,,,,0.30,,,0.20,0.30,,,,0.30,,,0.50,,0.20,0.20,0.30,0.40,0.20,,0.00,,0.2,0.9,,0.50,,,0.20,0.20,0.6,,0.50,,0.20,0.00,
24-09-2011,3,,,,,,0.30,,,0.20,0.40,,,,0.30,,,0.40,,0.20,0.30,0.20,0.30,0.20,,0.00,,0.2,0.9,,0.30,,,0.10,0.10,0.5,,0.30,,0.20,0.00,
24-09-2011,4,,,,,,0.30,,,0.20,0.40,,,,0.30,,,0.40,,0.20,0.20,0.30,0.30,0.20,,0.00,,0.2,0.9,,0.30,,,0.10,0.10,0.6,,0.30,,0.20,0.00,
24-09-2011,5,,,,,,0.40,,,0.20,0.30,,,,0.30,,,0.40,,0.30,0.80,0.60,0.40,0.20,,0.10,,0.2,0.4,,0.30,,,0.10,0.20,0.6,,0.40,,0.30,0.10,
24-09-2011,6,,,,,,0.50,,,0.20,0.50,,,,0.50,,,0.70,,0.50,0.40,0.40,0.50,0.20,,0.30,,0.4,0.7,,0.60,,,0.20,0.30,0.6,,0.50,,0.30,0.30,
24-09-2011,7,,,,,,0.70,,,0.20,0.70,,,,0.60,,,1.30,,0.80,0.80,0.60,0.80,0.40,,0.60,,0.7,1.5,,0.70,,,0.60,0.50,0.9,,0.90,,0.50,0.60,
24-09-2011,8,,,,,,0.90,,,0.40,0.90,,,,0.70,,,1.60,,0.70,1.10,1.30,1.30,0.50,,0.70,,0.9,2.0,,1.00,,,0.90,0.60,1.0,,1.20,,0.60,0.60,
24-09-2011,9,,,,,,1.00,,,0.50,0.90,,,,0.50,,,1.10,,0.60,1.80,1.50,1.10,0.50,,0.60,,0.9,1.8,,1.00,,,1.00,0.60,1.3,,1.20,,0.50,0.60,
24-09-2011,10,,,,,,0.90,,,0.40,0.90,,,,0.70,,,1.10,,0.30,0.80,1.00,1.10,0.40,,0.50,,0.8,1.1,,1.10,,,0.80,0.50,1.1,,1.50,,0.30,0.50,
24-09-2011,11,,,,,,0.70,,,0.40,0.60,,,,0.70,,,1.20,,0.30,0.60,0.90,1.00,0.50,,0.30,,0.7,0.9,,,,,0.60,0.40,0.9,,1.10,,0.30,0.40,
24-09-2011,12,,,,,,0.80,,,0.30,0.60,,,,0.60,,,1.20,,0.40,0.80,0.70,0.50,0.40,,0.20,,0.5,0.8,,1.20,,,0.60,0.30,0.8,,1.20,,0.20,0.40,
24-09-2011,13,,,,,,0.70,,,0.20,0.50,,,,0.90,,,0.90,,0.40,0.40,0.40,0.50,0.60,,0.20,,0.4,1.0,,1.20,,,0.60,0.20,0.9,,0.80,,0.20,0.30,
24-09-2011,14,,,,,,0.60,,,0.20,0.50,,,,0.80,,,0.80,,0.30,0.50,0.50,0.40,0.60,,0.10,,0.4,0.9,,1.00,,,0.60,0.20,1.0,,0.50,,0.20,0.20,
24-09-2011,15,,,,,,0.60,,,0.20,0.40,,,,0.60,,,0.80,,0.30,0.60,0.40,0.40,0.50,,0.10,,0.3,0.6,,0.70,,,0.40,0.10,1.2,,0.50,,0.20,0.20,
24-09-2011,16,,,,,,0.50,,,0.10,0.30,,,,0.50,,,0.70,,0.30,0.40,0.30,0.40,0.50,,0.10,,0.3,0.6,,0.70,,,0.20,0.10,1.0,,0.40,,0.20,0.10,
24-09-2011,17,,,,,,0.50,,,0.10,0.30,,,,0.40,,,0.60,,0.40,0.90,0.40,0.30,0.40,,0.10,,0.3,0.6,,0.70,,,0.30,0.20,0.9,,0.40,,0.20,0.10,
24-09-2011,18,,,,,,0.60,,,0.20,0.50,,,,0.50,,,0.80,,0.60,1.30,0.60,0.50,0.50,,0.20,,0.3,0.8,,0.80,,,0.60,0.30,0.9,,0.50,,0.30,0.10,
24-09-2011,19,,,,,,0.70,,,0.30,0.80,,,,0.50,,,0.90,,0.50,0.50,0.60,0.70,0.60,,0.30,,0.4,1.3,,0.90,,,0.40,0.30,0.7,,0.60,,0.30,0.20,
24-09-2011,20,,,,,,0.70,,,0.30,1.10,,,,0.60,,,0.90,,0.30,0.40,0.40,0.70,0.70,,0.30,,0.4,1.7,,1.00,,,0.40,0.40,0.7,,0.50,,0.40,0.40,
24-09-2011,21,,,,,,0.70,,,0.30,0.70,,,,0.60,,,0.70,,0.60,0.80,0.40,0.70,0.60,,0.50,,0.4,1.1,,0.90,,,0.50,0.50,0.7,,0.60,,0.50,0.20,
24-09-2011,22,,,,,,0.60,,,0.30,0.70,,,,0.40,,,0.90,,0.50,0.90,0.60,0.80,0.50,,0.40,,0.5,1.1,,0.90,,,0.40,0.50,0.7,,0.70,,0.50,0.40,
24-09-2011,23,,,,,,0.50,,,0.30,0.80,,,,0.30,,,0.70,,0.50,0.80,0.50,0.70,0.50,,0.40,,0.6,0.9,,1.00,,,0.30,0.40,0.7,,0.70,,0.40,0.30,
24-09-2011,24,,,,,,0.60,,,0.30,0.70,,,,0.50,,,0.60,,0.50,0.80,0.50,0.60,0.50,,0.40,,0.5,0.8,,0.80,,,0.60,0.50,0.8,,0.80,,0.40,0.30,
25-09-2011,1,,,,,,0.70,,,0.30,0.80,,,,0.90,,,0.90,,0.50,0.80,0.60,0.70,0.60,,0.30,,0.6,0.9,,0.70,,,0.50,0.30,0.7,,0.90,,0.40,0.20,
25-09-2011,2,,,,,,0.60,,,0.50,0.90,,,,0.80,,,0.80,,0.40,0.60,0.50,0.70,0.60,,0.30,,0.6,1.4,,0.70,,,0.40,0.30,0.6,,0.90,,0.30,0.60,
25-09-2011,3,,,,,,0.60,,,0.50,0.70,,,,0.70,,,0.90,,0.50,0.50,0.50,0.60,0.60,,0.30,,0.8,1.7,,0.70,,,0.30,0.30,0.6,,0.90,,0.30,0.70,
25-09-2011,4,,,,,,0.60,,,0.50,0.70,,,,0.60,,,0.80,,0.50,0.70,0.50,0.50,0.40,,0.30,,0.6,1.6,,0.70,,,0.60,0.30,0.4,,0.70,,0.40,0.40,
25-09-2011,5,,,,,,0.70,,,0.40,0.80,,,,0.70,,,0.90,,0.60,0.90,0.50,0.50,0.40,,0.30,,0.6,1.5,,0.80,,,0.50,0.40,0.4,,0.70,,0.40,4.00,
25-09-2011,6,,,,,,0.80,,,0.40,1.10,,,,0.80,,,1.20,,0.60,1.00,0.90,0.60,0.50,,0.50,,1.1,1.6,,1.20,,,0.70,0.70,0.6,,0.80,,0.50,1.50,
25-09-2011,7,,,,,,1.10,,,0.70,1.50,,,,1.20,,,1.80,,0.70,1.40,1.10,0.90,0.70,,0.50,,0.8,1.7,,1.10,,,1.20,0.80,0.7,,1.20,,0.80,1.00,
25-09-2011,8,,,,,,1.20,,,1.20,1.70,,,,1.70,,,2.00,,1.10,1.90,1.60,0.90,0.70,,0.70,,1.1,2.7,,2.20,,,1.10,0.90,0.8,,1.30,,0.70,2.50,
25-09-2011,9,,,,,,0.80,,,0.60,1.50,,,,0.80,,,1.80,,0.50,,1.30,0.90,0.50,,0.60,,1.4,1.9,,1.60,,,1.30,0.70,1.2,,1.50,,0.60,,
25-09-2011,10,,,,,,0.80,,,0.30,1.40,,,,0.70,,,1.00,,0.40,,0.90,0.90,0.60,,0.30,,1.2,1.1,,0.90,,,1.00,0.40,0.9,,1.50,,0.40,,
25-09-2011,11,,,,,,0.60,,,0.20,1.00,,,,0.80,,,1.10,,0.30,1.10,0.80,0.60,0.50,,0.20,,0.6,1.1,,0.90,,,0.80,0.30,0.8,,1.20,,0.30,0.40,
25-09-2011,12,,,,,,0.70,,,0.20,0.60,,,,0.80,,,1.10,,0.30,1.00,0.80,0.40,0.50,,0.20,,0.4,0.7,,1.00,,,0.80,0.30,0.9,,0.80,,0.20,0.20,
25-09-2011,13,,,,,,0.70,,,0.20,0.40,,,,0.50,,,1.10,,0.30,1.10,0.70,0.40,0.30,,0.10,,0.4,0.6,,0.80,,,0.40,0.20,0.8,,0.70,,0.20,0.20,
25-09-2011,14,,,,,,0.50,,,0.20,0.30,,,,0.60,,,1.00,,0.30,0.70,0.70,0.40,0.40,,0.10,,0.5,0.7,,0.70,,,0.30,0.10,0.8,,0.60,,0.20,0.10,
25-09-2011,15,,,,,,0.50,,,0.20,0.30,,,,0.60,,,0.90,,0.30,0.60,0.50,0.40,0.30,,0.10,,0.4,0.7,,0.50,,,0.50,0.10,1.0,,0.60,,0.10,0.10,
25-09-2011,16,,,,,,0.40,,,0.20,0.30,,,,0.50,,,0.70,,0.30,0.60,0.50,0.50,0.30,,0.00,,0.3,0.5,,0.50,,,0.40,0.10,0.7,,0.50,,0.20,0.10,
25-09-2011,17,,,,,,0.50,,,0.20,0.40,,,,0.60,,,0.90,,0.40,0.70,0.20,0.40,0.30,,0.00,,0.3,0.6,,0.60,,,0.30,0.10,0.7,,0.40,,0.20,0.10,
25-09-2011,18,,,,,,0.50,,,0.20,0.50,,,,0.70,,,0.70,,0.40,0.60,0.40,0.50,0.30,,0.10,,0.3,0.6,,0.60,,,,0.10,0.7,,0.40,,0.20,0.10,
25-09-2011,19,,,,,,0.60,,,0.30,0.60,,,,0.90,,,0.80,,0.60,0.50,0.40,0.60,0.40,,0.30,,0.4,0.9,,0.70,,,0.40,0.20,0.8,,0.70,,0.30,0.10,
25-09-2011,20,,,,,,0.60,,,0.50,0.60,,,,1.20,,,0.90,,0.50,0.40,0.30,0.70,0.70,,0.40,,0.5,1.1,,0.80,,,0.30,0.40,0.7,,0.90,,0.60,0.40,
25-09-2011,21,,,,,,0.60,,,0.30,0.70,,,,0.90,,,1.00,,0.70,0.50,0.40,0.70,0.70,,0.40,,0.4,0.8,,0.90,,,0.50,0.50,0.9,,0.70,,0.50,0.40,
25-09-2011,22,,,,,,0.80,,,0.50,0.50,,,,0.80,,,0.70,,0.30,0.50,0.30,0.70,0.60,,0.40,,0.5,0.7,,1.20,,,0.50,0.40,0.8,,0.70,,0.50,0.40,
25-09-2011,23,,,,,,0.80,,,0.60,0.50,,,,1.10,,,0.90,,0.40,0.50,0.50,0.70,0.60,,0.40,,0.6,1.0,,0.80,,,0.50,0.60,0.7,,0.80,,0.50,0.10,
25-09-2011,24,,,,,,0.80,,,0.60,0.50,,,,1.10,,,0.90,,0.50,0.40,0.60,0.80,0.30,,0.40,,0.7,0.6,,0.90,,,0.70,0.60,0.5,,0.90,,0.70,0.20,
26-09-2011,1,,,,,,0.60,,,0.60,0.60,,,,0.90,,,0.90,,0.50,0.20,0.60,0.60,0.30,,0.30,,0.7,0.5,,0.90,,,0.40,0.70,0.4,,1.00,,0.60,0.20,
26-09-2011,2,,,,,,0.50,,,0.50,0.40,,,,0.80,,,0.80,,0.40,0.50,,0.50,0.20,,0.20,,1.0,0.9,,0.70,,,0.10,0.40,0.3,,0.80,,0.50,0.60,
26-09-2011,3,,,,,,0.40,,,0.40,0.40,,,,0.80,,,0.90,,0.40,0.70,,0.50,0.20,,0.20,,0.5,0.8,,0.60,,,0.10,0.30,0.3,,0.60,,0.40,0.50,
26-09-2011,4,,,,,,0.40,,,0.50,0.50,,,,0.80,,,0.90,,0.60,0.90,,0.50,0.30,,0.40,,0.8,0.6,,0.70,,,0.20,0.30,0.2,,0.70,,0.40,2.60,
26-09-2011,5,,,,,,1.00,,,0.50,0.80,,,,1.00,,,1.40,,1.00,1.10,0.80,0.70,0.30,,0.80,,0.7,0.8,,1.20,,,0.40,0.60,0.2,,1.00,,0.70,1.80,
26-09-2011,6,,,,,,2.10,,,0.90,2.10,,,,2.00,,,2.00,,1.50,1.60,1.30,1.00,0.50,,1.50,,2.1,1.3,,1.90,,,1.20,0.90,0.4,,1.50,,1.00,3.50,
26-09-2011,7,,,,,,2.50,,,1.60,3.70,,,,4.50,,,3.70,,2.10,2.50,2.60,1.90,1.00,,1.20,,3.7,3.0,,1.40,,,2.40,2.50,0.2,,3.00,,1.90,3.30,
26-09-2011,8,,,,,,3.90,,,1.10,2.80,,,,4.30,,,3.30,,2.40,2.60,3.10,2.80,1.20,,1.30,,3.2,3.6,,2.00,,,2.70,2.80,0.5,,2.50,,1.40,3.40,
26-09-2011,9,,,,,,3.60,,,0.50,1.30,,,,3.10,,,2.50,,1.90,2.40,2.50,2.40,1.40,,0.90,,2.2,1.7,,1.50,,,2.00,3.10,1.3,,1.10,,1.60,2.70,
26-09-2011,10,,,,,,2.50,,,0.70,0.90,,,,2.60,,,2.30,,1.50,2.30,2.30,1.60,1.30,,0.80,,1.7,1.2,,1.00,,,1.70,1.90,1.2,,1.10,,1.50,2.00,
26-09-2011,11,,,,,,2.00,,,0.50,0.70,,,,1.40,,,1.80,,0.90,1.70,1.40,1.10,0.70,,0.50,,1.0,1.0,,0.60,,,1.10,0.80,0.5,,1.30,,0.70,1.20,
26-09-2011,12,,,,,,1.20,,,0.30,0.50,,,,1.10,,,0.90,,0.40,1.10,0.50,0.40,0.70,,0.30,,0.5,0.8,,0.80,,,0.50,0.30,0.4,,0.60,,0.30,0.40,
26-09-2011,13,,,,,,0.60,,,0.20,0.40,,,,0.70,,,1.00,,0.30,0.80,0.50,0.50,0.70,,0.10,,0.4,0.6,,0.50,,,0.60,0.20,0.7,,0.50,,0.20,0.30,
26-09-2011,14,,,,,,0.50,,,0.20,0.40,,,,0.60,,,1.00,,0.40,0.60,0.50,0.60,0.60,,0.10,,0.3,0.9,,0.50,,,0.30,0.10,0.9,,0.60,,0.10,0.10,
26-09-2011,15,,,,,,0.50,,,0.20,0.30,,,,0.60,,,0.80,,0.40,0.70,0.30,0.40,0.40,,0.10,,0.3,0.6,,0.50,,,0.40,0.10,0.8,,0.40,,0.10,0.10,
26-09-2011,16,,,,,,0.60,,,0.20,0.40,,,,0.60,,,0.80,,0.40,0.50,0.60,0.50,0.40,,0.10,,0.3,0.6,,0.60,,,0.30,0.10,0.7,,0.50,,0.20,0.20,
26-09-2011,17,,,,,,0.60,,,0.20,0.30,,,,0.50,,,0.70,,0.40,0.60,0.50,0.50,0.30,,,,0.3,0.7,,0.60,,,0.40,0.10,0.6,,0.50,,0.20,0.20,
26-09-2011,18,,,,,,0.70,,,0.20,0.60,,,,0.70,,,0.80,,0.50,0.60,0.60,0.70,0.40,,0.20,,0.3,0.6,,0.90,,,0.50,0.20,0.7,,0.60,,0.20,0.20,
26-09-2011,19,,,,,,0.80,,,0.30,0.60,,,,0.80,,,0.80,,0.70,0.40,0.80,0.80,0.50,,0.30,,0.4,1.0,,0.60,,,0.70,0.30,0.7,,0.80,,0.30,0.10,
26-09-2011,20,,,,,,0.90,,,0.50,0.60,,,,0.90,,,1.00,,0.40,0.40,0.60,0.80,1.00,,0.70,,0.5,1.2,,0.90,,,0.70,0.40,0.8,,0.80,,0.40,0.30,
26-09-2011,21,,,,,,0.70,,,0.30,0.40,,,,0.90,,,1.00,,0.30,0.20,0.30,0.70,0.50,,1.00,,0.5,0.7,,1.10,,,0.80,0.30,0.6,,0.60,,0.40,0.40,
26-09-2011,22,,,,,,0.70,,,0.50,0.50,,,,0.60,,,0.90,,0.30,0.20,0.40,0.80,0.30,,0.40,,0.6,0.8,,1.10,,,0.50,0.30,0.7,,0.80,,0.50,0.40,
26-09-2011,23,,,,,,0.70,,,0.60,0.40,,,,0.60,,,0.70,,0.30,0.30,0.40,0.60,0.50,,0.30,,0.5,1.0,,0.90,,,0.40,0.40,0.6,,0.80,,0.60,0.20,
26-09-2011,24,,,,,,0.70,,,0.40,0.40,,,,0.60,,,0.80,,0.50,0.20,0.50,0.60,0.50,,0.40,,0.5,1.2,,0.70,,,0.70,0.50,0.5,,0.70,,0.60,0.00,
27-09-2011,1,,,,,,0.60,,,0.30,0.50,,,,0.60,,,0.80,,0.30,0.20,0.60,0.60,0.30,,0.20,,0.5,0.5,,0.50,,,0.40,0.50,0.5,,0.80,,0.30,0.00,
27-09-2011,2,,,,,,0.50,,,0.30,0.40,,,,0.40,,,0.70,,0.40,0.20,0.40,0.40,0.30,,0.20,,0.5,0.4,,0.50,,,0.10,0.30,0.4,,0.70,,0.30,0.00,
27-09-2011,3,,,,,,0.40,,,0.40,0.30,,,,0.40,,,0.50,,0.40,0.30,0.30,0.40,0.20,,0.20,,0.5,0.5,,0.50,,,0.30,0.30,0.3,,0.50,,0.30,0.40,
27-09-2011,4,,,,,,0.50,,,0.50,0.50,,,,0.60,,,0.60,,0.40,0.40,0.30,0.40,0.20,,0.20,,0.9,0.6,,0.50,,,0.20,0.40,0.3,,0.60,,0.20,0.80,
27-09-2011,5,,,,,,0.60,,,0.60,0.70,,,,0.80,,,0.70,,0.80,1.10,0.60,0.50,0.10,,0.70,,1.3,0.7,,0.60,,,0.40,0.60,0.4,,0.70,,0.60,1.20,
27-09-2011,6,,,,,,1.00,,,0.80,1.40,,,,2.10,,,1.40,,1.10,1.60,0.80,0.80,0.60,,0.90,,1.3,1.1,,0.90,,,1.00,1.20,0.5,,1.30,,0.90,1.40,
27-09-2011,7,,,,,,2.00,,,0.90,2.50,,,,4.60,,,3.50,,1.90,1.80,1.50,0.90,0.80,,1.60,,2.2,1.5,,1.10,,,2.10,1.80,0.5,,2.10,,1.80,2.20,
27-09-2011,8,,,,,,2.50,,,1.40,2.40,,,,3.90,,,3.80,,2.70,3.10,2.70,1.40,1.30,,2.00,,2.3,2.3,,1.80,,,1.80,2.90,0.7,,2.90,,1.60,3.30,
27-09-2011,9,,,,,,2.10,,,0.90,1.40,,,,2.10,,,3.30,,2.10,2.60,2.10,1.20,1.20,,2.20,,2.5,2.5,,2.10,,,2.20,1.60,1.4,,2.70,,1.60,3.80,
27-09-2011,10,,,,,,1.10,,,,1.00,,,,1.10,,,2.10,,1.30,1.50,1.20,1.30,0.90,,1.20,,2.2,2.3,,1.20,,,,0.80,1.4,,2.20,,1.40,3.00,
27-09-2011,11,,,,,,1.00,,,,0.70,,,,1.10,,,1.20,,0.60,1.00,0.80,0.70,0.70,,0.60,,0.7,1.3,,1.00,,,,0.50,0.6,,0.80,,0.60,,
27-09-2011,12,,,,,,1.00,,,,0.50,,,,0.90,,,0.90,,0.30,0.70,0.30,0.50,0.60,,0.40,,0.4,0.8,,0.60,,,,0.30,0.8,,0.40,,0.20,,
27-09-2011,13,,,,,,0.60,,,,0.40,,,,0.80,,,0.90,,0.30,0.60,0.30,0.50,0.60,,0.20,,0.3,0.6,,0.40,,,0.50,0.10,0.8,,0.40,,0.20,,
27-09-2011,14,,,,,,0.50,,,,0.40,,,,0.60,,,0.90,,0.30,0.40,0.20,0.50,0.60,,0.10,,0.3,0.7,,0.40,,,0.40,0.10,0.7,,0.50,,0.10,,
27-09-2011,15,,,,,,0.60,,,,0.30,,,,0.50,,,0.90,,0.30,0.50,0.40,0.40,0.40,,0.10,,0.3,0.7,,0.40,,,0.30,0.10,0.7,,0.50,,0.20,,
27-09-2011,16,,,,,,0.60,,,,0.40,,,,0.50,,,0.80,,0.30,,0.30,0.40,0.40,,0.10,,0.3,0.6,,0.40,,,0.50,0.10,0.6,,0.40,,0.20,,
27-09-2011,17,,,,,,0.60,,,,0.50,,,,0.60,,,0.90,,0.30,0.70,0.40,0.50,0.40,,0.10,,0.3,0.6,,0.40,,,0.30,0.10,0.6,,0.40,,0.20,0.10,
27-09-2011,18,,,,,,0.70,,,,0.60,,,,0.70,,,0.90,,0.40,0.90,0.70,0.60,0.40,,0.20,,0.3,0.7,,0.40,,,0.40,0.20,0.8,,0.50,,0.30,0.10,
27-09-2011,19,,,,,,0.80,,,0.20,0.70,,,,0.70,,,0.90,,0.50,0.40,0.60,0.80,0.70,,0.20,,0.4,1.0,,0.50,,,0.50,0.20,0.8,,0.90,,0.40,0.10,
27-09-2011,20,,,,,,0.80,,,0.20,0.60,,,,1.20,,,1.10,,0.40,0.40,0.40,0.80,1.10,,0.40,,0.5,1.0,,1.00,,,0.40,0.40,0.9,,0.90,,0.60,0.40,
27-09-2011,21,,,,,,0.80,,,0.30,0.70,,,,1.10,,,1.30,,0.30,0.30,0.60,0.80,0.80,,0.60,,0.7,1.1,,0.80,,,0.70,0.60,0.7,,1.00,,0.60,0.60,
27-09-2011,22,,,,,,0.80,,,0.40,0.60,,,,0.90,,,1.00,,0.30,0.50,0.60,0.70,1.20,,0.40,,0.6,1.1,,0.70,,,0.60,0.50,0.9,,0.80,,0.70,0.40,
27-09-2011,23,,,,,,0.80,,,0.70,0.50,,,,1.00,,,0.80,,0.50,0.60,0.50,0.60,0.80,,0.40,,0.5,,,0.80,,,0.50,0.50,0.8,,0.90,,0.60,0.10,
27-09-2011,24,,,,,,0.60,,,0.40,0.40,,,,0.70,,,0.80,,0.40,0.40,0.60,0.70,0.60,,0.40,,0.6,0.9,,0.80,,,0.30,0.40,0.7,,0.90,,0.50,0.40,
28-09-2011,1,,,,,,0.50,,,0.40,0.40,,,,0.60,,,0.70,,0.20,0.30,0.40,0.50,0.70,,0.30,,0.5,1.3,,0.80,,,0.20,0.40,0.6,,0.80,,0.70,0.40,
28-09-2011,2,,,,,,0.50,,,0.20,0.40,,,,0.50,,,0.70,,0.50,0.60,0.40,0.40,,,0.30,,0.6,1.2,,0.60,,,0.10,0.30,0.5,,0.70,,0.80,0.60,
28-09-2011,3,,,,,,0.70,,,0.20,0.40,,,,0.50,,,0.70,,0.50,0.70,0.40,0.40,0.10,,0.20,,0.6,1.0,,0.50,,,0.30,0.30,0.4,,0.70,,0.70,0.50,
28-09-2011,4,,,,,,0.70,,,0.20,0.60,,,,0.60,,,0.80,,0.50,0.70,0.60,0.50,0.20,,0.30,,0.6,0.9,,0.50,,,0.20,0.40,0.4,,0.80,,0.60,0.70,
28-09-2011,5,,,,,,0.80,,,0.30,0.90,,,,1.00,,,1.00,,0.80,0.90,0.60,0.70,0.40,,0.70,,0.9,1.2,,0.90,,,0.50,0.60,0.5,,1.00,,0.70,1.40,
28-09-2011,6,,,,,,1.80,,,0.80,1.30,,,,2.10,,,1.50,,1.30,1.90,1.30,1.10,0.60,,1.30,,1.4,1.4,,1.20,,,1.30,1.10,0.6,,1.20,,1.20,2.40,
28-09-2011,7,,,,,,2.70,,,1.60,2.60,,,,4.40,,,2.60,,2.40,3.00,2.50,1.80,1.10,,2.10,,3.4,2.7,,2.50,,,1.80,2.00,0.7,,2.10,,1.80,3.00,
28-09-2011,8,,,,,,2.80,,,,,,,,3.70,,,3.80,,2.20,3.80,3.00,1.80,1.10,,,,3.2,3.4,,2.20,,,2.70,2.00,0.9,,2.90,,1.90,3.30,
28-09-2011,9,,,,,,2.80,,,1.30,1.70,,,,2.40,,,3.20,,1.90,,2.70,2.70,1.30,,,,1.4,1.8,,1.80,,,1.90,2.40,1.4,,2.10,,1.70,3.00,
28-09-2011,10,,,,,,3.00,,,0.70,0.90,,,,2.80,,,2.20,,1.30,,2.00,1.30,1.00,,1.10,,1.5,1.3,,1.00,,,1.50,1.50,1.4,,1.70,,,1.90,
28-09-2011,11,,,,,,2.10,,,0.40,0.70,,,,2.00,,,1.90,,0.70,,1.20,1.10,0.50,,1.00,,1.1,1.0,,0.50,,,1.80,0.60,0.8,,1.50,,,1.30,
28-09-2011,12,,,,,,1.40,,,0.30,0.50,,,,1.20,,,1.50,,0.40,,0.90,0.70,0.70,,,,0.8,1.1,,0.50,,,0.90,0.40,0.7,,1.00,,,1.40,
28-09-2011,13,,,,,,0.70,,,0.30,,,,,0.90,,,1.30,,0.40,1.30,0.90,0.50,1.00,,0.20,,1.0,1.3,,0.60,,,0.70,0.30,1.1,,0.60,,,1.00,
28-09-2011,14,,,,,,0.70,,,0.20,0.60,,,,0.70,,,1.20,,0.40,0.90,0.80,0.80,0.70,,0.20,,0.9,1.2,,0.70,,,0.50,0.20,1.2,,0.70,,0.30,0.30,
28-09-2011,15,,,,,,0.60,,,0.20,0.40,,,,0.70,,,1.00,,0.30,0.70,0.60,0.60,0.40,,0.10,,0.4,0.9,,0.50,,,0.30,0.10,0.9,,0.70,,0.30,0.20,
28-09-2011,16,,,,,,0.60,,,0.20,0.40,,,,0.60,,,0.80,,0.30,0.50,0.50,0.50,0.30,,0.10,,0.4,0.7,,0.50,,,0.30,0.10,0.7,,0.40,,0.20,0.30,
28-09-2011,17,,,,,,0.60,,,0.20,0.60,,,,0.50,,,0.70,,0.40,0.40,0.40,0.50,0.20,,0.10,,0.3,0.5,,0.50,,,0.40,0.10,0.5,,0.40,,0.30,0.20,
28-09-2011,18,,,,,,0.70,,,0.20,0.50,,,,0.60,,,0.70,,0.50,0.80,0.60,0.60,0.20,,,,0.3,0.6,,0.50,,,0.40,0.10,0.6,,0.50,,0.30,0.00,
28-09-2011,19,,,,,,0.70,,,0.20,0.40,,,,0.70,,,0.90,,0.40,0.60,0.80,0.90,0.50,,0.20,,0.4,1.2,,0.50,,,0.40,0.30,0.7,,0.70,,0.40,0.20,
28-09-2011,20,,,,,,0.80,,,0.50,0.50,,,,0.90,,,,,0.50,0.20,0.30,0.90,,,0.40,,0.6,0.9,,0.70,,,0.40,0.40,0.8,,0.60,,0.50,0.40,
28-09-2011,21,,,,,,0.80,,,0.40,0.30,,,,0.70,,,1.10,,0.30,0.30,0.50,0.90,0.40,,0.40,,0.5,0.8,,0.90,,,0.50,0.60,0.9,,0.80,,0.60,0.40,
28-09-2011,22,,,,,,0.70,,,0.40,0.30,,,,0.60,,,1.10,,0.20,0.40,0.30,0.70,0.70,,0.30,,0.5,1.0,,0.70,,,0.60,0.40,0.9,,0.80,,0.50,0.40,
28-09-2011,23,,,,,,0.70,,,0.30,0.30,,,,0.60,,,0.90,,0.50,0.50,0.50,0.50,0.60,,0.30,,0.5,1.3,,0.70,,,0.40,0.30,0.8,,0.80,,0.50,0.30,
28-09-2011,24,,,,,,0.60,,,0.30,0.20,,,,0.50,,,0.80,,0.30,0.30,0.50,0.50,0.60,,0.20,,0.5,0.6,,0.70,,,0.40,0.30,0.7,,0.80,,0.40,0.30,
29-09-2011,1,,,,,,0.50,,,0.40,0.30,,,,0.40,,,0.70,,0.30,0.20,0.30,0.50,0.30,,0.10,,0.5,0.6,,0.70,,,0.20,0.30,0.6,,0.70,,0.40,0.30,
29-09-2011,2,,,,,,0.50,,,0.40,0.20,,,,0.50,,,0.50,,0.30,0.20,0.20,0.40,0.40,,0.10,,0.4,0.6,,0.50,,,0.30,0.40,0.6,,0.60,,0.60,0.50,
29-09-2011,3,,,,,,0.50,,,0.40,0.30,,,,0.50,,,0.50,,0.30,0.50,0.30,0.30,0.40,,0.10,,0.6,0.7,,0.50,,,0.30,0.30,0.5,,0.50,,0.70,,
29-09-2011,4,,,,,,0.60,,,0.40,0.30,,,,0.50,,,0.70,,0.40,0.60,0.60,0.40,0.30,,0.20,,0.6,0.9,,0.50,,,0.10,0.30,0.5,,0.60,,0.50,0.40,
29-09-2011,5,,,,,,0.90,,,0.70,0.80,,,,0.70,,,1.10,,0.60,0.70,0.60,0.60,0.30,,0.50,,0.7,1.0,,0.60,,,0.30,0.50,0.5,,0.80,,0.80,1.40,
29-09-2011,6,,,,,,1.30,,,0.80,1.30,,,,1.70,,,1.80,,0.70,1.20,1.20,0.90,0.80,,1.20,,1.5,1.2,,0.60,,,1.20,1.00,0.5,,1.10,,1.00,1.80,
29-09-2011,7,,,,,,2.20,,,1.10,2.80,,,,4.00,,,2.50,,1.60,2.60,2.40,1.20,1.20,,1.50,,2.0,2.4,,1.20,,,1.80,1.30,0.5,,1.60,,1.70,2.40,
29-09-2011,8,,,,,,2.10,,,1.40,2.80,,,,2.60,,,3.30,,0.90,3.10,3.10,1.30,1.00,,,,2.8,3.7,,1.40,,,2.30,1.90,0.7,,1.90,,1.20,3.20,
29-09-2011,9,,,,,,1.50,,,0.70,1.90,,,,0.90,,,2.80,,0.60,2.70,2.90,1.00,0.80,,1.10,,2.5,2.8,,1.30,,,1.70,1.40,1.0,,2.00,,0.60,2.70,
29-09-2011,10,,,,,,1.00,,,0.40,1.50,,,,1.00,,,2.10,,0.50,1.80,1.60,1.00,0.60,,0.80,,2.3,1.4,,0.70,,,1.40,0.60,0.9,,1.40,,0.40,2.00,
29-09-2011,11,,,,,,0.80,,,0.30,0.70,,,,1.00,,,1.70,,0.30,2.10,1.10,1.20,0.70,,0.50,,1.7,1.6,,0.60,,,1.00,0.40,0.9,,2.00,,0.40,1.70,
29-09-2011,12,,,,,,0.70,,,0.20,0.50,,,,,,,1.20,,0.30,,1.00,1.10,0.50,,0.20,,1.4,1.1,,1.00,,,0.60,0.40,0.8,,1.70,,0.40,1.10,
29-09-2011,13,,,,,,0.90,,,0.20,0.60,,,,,,,1.30,,0.30,,0.90,0.60,0.40,,0.10,,0.6,0.9,,1.20,,,0.50,0.20,0.6,,0.90,,0.40,0.30,
29-09-2011,14,,,,,,0.70,,,0.20,0.50,,,,,,,1.10,,0.30,,0.30,0.50,0.60,,0.10,,0.4,0.9,,0.70,,,0.50,0.00,0.8,,0.40,,0.30,0.20,
29-09-2011,15,,,,,,0.60,,,0.10,0.40,,,,,,,0.80,,0.30,,0.40,0.50,0.40,,0.10,,0.3,0.9,,0.40,,,0.40,0.00,0.7,,0.40,,0.20,0.20,
29-09-2011,16,,,,,,0.50,,,0.10,0.30,,,,0.40,,,0.60,,0.30,,0.40,0.50,0.20,,0.10,,0.3,0.6,,0.40,,,0.30,0.00,0.5,,0.40,,0.20,0.10,
29-09-2011,17,,,,,,0.50,,,0.10,0.60,,,,0.40,,,0.70,,0.30,0.80,0.50,0.50,0.20,,0.10,,0.3,0.5,,0.40,,,0.30,0.00,0.3,,0.40,,0.30,0.10,
29-09-2011,18,,,,,,0.60,,,0.10,0.70,,,,0.50,,,0.70,,0.40,0.70,0.50,0.60,0.20,,0.10,,0.3,0.7,,0.60,,,0.40,0.10,0.4,,0.50,,0.40,0.00,
29-09-2011,19,,,,,,0.70,,,0.20,0.70,,,,0.70,,,0.80,,0.50,0.40,0.70,0.70,0.40,,0.30,,0.4,0.8,,0.60,,,0.40,0.10,0.6,,0.60,,0.40,0.10,
29-09-2011,20,,,,,,0.70,,,0.20,0.60,,,,0.80,,,0.90,,0.30,0.50,0.50,0.70,0.40,,0.30,,0.4,0.9,,0.70,,,0.40,0.30,0.7,,0.50,,0.50,0.30,
29-09-2011,21,,,,,,0.60,,,0.20,0.60,,,,0.80,,,0.90,,0.10,0.30,0.30,0.60,0.40,,0.20,,0.4,0.6,,0.90,,,0.60,0.30,0.7,,0.60,,0.60,0.30,
29-09-2011,22,,,,,,0.60,,,0.20,0.60,,,,0.60,,,0.70,,0.10,0.40,0.30,0.60,0.30,,0.20,,0.4,0.7,,0.70,,,0.40,0.30,0.8,,0.50,,0.50,0.30,
29-09-2011,23,,,,,,0.50,,,0.20,0.70,,,,0.40,,,0.60,,0.20,0.40,0.20,0.50,0.30,,0.20,,0.4,1.0,,0.40,,,0.30,0.20,0.8,,0.50,,0.40,0.10,
29-09-2011,24,,,,,,0.40,,,0.20,0.70,,,,0.50,,,0.50,,0.20,0.30,0.20,0.40,0.10,,0.10,,0.4,0.9,,0.40,,,0.10,0.20,0.8,,0.50,,0.30,0.00,
30-09-2011,1,,,,,,0.40,,,0.20,0.70,,,,0.30,,,0.40,,0.20,0.20,0.10,0.40,0.10,,0.10,,0.3,0.7,,0.40,,,0.10,0.20,0.6,,0.40,,0.40,0.00,
30-09-2011,2,,,,,,0.40,,,0.30,0.50,,,,0.30,,,0.40,,0.20,0.30,0.10,0.40,0.20,,0.00,,0.2,0.9,,0.30,,,0.20,0.10,0.6,,0.30,,0.30,0.00,
30-09-2011,3,,,,,,0.40,,,0.40,0.60,,,,0.40,,,0.50,,0.30,0.30,0.20,0.40,0.10,,0.10,,0.3,0.9,,0.30,,,0.10,0.20,0.6,,0.40,,0.40,0.10,
30-09-2011,4,,,,,,0.40,,,0.40,0.50,,,,0.40,,,0.60,,0.40,0.30,0.20,0.40,0.30,,0.10,,0.4,0.9,,0.40,,,0.20,0.20,0.6,,0.40,,0.40,0.40,
30-09-2011,5,,,,,,0.60,,,0.40,0.90,,,,0.50,,,0.70,,0.60,0.50,0.50,0.60,0.10,,0.40,,1.1,1.1,,0.60,,,0.40,0.20,0.6,,0.80,,0.50,1.30,
30-09-2011,6,,,,,,1.20,,,1.00,1.80,,,,1.90,,,1.20,,1.30,1.50,0.60,0.80,0.50,,0.80,,0.9,0.8,,0.40,,,1.10,0.60,0.8,,1.10,,0.80,1.60,
30-09-2011,7,,,,,,1.70,,,1.70,2.30,,,,2.90,,,1.80,,1.00,2.90,1.20,1.00,0.80,,1.20,,1.4,1.1,,0.90,,,1.50,1.00,0.8,,1.40,,1.00,2.20,
30-09-2011,8,,,,,,1.30,,,1.70,2.00,,,,1.40,,,2.70,,0.60,1.60,2.30,,0.90,,0.80,,1.7,1.9,,2.00,,,1.50,0.70,1.3,,1.70,,0.70,0.80,
30-09-2011,9,,,,,,1.00,,,0.90,1.20,,,,0.80,,,1.90,,0.40,0.80,1.50,1.00,0.60,,,,1.0,1.9,,0.90,,,0.90,0.60,1.3,,1.60,,0.60,0.20,
30-09-2011,10,,,,,,0.70,,,0.30,0.50,,,,0.80,,,1.00,,0.40,0.70,0.90,0.70,0.30,,,,0.4,1.5,,0.90,,,0.60,0.60,,,1.30,,0.40,0.20,
30-09-2011,11,,,,,,0.70,,,0.20,,,,,0.70,,,0.80,,0.20,0.40,0.80,0.60,0.30,,,,0.3,0.8,,0.90,,,0.60,0.30,,,0.60,,0.30,0.20,
30-09-2011,12,,,,,,0.60,,,0.10,0.20,,,,0.70,,,0.70,,0.20,0.50,0.50,0.60,0.30,,,,0.3,0.9,,0.50,,,0.50,0.20,,,0.50,,0.30,0.10,
30-09-2011,13,,,,,,0.50,,,0.10,0.40,,,,0.60,,,0.60,,0.30,0.50,0.50,0.50,0.20,,,,0.3,0.7,,0.40,,,0.40,0.20,0.5,,0.50,,0.30,0.10,
30-09-2011,14,,,,,,0.50,,,0.10,0.30,,,,0.60,,,,,0.30,0.70,0.50,0.50,0.20,,0.20,,0.3,0.6,,0.40,,,0.40,0.20,0.4,,0.50,,0.30,0.20,
30-09-2011,15,,,,,,0.60,,,0.10,,,,,0.70,,,0.70,,0.30,0.40,0.50,0.60,0.20,,0.20,,0.3,0.7,,0.40,,,0.40,0.20,0.4,,0.50,,0.30,0.10,
30-09-2011,16,,,,,,0.60,,,0.10,0.20,,,,0.50,,,0.70,,0.20,0.50,0.50,0.60,0.30,,0.10,,0.3,0.6,,0.40,,,0.40,0.10,0.4,,0.50,,0.30,0.10,
30-09-2011,17,,,,,,0.70,,,0.10,0.30,,,,0.60,,,0.80,,0.30,0.50,0.40,0.60,0.20,,0.20,,0.3,0.7,,0.40,,,0.50,0.20,0.5,,0.60,,0.30,0.10,
30-09-2011,18,,,,,,0.60,,,0.10,0.30,,,,0.60,,,0.70,,0.30,0.40,0.70,0.70,0.30,,0.20,,0.3,1.2,,0.50,,,0.50,0.20,0.5,,0.50,,0.30,0.00,
30-09-2011,19,,,,,,0.70,,,0.10,0.40,,,,0.70,,,1.00,,0.10,0.40,0.50,0.50,,,0.30,,0.4,1.0,,0.40,,,0.50,0.20,0.5,,0.50,,0.40,0.20,
30-09-2011,20,,,,,,0.60,,,0.20,0.30,,,,0.60,,,1.00,,0.20,0.40,0.40,0.60,,,0.30,,0.4,0.7,,0.40,,,0.40,0.20,0.7,,0.50,,0.40,0.10,
30-09-2011,21,,,,,,0.60,,,0.20,0.40,,,,0.50,,,0.80,,0.20,0.60,0.40,0.50,0.30,,0.20,,0.4,1.2,,0.40,,,0.30,0.20,0.5,,0.50,,0.40,0.20,
30-09-2011,22,,,,,,0.50,,,0.20,,,,,0.50,,,0.80,,0.30,0.70,0.40,0.70,0.30,,0.40,,0.4,1.2,,0.40,,,0.30,0.20,0.6,,0.70,,0.30,0.10,
30-09-2011,23,,,,,,0.50,,,0.10,,,,,0.30,,,0.60,,0.10,0.50,0.30,0.60,0.20,,0.10,,0.4,1.1,,0.50,,,0.20,0.20,0.5,,0.60,,0.30,0.00,
30-09-2011,24,,,,,,0.10,,,0.10,,,,,0.10,,,0.50,,0.30,0.40,0.20,0.20,0.10,,0.30,,0.3,0.6,,0.30,,,0.10,0.10,0.4,,0.30,,0.10,0.10,
